PUF,Temperature,Vdd,Bias,Std,Reliability
ArbiterPUF,0,0.5,0.05886,0.9982662472507021,0.93291
ArbiterPUF,0,0.51,0.06056,0.9981645587777599,0.93376
ArbiterPUF,0,0.52,0.06216,0.9980661974037596,0.93456
ArbiterPUF,0,0.53,0.0636,0.9979754706404361,0.93528
ArbiterPUF,0,0.54,0.0648,0.9978982713683793,0.93588
ArbiterPUF,0,0.55,0.06624,0.9978037193757098,0.9366
ArbiterPUF,0,0.56,0.06758,0.9977138585787009,0.93727
ArbiterPUF,0,0.57,0.06914,0.9976069668962821,0.93805
ArbiterPUF,0,0.58,0.07082,0.9974891115195191,0.93889
ArbiterPUF,0,0.59,0.07226,0.9973858292556597,0.93961
ArbiterPUF,0,0.6,0.07398,0.9972597252471395,0.94047
ArbiterPUF,0,0.61,0.07538,0.9971548804473654,0.94117
ArbiterPUF,0,0.62,0.07676,0.9970495987662802,0.94186
ArbiterPUF,0,0.63,0.07842,0.9969204098622919,0.94269
ArbiterPUF,0,0.64,0.08,0.9967948635501689,0.94348
ArbiterPUF,0,0.65,0.08144,0.9966782461757656,0.9442
ArbiterPUF,0,0.66,0.08294,0.9965545426116926,0.94495
ArbiterPUF,0,0.67,0.08458,0.9964166917509965,0.94577
ArbiterPUF,0,0.68,0.08592,0.9963020393434915,0.94644
ArbiterPUF,0,0.69,0.08754,0.9961610052596921,0.94725
ArbiterPUF,0,0.7,0.08948,0.9959886192120874,0.94822
ArbiterPUF,0,0.71,0.0907,0.9958782606322925,0.94883
ArbiterPUF,0,0.72,0.09232,0.9957293897440209,0.94964
ArbiterPUF,0,0.73,0.09386,0.9955854058793749,0.95041
ArbiterPUF,0,0.74,0.09532,0.9954466824496429,0.95114
ArbiterPUF,0,0.75,0.09686,0.9952980158726331,0.95191
ArbiterPUF,0,0.76,0.09856,0.9951311101558425,0.95276
ArbiterPUF,0,0.77,0.10012,0.9949753693433823,0.95354
ArbiterPUF,0,0.78,0.1017,0.9948151134758658,0.95433
ArbiterPUF,0,0.79,0.1034,0.9946398544196788,0.95518
ArbiterPUF,0,0.8,0.1046,0.9945143739534388,0.95578
ArbiterPUF,0,0.81,0.10646,0.9943169858752288,0.95671
ArbiterPUF,0,0.82,0.10826,0.9941226143690727,0.95761
ArbiterPUF,0,0.83,0.11024,0.9939049966671866,0.9586
ArbiterPUF,0,0.84,0.11194,0.9937149673824982,0.95945
ArbiterPUF,0,0.85,0.11338,0.9935516974974176,0.96017
ArbiterPUF,0,0.86,0.11484,0.9933840014818038,0.9609
ArbiterPUF,0,0.87,0.11618,0.9932281749930376,0.96157
ArbiterPUF,0,0.88,0.1179,0.9930254729864689,0.96243
ArbiterPUF,0,0.89,0.11952,0.9928317932056769,0.96324
ArbiterPUF,0,0.9,0.12138,0.9926061130176463,0.96417
ArbiterPUF,0,0.91,0.123,0.9924066706748802,0.96498
ArbiterPUF,0,0.92,0.12474,0.9921894639634108,0.96585
ArbiterPUF,0,0.93,0.1262,0.9920048185366844,0.96658
ArbiterPUF,0,0.94,0.12814,0.9917560891670896,0.96755
ArbiterPUF,0,0.95,0.12962,0.9915637425803747,0.96829
ArbiterPUF,0,0.96,0.1312,0.9913559199399578,0.96908
ArbiterPUF,0,0.97,0.13308,0.9911052989465853,0.97002
ArbiterPUF,0,0.98,0.13452,0.9909108787373363,0.97074
ArbiterPUF,0,0.99,0.1361,0.9906951044594899,0.97153
ArbiterPUF,0,1.0,0.13784,0.990454509000792,0.9724
ArbiterPUF,0,1.01,0.1394,0.9902361536522487,0.97318
ArbiterPUF,0,1.02,0.14084,0.9900323703798781,0.9739
ArbiterPUF,0,1.03,0.1427,0.9897659874940135,0.97483
ArbiterPUF,0,1.04,0.14432,0.9895310695475912,0.97564
ArbiterPUF,0,1.05,0.14584,0.9893081897972946,0.9764
ArbiterPUF,0,1.06,0.14728,0.9890948395376452,0.97712
ArbiterPUF,0,1.07,0.14906,0.9888281531186296,0.97801
ArbiterPUF,0,1.08,0.15064,0.988588686158202,0.9788
ArbiterPUF,0,1.09,0.15242,0.9883158116715527,0.97969
ArbiterPUF,0,1.1,0.15392,0.9880833130865028,0.98046
ArbiterPUF,0,1.11,0.15536,0.9878579201484393,0.98118
ArbiterPUF,0,1.12,0.15704,0.9875922429829024,0.98202
ArbiterPUF,0,1.13,0.15874,0.987320420329692,0.98287
ArbiterPUF,0,1.14,0.16022,0.9870813297798718,0.98361
ArbiterPUF,0,1.15,0.16178,0.9868268498576637,0.98439
ArbiterPUF,0,1.16,0.16322,0.9865896976960584,0.98511
ArbiterPUF,0,1.17,0.16478,0.9863303460808654,0.98589
ArbiterPUF,0,1.18,0.1662,0.9860920646673921,0.9866
ArbiterPUF,0,1.19,0.16804,0.985780177524381,0.98752
ArbiterPUF,0,1.2,0.16938,0.9855508183751868,0.98819
ArbiterPUF,0,1.21,0.17086,0.9852953163392182,0.98893
ArbiterPUF,0,1.22,0.1722,0.985062008200499,0.9896
ArbiterPUF,0,1.23,0.17378,0.9847845000811092,0.99039
ArbiterPUF,0,1.24,0.17494,0.9845790960608497,0.99097
ArbiterPUF,0,1.25,0.17618,0.9843579672050203,0.99159
ArbiterPUF,0,1.26,0.1777,0.9840847067199042,0.99235
ArbiterPUF,0,1.27,0.17974,0.9837141517737761,0.99337
ArbiterPUF,0,1.28,0.18114,0.983457320070373,0.99407
ArbiterPUF,0,1.29,0.18288,0.9831352427819887,0.99494
ArbiterPUF,0,1.3,0.18472,0.9827911892156951,0.99586
ArbiterPUF,0,1.31,0.18646,0.9824625531795094,0.99673
ArbiterPUF,0,1.32,0.1878,0.9822072897306353,0.9974
ArbiterPUF,0,1.33,0.18942,0.9818961572386358,0.99821
ArbiterPUF,0,1.34,0.19108,0.9815744666605788,0.99904
ArbiterPUF,0,1.35,0.193,0.9811987566237536,1.0
ArbiterPUF,0,1.36,0.19476,0.980850927715318,0.99912
ArbiterPUF,0,1.37,0.19644,0.9805158470927433,0.99828
ArbiterPUF,0,1.38,0.19828,0.9801454185986894,0.99736
ArbiterPUF,0,1.39,0.1998,0.9798367006802716,0.9966
ArbiterPUF,0,1.4,0.20134,0.97952141599865,0.99583
ArbiterPUF,0,1.41,0.20336,0.979104034513187,0.99482
ArbiterPUF,0,1.42,0.20502,0.978757783928179,0.99399
ArbiterPUF,0,1.43,0.20678,0.9783874649646733,0.99311
ArbiterPUF,0,1.44,0.20822,0.9780820168063616,0.99239
ArbiterPUF,0,1.45,0.2102,0.9776584066022244,0.9914
ArbiterPUF,0,1.46,0.21206,0.977256648173856,0.99047
ArbiterPUF,0,1.47,0.21388,0.9768599416497742,0.98956
ArbiterPUF,0,1.48,0.2156,0.9764817663428231,0.9887
ArbiterPUF,0,1.49,0.21744,0.9760736890214796,0.98778
ArbiterPUF,0,1.5,0.219,0.9757248587588614,0.987
ArbiterPUF,0,1.51,0.22064,0.9753553149493777,0.98618
ArbiterPUF,0,1.52,0.22224,0.9749919909414643,0.98538
ArbiterPUF,0,1.53,0.22414,0.9745569559548585,0.98443
ArbiterPUF,0,1.54,0.226,0.9741273017424366,0.9835
ArbiterPUF,0,1.55,0.2274,0.9738014376658107,0.9828
ArbiterPUF,0,1.56,0.22906,0.9734123054492375,0.98197
ArbiterPUF,0,1.57,0.23078,0.9730059566107496,0.98111
ArbiterPUF,0,1.58,0.2325,0.9725963962507779,0.98025
ArbiterPUF,0,1.59,0.23442,0.9721354142299314,0.97929
ArbiterPUF,0,1.6,0.23612,0.9717239039974266,0.97844
ArbiterPUF,0,1.61,0.23788,0.9712945514106418,0.97756
ArbiterPUF,0,1.62,0.24008,0.9707531064075974,0.97646
ArbiterPUF,0,1.63,0.24192,0.970296198900109,0.97554
ArbiterPUF,0,1.64,0.24326,0.9699611190145717,0.97487
ArbiterPUF,0,1.65,0.245,0.9695230786319632,0.97398
ArbiterPUF,0,1.66,0.24652,0.9691377041473518,0.97322
ArbiterPUF,0,1.67,0.24816,0.968719058551033,0.9724
ArbiterPUF,0,1.68,0.2499,0.9682716509327328,0.97153
ArbiterPUF,0,1.69,0.25144,0.9678728875219099,0.97076
ArbiterPUF,0,1.7,0.25294,0.9674819669637257,0.97001
ArbiterPUF,0,1.71,0.2546,0.9670464518315548,0.96918
ArbiterPUF,0,1.72,0.2562,0.9666237944515953,0.96838
ArbiterPUF,0,1.73,0.25784,0.966187628983108,0.96756
ArbiterPUF,0,1.74,0.25932,0.9657914565784893,0.96682
ArbiterPUF,0,1.75,0.2613,0.9652576391824101,0.96583
ArbiterPUF,0,1.76,0.26312,0.9647631137227417,0.96492
ArbiterPUF,0,1.77,0.2647,0.9643308094217461,0.96413
ArbiterPUF,0,1.78,0.2663,0.9638901960285724,0.96333
ArbiterPUF,0,1.79,0.268,0.9634189120003822,0.96248
ArbiterPUF,0,1.8,0.26974,0.9629331920751306,0.96161
ArbiterPUF,0,1.81,0.27132,0.9624891986926398,0.96082
ArbiterPUF,0,1.82,0.273,0.9620140331616792,0.95998
ArbiterPUF,0,1.83,0.27484,0.961489976234802,0.95906
ArbiterPUF,0,1.84,0.2765,0.961013917693183,0.95823
ArbiterPUF,0,1.85,0.27836,0.9604768140876697,0.9573
ArbiterPUF,0,1.86,0.2803,0.9599124491327322,0.95633
ArbiterPUF,0,1.87,0.28232,0.9593202893715946,0.95532
ArbiterPUF,0,1.88,0.2842,0.9587650181353093,0.95438
ArbiterPUF,0,1.89,0.28574,0.9583071806054675,0.95361
ArbiterPUF,0,1.9,0.2873,0.9578406495863496,0.95283
ArbiterPUF,0,1.91,0.28878,0.9573954833818676,0.95209
ArbiterPUF,0,1.92,0.29002,0.9570205847315928,0.95147
ArbiterPUF,0,1.93,0.2917,0.9565098588096205,0.95063
ArbiterPUF,0,1.94,0.29344,0.9559774926220806,0.94976
ArbiterPUF,0,1.95,0.2953,0.9554045792228547,0.94883
ArbiterPUF,0,1.96,0.29706,0.9548588149040673,0.94795
ArbiterPUF,0,1.97,0.2985,0.9544096342766034,0.94723
ArbiterPUF,0,1.98,0.30042,0.9538070159104515,0.94627
ArbiterPUF,0,1.99,0.30204,0.9532952524795243,0.94546
ArbiterPUF,0,2.0,0.30368,0.9527740852898972,0.94464
ArbiterPUF,0,2.01,0.3056,0.952159986556881,0.94368
ArbiterPUF,0,2.02,0.30738,0.951586851317314,0.94279
ArbiterPUF,0,2.03,0.30896,0.9510750330021286,0.942
ArbiterPUF,0,2.04,0.31016,0.9506843715976402,0.9414
ArbiterPUF,0,2.05,0.31164,0.9502002475268042,0.94066
ArbiterPUF,0,2.06,0.31306,0.949733350156769,0.93995
ArbiterPUF,0,2.07,0.31496,0.9491049459359067,0.939
ArbiterPUF,0,2.08,0.31704,0.9484121669400915,0.93796
ArbiterPUF,0,2.09,0.31876,0.9478354616704314,0.9371
ArbiterPUF,0,2.1,0.32052,0.9472417482353699,0.93622
ArbiterPUF,0,2.11,0.32284,0.9464535563882678,0.93506
ArbiterPUF,0,2.12,0.32466,0.9458307905751429,0.93415
ArbiterPUF,0,2.13,0.32628,0.9452731677139683,0.93334
ArbiterPUF,0,2.14,0.32792,0.9447054956969393,0.93252
ArbiterPUF,0,2.15,0.32966,0.9440997216396158,0.93165
ArbiterPUF,0,2.16,0.33126,0.9435395128981084,0.93085
ArbiterPUF,0,2.17,0.33304,0.9429126992463299,0.92996
ArbiterPUF,0,2.18,0.33454,0.9423815513898816,0.92921
ArbiterPUF,0,2.19,0.3365,0.9416834659268474,0.92823
ArbiterPUF,0,2.2,0.33836,0.9410167428903695,0.9273
ArbiterPUF,0,2.21,0.33982,0.9404904930938963,0.92657
ArbiterPUF,0,2.22,0.34162,0.9398381645794132,0.92567
ArbiterPUF,0,2.23,0.34316,0.9392769636268101,0.9249
ArbiterPUF,0,2.24,0.34516,0.938543858538321,0.9239
ArbiterPUF,0,2.25,0.3471,0.9378281239118391,0.92293
ArbiterPUF,0,2.26,0.34898,0.9371301721746021,0.92199
ArbiterPUF,0,2.27,0.35068,0.9364953484134344,0.92114
ArbiterPUF,0,2.28,0.35236,0.9358645363512819,0.9203
ArbiterPUF,0,2.29,0.35396,0.9352605617687512,0.9195
ArbiterPUF,0,2.3,0.35562,0.9346306305701734,0.91867
ArbiterPUF,0,2.31,0.3572,0.9340279224948256,0.91788
ArbiterPUF,0,2.32,0.35862,0.9334836343503832,0.91717
ArbiterPUF,0,2.33,0.36022,0.9328673815714644,0.91637
ArbiterPUF,0,2.34,0.36186,0.9322324497677605,0.91555
ArbiterPUF,0,2.35,0.36324,0.9316956060860221,0.91486
ArbiterPUF,0,2.36,0.36476,0.9311015746952639,0.9141
ArbiterPUF,0,2.37,0.36638,0.9304653113362152,0.91329
ArbiterPUF,0,2.38,0.36816,0.9297624505216373,0.9124
ArbiterPUF,0,2.39,0.36964,0.9291750483089827,0.91166
ArbiterPUF,0,2.4,0.37122,0.9285449432310748,0.91087
ArbiterPUF,0,2.41,0.37334,0.9276945857339042,0.90981
ArbiterPUF,0,2.42,0.3753,0.926903398418627,0.90883
ArbiterPUF,0,2.43,0.37702,0.9262051174550916,0.90797
ArbiterPUF,0,2.44,0.37852,0.9255931123339238,0.90722
ArbiterPUF,0,2.45,0.3804,0.9248220585604563,0.90628
ArbiterPUF,0,2.46,0.3818,0.9242449675275489,0.90558
ArbiterPUF,0,2.47,0.38382,0.9234079313066356,0.90457
ArbiterPUF,0,2.48,0.38576,0.9225991667024203,0.9036
ArbiterPUF,0,2.49,0.38762,0.9218192532161605,0.90267
ArbiterPUF,0,2.5,0.38916,0.9211701766774694,0.9019
ArbiterPUF,0,2.51,0.39074,0.9205010876691022,0.90111
ArbiterPUF,0,2.52,0.39264,0.9196922476567909,0.90016
ArbiterPUF,0,2.53,0.39446,0.9189131125411152,0.89925
ArbiterPUF,0,2.54,0.39608,0.9182160059593819,0.89844
ArbiterPUF,0,2.55,0.39786,0.9174461403265045,0.89755
ArbiterPUF,0,2.56,0.39962,0.9166808908229734,0.89667
ArbiterPUF,0,2.57,0.40126,0.9159641982086416,0.89585
ArbiterPUF,0,2.58,0.40304,0.9151823634664296,0.89496
ArbiterPUF,0,2.59,0.40502,0.9143078254067392,0.89397
ArbiterPUF,0,2.6,0.40682,0.9135083401918123,0.89307
ArbiterPUF,0,2.61,0.40862,0.9127046047873321,0.89217
ArbiterPUF,0,2.62,0.4103,0.9119506072151056,0.89133
ArbiterPUF,0,2.63,0.41188,0.9112380949016562,0.89054
ArbiterPUF,0,2.64,0.41334,0.9105767646936749,0.88981
ArbiterPUF,0,2.65,0.4153,0.9096845112455196,0.88883
ArbiterPUF,0,2.66,0.41726,0.9087871546187258,0.88785
ArbiterPUF,0,2.67,0.4188,0.9080784988094366,0.88708
ArbiterPUF,0,2.68,0.4204,0.9073388782588343,0.88628
ArbiterPUF,0,2.69,0.42224,0.9064840773008648,0.88536
ArbiterPUF,0,2.7,0.42376,0.9057745096877036,0.8846
ArbiterPUF,0,2.71,0.42538,0.90501483722644,0.88379
ArbiterPUF,0,2.72,0.42718,0.904166603895543,0.88289
ArbiterPUF,0,2.73,0.42872,0.9034374143237593,0.88212
ArbiterPUF,0,2.74,0.43018,0.9027431348949712,0.88139
ArbiterPUF,0,2.75,0.43162,0.9020555280025727,0.88067
ArbiterPUF,0,2.76,0.43358,0.9011150778896111,0.87969
ArbiterPUF,0,2.77,0.43548,0.9001984056862133,0.87874
ArbiterPUF,0,2.78,0.43728,0.8993254147415163,0.87784
ArbiterPUF,0,2.79,0.43894,0.8985163751429354,0.87701
ArbiterPUF,0,2.8,0.44046,0.8977722363717872,0.87625
ArbiterPUF,0,2.81,0.44194,0.8970446122685315,0.87551
ArbiterPUF,0,2.82,0.44366,0.896195182089259,0.87465
ArbiterPUF,0,2.83,0.44536,0.8953515903822364,0.8738
ArbiterPUF,0,2.84,0.44696,0.8945539438178114,0.873
ArbiterPUF,0,2.85,0.44844,0.8938129370287723,0.87226
ArbiterPUF,0,2.86,0.4498,0.8931293075473451,0.87158
ArbiterPUF,0,2.87,0.45126,0.8923925214836799,0.87085
ArbiterPUF,0,2.88,0.45294,0.8915410009640612,0.87001
ArbiterPUF,0,2.89,0.4545,0.8907467372940524,0.86923
ArbiterPUF,0,2.9,0.4559,0.890031005077913,0.86853
ArbiterPUF,0,2.91,0.4573,0.8893124928842505,0.86783
ArbiterPUF,0,2.92,0.45854,0.8886737693889698,0.86721
ArbiterPUF,0,2.93,0.46034,0.8877426904233006,0.86631
ArbiterPUF,0,2.94,0.46196,0.8869007601755678,0.8655
ArbiterPUF,0,2.95,0.46366,0.8860132078022314,0.86465
ArbiterPUF,0,2.96,0.4653,0.8851530432642708,0.86383
ArbiterPUF,0,2.97,0.46694,0.8842890004970096,0.86301
ArbiterPUF,0,2.98,0.4687,0.8833574078480352,0.86213
ArbiterPUF,0,2.99,0.47026,0.8825279215979515,0.86135
ArbiterPUF,0,3.0,0.4718,0.8817055971241196,0.86058
ArbiterPUF,5,0.5,0.05752,0.9983443542185232,0.93486
ArbiterPUF,5,0.51,0.05874,0.9982733154802848,0.93547
ArbiterPUF,5,0.52,0.06028,0.998181507342227,0.93624
ArbiterPUF,5,0.53,0.06186,0.9980848362739512,0.93703
ArbiterPUF,5,0.54,0.06342,0.9979869255656608,0.93781
ArbiterPUF,5,0.55,0.06454,0.9979151208394431,0.93837
ArbiterPUF,5,0.56,0.06586,0.9978288733044359,0.93903
ArbiterPUF,5,0.57,0.06722,0.9977381778803497,0.93971
ArbiterPUF,5,0.58,0.06862,0.9976428697685361,0.94041
ArbiterPUF,5,0.59,0.0702,0.9975329367995825,0.9412
ArbiterPUF,5,0.6,0.07186,0.9974147283853391,0.94203
ArbiterPUF,5,0.61,0.0735,0.9972952170746633,0.94285
ArbiterPUF,5,0.62,0.07484,0.9971955547434015,0.94352
ArbiterPUF,5,0.63,0.07612,0.9970986639244886,0.94416
ArbiterPUF,5,0.64,0.07782,0.9969674255460909,0.94501
ArbiterPUF,5,0.65,0.07946,0.9968380552527075,0.94583
ArbiterPUF,5,0.66,0.0808,0.9967303346442304,0.9465
ArbiterPUF,5,0.67,0.08216,0.9966191521338532,0.94718
ArbiterPUF,5,0.68,0.08368,0.9964926781467086,0.94794
ArbiterPUF,5,0.69,0.08522,0.9963621588559051,0.94871
ArbiterPUF,5,0.7,0.0867,0.9962344653744922,0.94945
ArbiterPUF,5,0.71,0.0884,0.9960850566091229,0.9503
ArbiterPUF,5,0.72,0.08992,0.9959489914649243,0.95106
ArbiterPUF,5,0.73,0.09124,0.9958289322971091,0.95172
ArbiterPUF,5,0.74,0.09286,0.9956791754375504,0.95253
ArbiterPUF,5,0.75,0.09432,0.9955419316131291,0.95326
ArbiterPUF,5,0.76,0.09578,0.9954025274229517,0.95399
ArbiterPUF,5,0.77,0.09752,0.9952335653503652,0.95486
ArbiterPUF,5,0.78,0.0988,0.9951073107961774,0.9555
ArbiterPUF,5,0.79,0.10044,0.9949431171680119,0.95632
ArbiterPUF,5,0.8,0.10202,0.9947823478530368,0.95711
ArbiterPUF,5,0.81,0.10356,0.994623208255267,0.95788
ArbiterPUF,5,0.82,0.10502,0.9944701099580622,0.95861
ArbiterPUF,5,0.83,0.10666,0.9942955518355695,0.95943
ArbiterPUF,5,0.84,0.10852,0.994094265952681,0.96036
ArbiterPUF,5,0.85,0.11034,0.993893899971219,0.96127
ArbiterPUF,5,0.86,0.11204,0.9937036974873346,0.96212
ArbiterPUF,5,0.87,0.11348,0.9935402808140191,0.96284
ArbiterPUF,5,0.88,0.11488,0.9933793764720505,0.96354
ArbiterPUF,5,0.89,0.1162,0.9932258353466246,0.9642
ArbiterPUF,5,0.9,0.11786,0.9930302212923835,0.96503
ArbiterPUF,5,0.91,0.11948,0.992836607705417,0.96584
ArbiterPUF,5,0.92,0.1213,0.9926158924780523,0.96675
ArbiterPUF,5,0.93,0.1229,0.9924190596718706,0.96755
ArbiterPUF,5,0.94,0.12466,0.9921995184437451,0.96843
ArbiterPUF,5,0.95,0.12592,0.9920403991773723,0.96906
ArbiterPUF,5,0.96,0.12788,0.9917896478588593,0.97004
ArbiterPUF,5,0.97,0.12934,0.9916003047599372,0.97077
ArbiterPUF,5,0.98,0.13096,0.9913876529390507,0.97158
ArbiterPUF,5,0.99,0.13268,0.9911589265097701,0.97244
ArbiterPUF,5,1.0,0.13406,0.9909732167924621,0.97313
ArbiterPUF,5,1.01,0.13578,0.9907390128585832,0.97399
ArbiterPUF,5,1.02,0.1374,0.9905156434908033,0.9748
ArbiterPUF,5,1.03,0.13886,0.9903120217386033,0.97553
ArbiterPUF,5,1.04,0.14028,0.9901118732749346,0.97624
ArbiterPUF,5,1.05,0.14188,0.9898838647033299,0.97704
ArbiterPUF,5,1.06,0.14368,0.9896242001891424,0.97794
ArbiterPUF,5,1.07,0.14536,0.9893788305800766,0.97878
ArbiterPUF,5,1.08,0.14662,0.9891928909975043,0.97941
ArbiterPUF,5,1.09,0.14842,0.9889244175365476,0.98031
ArbiterPUF,5,1.1,0.14982,0.9887132888760016,0.98101
ArbiterPUF,5,1.11,0.15146,0.9884633874858493,0.98183
ArbiterPUF,5,1.12,0.15314,0.9882045033291441,0.98269
ArbiterPUF,5,1.13,0.1544,0.9880084210167442,0.98332
ArbiterPUF,5,1.14,0.15602,0.9877538962717384,0.98413
ArbiterPUF,5,1.15,0.1578,0.9874710932477976,0.98502
ArbiterPUF,5,1.16,0.15938,0.9872173092080588,0.98581
ArbiterPUF,5,1.17,0.16078,0.9869902692529445,0.98651
ArbiterPUF,5,1.18,0.16244,0.9867184230569529,0.98734
ArbiterPUF,5,1.19,0.16376,0.9865002090217723,0.988
ArbiterPUF,5,1.2,0.16516,0.986266786625201,0.9887
ArbiterPUF,5,1.21,0.16672,0.9860042807209309,0.98948
ArbiterPUF,5,1.22,0.16848,0.9857050723213308,0.99036
ArbiterPUF,5,1.23,0.16982,0.9854750974022632,0.99103
ArbiterPUF,5,1.24,0.1711,0.985253667843972,0.99167
ArbiterPUF,5,1.25,0.1724,0.9850270250099742,0.99232
ArbiterPUF,5,1.26,0.17402,0.984742118323371,0.99313
ArbiterPUF,5,1.27,0.17504,0.9845613228235204,0.99364
ArbiterPUF,5,1.28,0.17642,0.9843149819036587,0.99433
ArbiterPUF,5,1.29,0.17798,0.9840341048967765,0.99511
ArbiterPUF,5,1.3,0.17982,0.9836995311577617,0.99603
ArbiterPUF,5,1.31,0.18124,0.9834388961191233,0.99674
ArbiterPUF,5,1.32,0.183,0.9831129131488408,0.99762
ArbiterPUF,5,1.33,0.1848,0.9827761494867485,0.99852
ArbiterPUF,5,1.34,0.18646,0.9824625531795094,0.99935
ArbiterPUF,5,1.35,0.18776,0.9822149369664461,1.0
ArbiterPUF,5,1.36,0.18926,0.981927009711007,0.99925
ArbiterPUF,5,1.37,0.19102,0.9815861447677426,0.99837
ArbiterPUF,5,1.38,0.19282,0.9812341451457953,0.99747
ArbiterPUF,5,1.39,0.1946,0.9808826841167093,0.99658
ArbiterPUF,5,1.4,0.19622,0.9805598969976286,0.99577
ArbiterPUF,5,1.41,0.19804,0.9801939391773445,0.99486
ArbiterPUF,5,1.42,0.19942,0.9799141103178379,0.99417
ArbiterPUF,5,1.43,0.201,0.9795912412838326,0.99338
ArbiterPUF,5,1.44,0.20274,0.9792326038281202,0.99251
ArbiterPUF,5,1.45,0.20462,0.9788414864522242,0.99157
ArbiterPUF,5,1.46,0.20626,0.9784972214574755,0.99075
ArbiterPUF,5,1.47,0.20786,0.97815858652879,0.98995
ArbiterPUF,5,1.48,0.20954,0.9778000758846361,0.98911
ArbiterPUF,5,1.49,0.21144,0.9773909792912967,0.98816
ArbiterPUF,5,1.5,0.21318,0.9770129413677182,0.98729
ArbiterPUF,5,1.51,0.21494,0.976627255609836,0.98641
ArbiterPUF,5,1.52,0.2167,0.9762382444874816,0.98553
ArbiterPUF,5,1.53,0.21818,0.975908544690536,0.98479
ArbiterPUF,5,1.54,0.21964,0.9755809912047284,0.98406
ArbiterPUF,5,1.55,0.22134,0.975196700363573,0.98321
ArbiterPUF,5,1.56,0.22316,0.9747818291289594,0.9823
ArbiterPUF,5,1.57,0.225,0.974358763495254,0.98138
ArbiterPUF,5,1.58,0.22668,0.973969289864932,0.98054
ArbiterPUF,5,1.59,0.22824,0.9736049005628516,0.97976
ArbiterPUF,5,1.6,0.22966,0.9732709203505466,0.97905
ArbiterPUF,5,1.61,0.23144,0.9728491796779191,0.97816
ArbiterPUF,5,1.62,0.23324,0.9724192009622188,0.97726
ArbiterPUF,5,1.63,0.23496,0.97200504031615,0.9764
ArbiterPUF,5,1.64,0.23662,0.9716022723316367,0.97557
ArbiterPUF,5,1.65,0.23852,0.9711375853091054,0.97462
ArbiterPUF,5,1.66,0.24068,0.9706045217285978,0.97354
ArbiterPUF,5,1.67,0.24216,0.9702363291487286,0.9728
ArbiterPUF,5,1.68,0.24372,0.9698456380270007,0.97202
ArbiterPUF,5,1.69,0.24524,0.969462398651954,0.97124
ArbiterPUF,5,1.7,0.24676,0.9690766235958849,0.97048
ArbiterPUF,5,1.71,0.24838,0.9686626737931013,0.96967
ArbiterPUF,5,1.72,0.25008,0.9682251771153236,0.96882
ArbiterPUF,5,1.73,0.2516,0.9678313076151238,0.96806
ArbiterPUF,5,1.74,0.25306,0.9674505860249402,0.96733
ArbiterPUF,5,1.75,0.25474,0.9670095823723776,0.96649
ArbiterPUF,5,1.76,0.25626,0.9666078896843332,0.96573
ArbiterPUF,5,1.77,0.2579,0.9661716151905932,0.96491
ArbiterPUF,5,1.78,0.25932,0.9657914565784893,0.9642
ArbiterPUF,5,1.79,0.26128,0.9652630530585949,0.96322
ArbiterPUF,5,1.8,0.26302,0.9647903811709568,0.96235
ArbiterPUF,5,1.81,0.26462,0.964352765122805,0.96155
ArbiterPUF,5,1.82,0.26608,0.9639509497894589,0.96082
ArbiterPUF,5,1.83,0.26782,0.9634689655614237,0.95995
ArbiterPUF,5,1.84,0.2695,0.963000389408021,0.95911
ArbiterPUF,5,1.85,0.2711,0.9625511882492277,0.95831
ArbiterPUF,5,1.86,0.27264,0.9621161210581599,0.95754
ArbiterPUF,5,1.87,0.2745,0.9615870995390899,0.95661
ArbiterPUF,5,1.88,0.27626,0.9610829373160259,0.95573
ArbiterPUF,5,1.89,0.27798,0.9605868620796351,0.95487
ArbiterPUF,5,1.9,0.27964,0.9601049267658198,0.95404
ArbiterPUF,5,1.91,0.28164,0.9595201459062753,0.95304
ArbiterPUF,5,1.92,0.2837,0.9589130878239175,0.95201
ArbiterPUF,5,1.93,0.28518,0.9584739785721884,0.95127
ArbiterPUF,5,1.94,0.28676,0.9580024542766058,0.95048
ArbiterPUF,5,1.95,0.28808,0.9576063458436354,0.94982
ArbiterPUF,5,1.96,0.28948,0.9571840625501451,0.94912
ArbiterPUF,5,1.97,0.29114,0.9566804588785117,0.94829
ArbiterPUF,5,1.98,0.29258,0.9562410488992824,0.94757
ArbiterPUF,5,1.99,0.29446,0.9556638051114001,0.94663
ArbiterPUF,5,2.0,0.29612,0.9551507449612339,0.9458
ArbiterPUF,5,2.01,0.29778,0.954634522526815,0.94497
ArbiterPUF,5,2.02,0.29942,0.9541214092556564,0.94415
ArbiterPUF,5,2.03,0.30116,0.9535736229573466,0.94328
ArbiterPUF,5,2.04,0.30266,0.9530985911226603,0.94253
ArbiterPUF,5,2.05,0.30446,0.9525251221883861,0.94163
ArbiterPUF,5,2.06,0.30622,0.9519607720909513,0.94075
ArbiterPUF,5,2.07,0.3081,0.9513539772345517,0.93981
ArbiterPUF,5,2.08,0.30936,0.9509449986197941,0.93918
ArbiterPUF,5,2.09,0.31054,0.9505603128681523,0.93859
ArbiterPUF,5,2.1,0.31194,0.9501018031769016,0.93789
ArbiterPUF,5,2.11,0.31348,0.9495948028501421,0.93712
ArbiterPUF,5,2.12,0.31548,0.9489322260309216,0.93612
ArbiterPUF,5,2.13,0.31764,0.948211384871538,0.93504
ArbiterPUF,5,2.14,0.3192,0.9476873746125354,0.93426
ArbiterPUF,5,2.15,0.32094,0.9470995282439962,0.93339
ArbiterPUF,5,2.16,0.32314,0.9463511718173123,0.93229
ArbiterPUF,5,2.17,0.32492,0.9457415046406707,0.9314
ArbiterPUF,5,2.18,0.32642,0.9452248323018181,0.93065
ArbiterPUF,5,2.19,0.32798,0.9446846667539387,0.92987
ArbiterPUF,5,2.2,0.3298,0.9440508249029815,0.92896
ArbiterPUF,5,2.21,0.33142,0.9434833244949271,0.92815
ArbiterPUF,5,2.22,0.33308,0.9428985701548179,0.92732
ArbiterPUF,5,2.23,0.33454,0.9423815513898816,0.92659
ArbiterPUF,5,2.24,0.33646,0.9416977585191546,0.92563
ArbiterPUF,5,2.25,0.3383,0.9410383148416435,0.92471
ArbiterPUF,5,2.26,0.3398,0.9404977192954803,0.92396
ArbiterPUF,5,2.27,0.34142,0.9399108381117859,0.92315
ArbiterPUF,5,2.28,0.34298,0.9393427061514876,0.92237
ArbiterPUF,5,2.29,0.34484,0.9386614801940047,0.92144
ArbiterPUF,5,2.3,0.3468,0.9379391025007966,0.92046
ArbiterPUF,5,2.31,0.34862,0.9372641546543856,0.91955
ArbiterPUF,5,2.32,0.3504,0.9366001494768192,0.91866
ArbiterPUF,5,2.33,0.35188,0.9360451194253404,0.91792
ArbiterPUF,5,2.34,0.35356,0.935411848545869,0.91708
ArbiterPUF,5,2.35,0.35518,0.9347979287525192,0.91627
ArbiterPUF,5,2.36,0.35676,0.9341960727812978,0.91548
ArbiterPUF,5,2.37,0.35814,0.9336678962029273,0.91479
ArbiterPUF,5,2.38,0.35974,0.9330525882285521,0.91399
ArbiterPUF,5,2.39,0.36144,0.9323953702158758,0.91314
ArbiterPUF,5,2.4,0.36268,0.931913739355741,0.91252
ArbiterPUF,5,2.41,0.3643,0.9312816491266215,0.91171
ArbiterPUF,5,2.42,0.36572,0.9307249226275184,0.911
ArbiterPUF,5,2.43,0.36736,0.9300788302074187,0.91018
ArbiterPUF,5,2.44,0.36886,0.9294849651285383,0.90943
ArbiterPUF,5,2.45,0.3705,0.9288324660561775,0.90861
ArbiterPUF,5,2.46,0.37236,0.9280883742402984,0.90768
ArbiterPUF,5,2.47,0.3741,0.9273883706409088,0.90681
ArbiterPUF,5,2.48,0.37604,0.9266034310318519,0.90584
ArbiterPUF,5,2.49,0.37758,0.9259769671001541,0.90507
ArbiterPUF,5,2.5,0.37928,0.9252819470842388,0.90422
ArbiterPUF,5,2.51,0.38098,0.9245832788883865,0.90337
ArbiterPUF,5,2.52,0.38252,0.9239472114790975,0.9026
ArbiterPUF,5,2.53,0.38436,0.9231832918765376,0.90168
ArbiterPUF,5,2.54,0.3862,0.9224150692611217,0.90076
ArbiterPUF,5,2.55,0.38808,0.9216256906141453,0.89982
ArbiterPUF,5,2.56,0.3895,0.9210264654177969,0.89911
ArbiterPUF,5,2.57,0.39122,0.9202971865652966,0.89825
ArbiterPUF,5,2.58,0.39306,0.9195128255766747,0.89733
ArbiterPUF,5,2.59,0.39466,0.9188272331619258,0.89653
ArbiterPUF,5,2.6,0.39632,0.9181124427868299,0.8957
ArbiterPUF,5,2.61,0.39808,0.9173507037115086,0.89482
ArbiterPUF,5,2.62,0.39986,0.9165762272719055,0.89393
ArbiterPUF,5,2.63,0.40142,0.9158940897287194,0.89315
ArbiterPUF,5,2.64,0.40314,0.915138317632914,0.89229
ArbiterPUF,5,2.65,0.40516,0.9142457953964023,0.89128
ArbiterPUF,5,2.66,0.4069,0.9134727089519423,0.89041
ArbiterPUF,5,2.67,0.40862,0.9127046047873321,0.88955
ArbiterPUF,5,2.68,0.41028,0.9119596052457587,0.88872
ArbiterPUF,5,2.69,0.41184,0.9112561738611158,0.88794
ArbiterPUF,5,2.7,0.41326,0.9106130750214384,0.88723
ArbiterPUF,5,2.71,0.41516,0.9097484126944109,0.88628
ArbiterPUF,5,2.72,0.41702,0.9088973097110586,0.88535
ArbiterPUF,5,2.73,0.4186,0.9081707108247875,0.88456
ArbiterPUF,5,2.74,0.42018,0.9074407791145381,0.88377
ArbiterPUF,5,2.75,0.4219,0.9066423716107691,0.88291
ArbiterPUF,5,2.76,0.42346,0.9059148019543559,0.88213
ArbiterPUF,5,2.77,0.42496,0.905212128950999,0.88138
ArbiterPUF,5,2.78,0.42672,0.9043837910975627,0.8805
ArbiterPUF,5,2.79,0.4283,0.903636602844307,0.87971
ArbiterPUF,5,2.8,0.42984,0.9029050749663555,0.87894
ArbiterPUF,5,2.81,0.43116,0.9022754869772313,0.87828
ArbiterPUF,5,2.82,0.43288,0.9014515547715249,0.87742
ArbiterPUF,5,2.83,0.43488,0.9004884150282001,0.87642
ArbiterPUF,5,2.84,0.43648,0.8997139598783604,0.87562
ArbiterPUF,5,2.85,0.4382,0.8988774999965234,0.87476
ArbiterPUF,5,2.86,0.43974,0.8981251206819683,0.87399
ArbiterPUF,5,2.87,0.44128,0.8973694677221863,0.87322
ArbiterPUF,5,2.88,0.44294,0.8965512569842283,0.87239
ArbiterPUF,5,2.89,0.4447,0.8956795799838245,0.87151
ArbiterPUF,5,2.9,0.44626,0.8949033536645173,0.87073
ArbiterPUF,5,2.91,0.44782,0.8941237317060767,0.86995
ArbiterPUF,5,2.92,0.44908,0.893491552058552,0.86932
ArbiterPUF,5,2.93,0.45058,0.8927360548336782,0.86857
ArbiterPUF,5,2.94,0.45186,0.8920888635108053,0.86793
ArbiterPUF,5,2.95,0.45352,0.8912460993463028,0.8671
ArbiterPUF,5,2.96,0.45498,0.8905016561466913,0.86637
ArbiterPUF,5,2.97,0.45648,0.8897336734101953,0.86562
ArbiterPUF,5,2.98,0.45766,0.8891272824517309,0.86503
ArbiterPUF,5,2.99,0.45902,0.8884259336602012,0.86435
ArbiterPUF,5,3.0,0.46078,0.8875143895171503,0.86347
ArbiterPUF,10,0.5,0.05622,0.9984184050787526,0.93658
ArbiterPUF,10,0.51,0.05742,0.9983501107327029,0.93718
ArbiterPUF,10,0.52,0.05856,0.9982838906844083,0.93775
ArbiterPUF,10,0.53,0.05998,0.9981995790421873,0.93846
ArbiterPUF,10,0.54,0.06166,0.9980972118987208,0.9393
ArbiterPUF,10,0.55,0.06302,0.9980122642533008,0.93998
ArbiterPUF,10,0.56,0.06432,0.9979293249524236,0.94063
ArbiterPUF,10,0.57,0.06558,0.997847314773157,0.94126
ArbiterPUF,10,0.58,0.06682,0.9977650462909592,0.94188
ArbiterPUF,10,0.59,0.06814,0.9976757691755375,0.94254
ArbiterPUF,10,0.6,0.06966,0.9975707916734532,0.9433
ArbiterPUF,10,0.61,0.07118,0.9974634868505214,0.94406
ArbiterPUF,10,0.62,0.07268,0.9973553116116645,0.94481
ArbiterPUF,10,0.63,0.07422,0.9972418922207392,0.94558
ArbiterPUF,10,0.64,0.07552,0.9971442872523514,0.94623
ArbiterPUF,10,0.65,0.07696,0.997034181159302,0.94695
ArbiterPUF,10,0.66,0.07858,0.9969078109835433,0.94776
ArbiterPUF,10,0.67,0.08006,0.9967900462986176,0.9485
ArbiterPUF,10,0.68,0.08148,0.9966749769107279,0.94921
ArbiterPUF,10,0.69,0.08288,0.9965595343982214,0.94991
ArbiterPUF,10,0.7,0.0844,0.996431954525747,0.95067
ArbiterPUF,10,0.71,0.08572,0.9963192669019304,0.95133
ArbiterPUF,10,0.72,0.08732,0.9961803137986617,0.95213
ArbiterPUF,10,0.73,0.08914,0.9960191064432448,0.95304
ArbiterPUF,10,0.74,0.09046,0.9959000895672216,0.9537
ArbiterPUF,10,0.75,0.09186,0.9957719319201559,0.9544
ArbiterPUF,10,0.76,0.09326,0.9956417891993082,0.9551
ArbiterPUF,10,0.77,0.09472,0.9955039535833093,0.95583
ArbiterPUF,10,0.78,0.09616,0.9953658897109143,0.95655
ArbiterPUF,10,0.79,0.09792,0.9951942893726834,0.95743
ArbiterPUF,10,0.8,0.09916,0.9950715021544935,0.95805
ArbiterPUF,10,0.81,0.10074,0.9949127863285305,0.95884
ArbiterPUF,10,0.82,0.10242,0.9947412445455353,0.95968
ArbiterPUF,10,0.83,0.1038,0.9945981902255805,0.96037
ArbiterPUF,10,0.84,0.10522,0.9944489688264554,0.96108
ArbiterPUF,10,0.85,0.10688,0.9942719273920994,0.96191
ArbiterPUF,10,0.86,0.10876,0.9940680371081247,0.96285
ArbiterPUF,10,0.87,0.1104,0.993887237064648,0.96367
ArbiterPUF,10,0.88,0.11206,0.9937014422853576,0.9645
ArbiterPUF,10,0.89,0.1135,0.9935379962537921,0.96522
ArbiterPUF,10,0.9,0.11488,0.9933793764720505,0.96591
ArbiterPUF,10,0.91,0.11618,0.9932281749930376,0.96656
ArbiterPUF,10,0.92,0.1178,0.9930373406876499,0.96737
ArbiterPUF,10,0.93,0.11928,0.99286065568135,0.96811
ArbiterPUF,10,0.94,0.12124,0.9926232227789151,0.96909
ArbiterPUF,10,0.95,0.12276,0.9924363870797968,0.96985
ArbiterPUF,10,0.96,0.12436,0.992237164391659,0.97065
ArbiterPUF,10,0.97,0.12566,0.9920733664402043,0.9713
ArbiterPUF,10,0.98,0.12756,0.991830855741038,0.97225
ArbiterPUF,10,0.99,0.1291,0.991631579771439,0.97302
ArbiterPUF,10,1.0,0.13078,0.9914114138943529,0.97386
ArbiterPUF,10,1.01,0.13222,0.9912203950686245,0.97458
ArbiterPUF,10,1.02,0.1338,0.9910083551615495,0.97537
ArbiterPUF,10,1.03,0.13516,0.9908237857459822,0.97605
ArbiterPUF,10,1.04,0.13674,0.9906069717097694,0.97684
ArbiterPUF,10,1.05,0.13844,0.9903708226719931,0.97769
ArbiterPUF,10,1.06,0.13986,0.9901712884142824,0.9784
ArbiterPUF,10,1.07,0.14144,0.9899468300873538,0.97919
ArbiterPUF,10,1.08,0.143,0.9897226884334822,0.97997
ArbiterPUF,10,1.09,0.14464,0.9894843457073994,0.98079
ArbiterPUF,10,1.1,0.14608,0.9892727801774392,0.98151
ArbiterPUF,10,1.11,0.14758,0.9890501218846292,0.98226
ArbiterPUF,10,1.12,0.14922,0.9888040208251582,0.98308
ArbiterPUF,10,1.13,0.15068,0.9885825901764606,0.98381
ArbiterPUF,10,1.14,0.15242,0.9883158116715527,0.98468
ArbiterPUF,10,1.15,0.15378,0.988105111615156,0.98538
ArbiterPUF,10,1.16,0.15508,0.9879019149692948,0.98603
ArbiterPUF,10,1.17,0.15682,0.9876272007189758,0.9869
ArbiterPUF,10,1.18,0.15844,0.9873686071574282,0.98771
ArbiterPUF,10,1.19,0.15992,0.9871299780677313,0.98845
ArbiterPUF,10,1.2,0.16138,0.9868923424568659,0.98918
ArbiterPUF,10,1.21,0.16278,0.9866623898781183,0.98988
ArbiterPUF,10,1.22,0.16418,0.9864303967335962,0.99058
ArbiterPUF,10,1.23,0.16562,0.98618964484525,0.9913
ArbiterPUF,10,1.24,0.16738,0.9858924564068842,0.99218
ArbiterPUF,10,1.25,0.16874,0.9856605969602318,0.99286
ArbiterPUF,10,1.26,0.17006,0.9854337097948292,0.99352
ArbiterPUF,10,1.27,0.17144,0.9851945627133759,0.99421
ArbiterPUF,10,1.28,0.17268,0.9849779782309858,0.99483
ArbiterPUF,10,1.29,0.17414,0.9847209048253215,0.99556
ArbiterPUF,10,1.3,0.1753,0.9845150633687634,0.99614
ArbiterPUF,10,1.31,0.17658,0.9842862914823106,0.99678
ArbiterPUF,10,1.32,0.1782,0.9839942886013108,0.99759
ArbiterPUF,10,1.33,0.17994,0.9836775876271656,0.99846
ArbiterPUF,10,1.34,0.18132,0.9834241493882485,0.99915
ArbiterPUF,10,1.35,0.18302,0.9831091900699535,1.0
ArbiterPUF,10,1.36,0.1848,0.9827761494867485,0.99911
ArbiterPUF,10,1.37,0.18644,0.9824663487366883,0.99829
ArbiterPUF,10,1.38,0.18768,0.9822302263726158,0.99767
ArbiterPUF,10,1.39,0.18914,0.9819501313203233,0.99694
ArbiterPUF,10,1.4,0.19076,0.9816367059151773,0.99613
ArbiterPUF,10,1.41,0.19256,0.9812852013558546,0.99523
ArbiterPUF,10,1.42,0.19442,0.980918377644134,0.9943
ArbiterPUF,10,1.43,0.19608,0.9805879020261262,0.99347
ArbiterPUF,10,1.44,0.1976,0.9802827347250384,0.99271
ArbiterPUF,10,1.45,0.19916,0.9799669863827045,0.99193
ArbiterPUF,10,1.46,0.20076,0.9796404556774897,0.99113
ArbiterPUF,10,1.47,0.20224,0.9793359905568672,0.99039
ArbiterPUF,10,1.48,0.20428,0.9789124994604983,0.98937
ArbiterPUF,10,1.49,0.2058,0.978594073147799,0.98861
ArbiterPUF,10,1.5,0.20742,0.978251983693363,0.9878
ArbiterPUF,10,1.51,0.20898,0.9779199147169465,0.98702
ArbiterPUF,10,1.52,0.21084,0.9775205851540928,0.98609
ArbiterPUF,10,1.53,0.21262,0.9771349628377853,0.9852
ArbiterPUF,10,1.54,0.21418,0.976794209442296,0.98442
ArbiterPUF,10,1.55,0.21598,0.9763977875845479,0.98352
ArbiterPUF,10,1.56,0.21762,0.9760335729881425,0.9827
ArbiterPUF,10,1.57,0.21916,0.9756889332159098,0.98193
ArbiterPUF,10,1.58,0.22076,0.9753281613897961,0.98113
ArbiterPUF,10,1.59,0.22224,0.9749919909414643,0.98039
ArbiterPUF,10,1.6,0.2241,0.9745661547581057,0.97946
ArbiterPUF,10,1.61,0.22584,0.9741644083007754,0.97859
ArbiterPUF,10,1.62,0.22728,0.9738294520089232,0.97787
ArbiterPUF,10,1.63,0.22874,0.9734875512301121,0.97714
ArbiterPUF,10,1.64,0.23038,0.9731007427805202,0.97632
ArbiterPUF,10,1.65,0.23206,0.9727014734233725,0.97548
ArbiterPUF,10,1.66,0.23376,0.9722943290999901,0.97463
ArbiterPUF,10,1.67,0.23546,0.9718840406138997,0.97378
ArbiterPUF,10,1.68,0.23716,0.971470603981407,0.97293
ArbiterPUF,10,1.69,0.23906,0.9710047973104973,0.97198
ArbiterPUF,10,1.7,0.24108,0.9705052465597493,0.97097
ArbiterPUF,10,1.71,0.2425,0.9701514057094388,0.97026
ArbiterPUF,10,1.72,0.24404,0.9697651666254054,0.96947
ArbiterPUF,10,1.73,0.24544,0.9694117837121642,0.96877
ArbiterPUF,10,1.74,0.24692,0.9690358680668121,0.96803
ArbiterPUF,10,1.75,0.24858,0.968611368712963,0.9672
ArbiterPUF,10,1.76,0.25028,0.9681734976748743,0.96635
ArbiterPUF,10,1.77,0.25188,0.9677584748272677,0.96555
ArbiterPUF,10,1.78,0.2532,0.9674139548300925,0.96489
ArbiterPUF,10,1.79,0.2548,0.9669937745404569,0.96409
ArbiterPUF,10,1.8,0.25632,0.9665919809309408,0.96333
ArbiterPUF,10,1.81,0.25792,0.9661662763727575,0.96253
ArbiterPUF,10,1.82,0.25932,0.9657914565784893,0.96183
ArbiterPUF,10,1.83,0.26124,0.9652738794767006,0.96087
ArbiterPUF,10,1.84,0.26286,0.9648339859271128,0.96006
ArbiterPUF,10,1.85,0.26454,0.964374713687579,0.95922
ArbiterPUF,10,1.86,0.26598,0.9639785472716703,0.9585
ArbiterPUF,10,1.87,0.26766,0.9635134272027557,0.95766
ArbiterPUF,10,1.88,0.26924,0.9630731137354007,0.95687
ArbiterPUF,10,1.89,0.27086,0.9626187513237002,0.95606
ArbiterPUF,10,1.9,0.27228,0.9622180634346874,0.95535
ArbiterPUF,10,1.91,0.27406,0.9617125955294543,0.95446
ArbiterPUF,10,1.92,0.2759,0.9611863450965167,0.95354
ArbiterPUF,10,1.93,0.27754,0.9607140825448538,0.95272
ArbiterPUF,10,1.94,0.2792,0.9602329717313398,0.95189
ArbiterPUF,10,1.95,0.28102,0.9597019118455479,0.95098
ArbiterPUF,10,1.96,0.2832,0.9590608739803747,0.94989
ArbiterPUF,10,1.97,0.28464,0.9586344821672127,0.94917
ArbiterPUF,10,1.98,0.28618,0.9581758750876582,0.9484
ArbiterPUF,10,1.99,0.28752,0.9577746340345415,0.94773
ArbiterPUF,10,2.0,0.28904,0.9573170208452368,0.94697
ArbiterPUF,10,2.01,0.2904,0.9569053453712127,0.94629
ArbiterPUF,10,2.02,0.29194,0.9564366348065092,0.94552
ArbiterPUF,10,2.03,0.29354,0.9559467916155167,0.94472
ArbiterPUF,10,2.04,0.29532,0.9553983973191498,0.94383
ArbiterPUF,10,2.05,0.29704,0.9548650367460315,0.94297
ArbiterPUF,10,2.06,0.29842,0.9544346512988725,0.94228
ArbiterPUF,10,2.07,0.30022,0.9538699867382346,0.94138
ArbiterPUF,10,2.08,0.30188,0.9533459317582469,0.94055
ArbiterPUF,10,2.09,0.3033,0.9528951201470182,0.93984
ArbiterPUF,10,2.1,0.30506,0.9523331330999674,0.93896
ArbiterPUF,10,2.11,0.30672,0.9517997907123115,0.93813
ArbiterPUF,10,2.12,0.30842,0.9512502844152005,0.93728
ArbiterPUF,10,2.13,0.30968,0.9508408371541475,0.93665
ArbiterPUF,10,2.14,0.31106,0.9503902758340914,0.93596
ArbiterPUF,10,2.15,0.3124,0.9499506513498477,0.93529
ArbiterPUF,10,2.16,0.31386,0.9494692730151936,0.93456
ArbiterPUF,10,2.17,0.31594,0.9487791715673356,0.93352
ArbiterPUF,10,2.18,0.31784,0.9481443636915214,0.93257
ArbiterPUF,10,2.19,0.31944,0.9476065039878103,0.93177
ArbiterPUF,10,2.2,0.32124,0.9469978154145867,0.93087
ArbiterPUF,10,2.21,0.32336,0.9462760223106154,0.92981
ArbiterPUF,10,2.22,0.32506,0.945693394499507,0.92896
ArbiterPUF,10,2.23,0.32658,0.945169563411772,0.9282
ArbiterPUF,10,2.24,0.3281,0.9446429960572406,0.92744
ArbiterPUF,10,2.25,0.32998,0.9439879234397017,0.9265
ArbiterPUF,10,2.26,0.33142,0.9434833244949271,0.92578
ArbiterPUF,10,2.27,0.33308,0.9428985701548179,0.92495
ArbiterPUF,10,2.28,0.33452,0.9423886510352297,0.92423
ArbiterPUF,10,2.29,0.33642,0.9417120491955064,0.92328
ArbiterPUF,10,2.3,0.33822,0.9410670707234422,0.92238
ArbiterPUF,10,2.31,0.33972,0.9405266192936804,0.92163
ArbiterPUF,10,2.32,0.34124,0.939976203103036,0.92087
ArbiterPUF,10,2.33,0.34272,0.939437598566291,0.92013
ArbiterPUF,10,2.34,0.34456,0.93876429757421,0.91921
ArbiterPUF,10,2.35,0.34644,0.938072132834144,0.91827
ArbiterPUF,10,2.36,0.34828,0.9373905491309372,0.91735
ArbiterPUF,10,2.37,0.35002,0.9367422268692707,0.91648
ArbiterPUF,10,2.38,0.35138,0.9362329280686511,0.9158
ArbiterPUF,10,2.39,0.35316,0.935562939838897,0.91491
ArbiterPUF,10,2.4,0.35468,0.9349877526470602,0.91415
ArbiterPUF,10,2.41,0.35638,0.93434110238178,0.9133
ArbiterPUF,10,2.42,0.3577,0.9338365542213475,0.91264
ArbiterPUF,10,2.43,0.35926,0.9332375112478066,0.91186
ArbiterPUF,10,2.44,0.36062,0.9327128259008771,0.91118
ArbiterPUF,10,2.45,0.36222,0.9320926303753292,0.91038
ArbiterPUF,10,2.46,0.36344,0.9316176073905003,0.90977
ArbiterPUF,10,2.47,0.36498,0.9310153594866198,0.909
ArbiterPUF,10,2.48,0.36656,0.9303944144286336,0.90821
ArbiterPUF,10,2.49,0.36818,0.9297545308305842,0.9074
ArbiterPUF,10,2.5,0.36968,0.9291591347019087,0.90665
ArbiterPUF,10,2.51,0.37118,0.92856093370333,0.9059
ArbiterPUF,10,2.52,0.3732,0.9277509148472988,0.90489
ArbiterPUF,10,2.53,0.37508,0.9269924452766592,0.90395
ArbiterPUF,10,2.54,0.37664,0.9263597089683899,0.90317
ArbiterPUF,10,2.55,0.37812,0.9257565909028139,0.90243
ArbiterPUF,10,2.56,0.37998,0.9249947024713168,0.9015
ArbiterPUF,10,2.57,0.38148,0.9243770927494904,0.90075
ArbiterPUF,10,2.58,0.38316,0.9236819876992298,0.89991
ArbiterPUF,10,2.59,0.38512,0.9228665047556986,0.89893
ArbiterPUF,10,2.6,0.38664,0.9222307251442017,0.89817
ArbiterPUF,10,2.61,0.38856,0.9214234240564972,0.89721
ArbiterPUF,10,2.62,0.38988,0.9208656718544783,0.89655
ArbiterPUF,10,2.63,0.3916,0.9201355552308584,0.89569
ArbiterPUF,10,2.64,0.39344,0.9193502958067724,0.89477
ArbiterPUF,10,2.65,0.39492,0.9187155128765381,0.89403
ArbiterPUF,10,2.66,0.3966,0.9179915250153456,0.89319
ArbiterPUF,10,2.67,0.3982,0.9172986209517596,0.89239
ArbiterPUF,10,2.68,0.40002,0.9165064100157728,0.89148
ArbiterPUF,10,2.69,0.4015,0.9158590229942597,0.89074
ArbiterPUF,10,2.7,0.40322,0.9151030715717218,0.88988
ArbiterPUF,10,2.71,0.40522,0.9142192032548868,0.88888
ArbiterPUF,10,2.72,0.40696,0.9134459800119544,0.88801
ArbiterPUF,10,2.73,0.40862,0.9127046047873321,0.88718
ArbiterPUF,10,2.74,0.4102,0.9119955920946109,0.88639
ArbiterPUF,10,2.75,0.41166,0.9113375030141139,0.88566
ArbiterPUF,10,2.76,0.41316,0.9106584510122331,0.88491
ArbiterPUF,10,2.77,0.41508,0.9097849161202886,0.88395
ArbiterPUF,10,2.78,0.41676,0.9090165578249937,0.88311
ArbiterPUF,10,2.79,0.41838,0.9082720823629887,0.8823
ArbiterPUF,10,2.8,0.41992,0.9075611238919391,0.88153
ArbiterPUF,10,2.81,0.42158,0.906791212793772,0.8807
ArbiterPUF,10,2.82,0.42314,0.9060643136113462,0.87992
ArbiterPUF,10,2.83,0.42476,0.9053059937943635,0.87911
ArbiterPUF,10,2.84,0.42628,0.9045912677005014,0.87835
ArbiterPUF,10,2.85,0.42786,0.9038450201223658,0.87756
ArbiterPUF,10,2.86,0.42944,0.9030953916392221,0.87677
ArbiterPUF,10,2.87,0.43076,0.9024665214843152,0.87611
ArbiterPUF,10,2.88,0.43224,0.9017586053928182,0.87537
ArbiterPUF,10,2.89,0.43422,0.9008068558797718,0.87438
ArbiterPUF,10,2.9,0.4358,0.9000435322805226,0.87359
ArbiterPUF,10,2.91,0.43758,0.8991794835292896,0.8727
ArbiterPUF,10,2.92,0.43922,0.898379536498912,0.87188
ArbiterPUF,10,2.93,0.44062,0.8976937203746055,0.87118
ArbiterPUF,10,2.94,0.4421,0.8969657685775975,0.87044
ArbiterPUF,10,2.95,0.4438,0.8961258616957778,0.86959
ArbiterPUF,10,2.96,0.44534,0.8953615383743039,0.86882
ArbiterPUF,10,2.97,0.4469,0.8945839200432792,0.86804
ArbiterPUF,10,2.98,0.44834,0.8938631015988969,0.86732
ArbiterPUF,10,2.99,0.44956,0.893250136523919,0.86671
ArbiterPUF,10,3.0,0.45098,0.8925340551485975,0.866
ArbiterPUF,15,0.5,0.05508,0.9984819445538312,0.93839
ArbiterPUF,15,0.51,0.0561,0.9984251549315051,0.9389
ArbiterPUF,15,0.52,0.05732,0.9983558571972221,0.93951
ArbiterPUF,15,0.53,0.05844,0.9982909227274381,0.94007
ArbiterPUF,15,0.54,0.05976,0.9982127741118123,0.94073
ArbiterPUF,15,0.55,0.06126,0.9981218424621315,0.94148
ArbiterPUF,15,0.56,0.06274,0.9980299055639565,0.94222
ArbiterPUF,15,0.57,0.06402,0.9979486157112502,0.94286
ArbiterPUF,15,0.58,0.06524,0.9978696019019719,0.94347
ArbiterPUF,15,0.59,0.06646,0.9977890901387928,0.94408
ArbiterPUF,15,0.6,0.06776,0.9977016499936242,0.94473
ArbiterPUF,15,0.61,0.0692,0.9976028067322185,0.94545
ArbiterPUF,15,0.62,0.07082,0.9974891115195191,0.94626
ArbiterPUF,15,0.63,0.07218,0.9973916219820579,0.94694
ArbiterPUF,15,0.64,0.0738,0.9972730619043111,0.94775
ArbiterPUF,15,0.65,0.0751,0.9971760075332741,0.9484
ArbiterPUF,15,0.66,0.07628,0.9970864363734971,0.94899
ArbiterPUF,15,0.67,0.07798,0.9969549235547213,0.94984
ArbiterPUF,15,0.68,0.07952,0.9968332707128106,0.95061
ArbiterPUF,15,0.69,0.08082,0.9967287131411436,0.95126
ArbiterPUF,15,0.7,0.08214,0.996620800706066,0.95192
ArbiterPUF,15,0.71,0.08362,0.996497714799186,0.95266
ArbiterPUF,15,0.72,0.0851,0.9963724153146754,0.9534
ArbiterPUF,15,0.73,0.08634,0.9962657298130857,0.95402
ArbiterPUF,15,0.74,0.08806,0.9961151722567024,0.95488
ArbiterPUF,15,0.75,0.0896,0.9959778310785837,0.95565
ArbiterPUF,15,0.76,0.09092,0.9958581995444933,0.95631
ArbiterPUF,15,0.77,0.09238,0.9957238249635287,0.95704
ArbiterPUF,15,0.78,0.09382,0.9955891761163335,0.95776
ArbiterPUF,15,0.79,0.0952,0.995458165871374,0.95845
ArbiterPUF,15,0.8,0.09668,0.9953155166076735,0.95919
ArbiterPUF,15,0.81,0.09826,0.995160777161158,0.95998
ArbiterPUF,15,0.82,0.09962,0.9950255552497131,0.96066
ArbiterPUF,15,0.83,0.10104,0.9948823641014047,0.96137
ArbiterPUF,15,0.84,0.1027,0.9947123755136458,0.9622
ArbiterPUF,15,0.85,0.104,0.9945772971468835,0.96285
ArbiterPUF,15,0.86,0.10554,0.9944150584137391,0.96362
ArbiterPUF,15,0.87,0.10706,0.9942525616763579,0.96438
ArbiterPUF,15,0.88,0.10886,0.994057091117004,0.96528
ArbiterPUF,15,0.89,0.11052,0.9938739002509323,0.96611
ArbiterPUF,15,0.9,0.11214,0.9936924174008774,0.96692
ArbiterPUF,15,0.91,0.1135,0.9935379962537921,0.9676
ArbiterPUF,15,0.92,0.11488,0.9933793764720505,0.96829
ArbiterPUF,15,0.93,0.11616,0.9932305142312132,0.96893
ArbiterPUF,15,0.94,0.1178,0.9930373406876499,0.96975
ArbiterPUF,15,0.95,0.11918,0.9928726643432177,0.97044
ArbiterPUF,15,0.96,0.12116,0.9926329907876323,0.97143
ArbiterPUF,15,0.97,0.12262,0.9924536944361687,0.97216
ArbiterPUF,15,0.98,0.12416,0.9922622105068799,0.97293
ArbiterPUF,15,0.99,0.12546,0.9920986787613418,0.97358
ArbiterPUF,15,1.0,0.12728,0.9918668265447736,0.97449
ArbiterPUF,15,1.01,0.12892,0.9916549972646735,0.97531
ArbiterPUF,15,1.02,0.13034,0.9914693562586794,0.97602
ArbiterPUF,15,1.03,0.13172,0.991286962286905,0.97671
ArbiterPUF,15,1.04,0.13352,0.99104611880578,0.97761
ArbiterPUF,15,1.05,0.13476,0.9908782682045256,0.97823
ArbiterPUF,15,1.06,0.13626,0.9906731107686327,0.97898
ArbiterPUF,15,1.07,0.138,0.9904322288778773,0.97985
ArbiterPUF,15,1.08,0.13942,0.9902333379562618,0.98056
ArbiterPUF,15,1.09,0.14076,0.9900437477202713,0.98123
ArbiterPUF,15,1.1,0.14242,0.9898063162053474,0.98206
ArbiterPUF,15,1.11,0.14402,0.9895747771644141,0.98286
ArbiterPUF,15,1.12,0.14556,0.9893494258349778,0.98363
ArbiterPUF,15,1.13,0.14674,0.9891750969368366,0.98422
ArbiterPUF,15,1.14,0.1485,0.9889124076479171,0.9851
ArbiterPUF,15,1.15,0.14984,0.9887102580635037,0.98577
ArbiterPUF,15,1.16,0.15142,0.9884695157666724,0.98656
ArbiterPUF,15,1.17,0.15308,0.9882137995393507,0.98741
ArbiterPUF,15,1.18,0.15436,0.9880146711461325,0.98805
ArbiterPUF,15,1.19,0.15586,0.9877791556820786,0.9888
ArbiterPUF,15,1.2,0.15752,0.9875157971394685,0.98963
ArbiterPUF,15,1.21,0.15906,0.9872689179752395,0.9904
ArbiterPUF,15,1.22,0.16032,0.9870650928890152,0.99103
ArbiterPUF,15,1.23,0.16188,0.9868104506945596,0.99181
ArbiterPUF,15,1.24,0.16318,0.9865963144062521,0.99246
ArbiterPUF,15,1.25,0.16464,0.9863537247863972,0.99319
ArbiterPUF,15,1.26,0.166,0.9861257526299574,0.99387
ArbiterPUF,15,1.27,0.16778,0.9858244628735888,0.99476
ArbiterPUF,15,1.28,0.169,0.9856160510056643,0.99537
ArbiterPUF,15,1.29,0.1704,0.9853749743118099,0.99607
ArbiterPUF,15,1.3,0.17178,0.9851353366923755,0.99676
ArbiterPUF,15,1.31,0.17294,0.9849323613324928,0.99734
ArbiterPUF,15,1.32,0.17426,0.9846996762465194,0.998
ArbiterPUF,15,1.33,0.17548,0.9844829960949047,0.99861
ArbiterPUF,15,1.34,0.17676,0.9842539826691075,0.99925
ArbiterPUF,15,1.35,0.17826,0.9839834207952897,1.0
ArbiterPUF,15,1.36,0.18,0.983666610188635,0.99913
ArbiterPUF,15,1.37,0.18136,0.9834167734994153,0.99845
ArbiterPUF,15,1.38,0.18308,0.9830980183074322,0.99759
ArbiterPUF,15,1.39,0.18478,0.9827799100510756,0.99674
ArbiterPUF,15,1.4,0.1864,0.9824739385856501,0.99593
ArbiterPUF,15,1.41,0.18764,0.9822378685430532,0.99531
ArbiterPUF,15,1.42,0.18908,0.981961686421624,0.99459
ArbiterPUF,15,1.43,0.19064,0.9816600177250776,0.99381
ArbiterPUF,15,1.44,0.19226,0.9813440234698536,0.993
ArbiterPUF,15,1.45,0.1942,0.9809619564488726,0.99203
ArbiterPUF,15,1.46,0.19582,0.9806398562163381,0.99122
ArbiterPUF,15,1.47,0.19736,0.9803310820330038,0.99045
ArbiterPUF,15,1.48,0.19888,0.9800238495057146,0.98969
ArbiterPUF,15,1.49,0.20038,0.9797182531728191,0.98894
ArbiterPUF,15,1.5,0.20174,0.9794391111243211,0.98826
ArbiterPUF,15,1.51,0.20374,0.9790250315492449,0.98726
ArbiterPUF,15,1.52,0.2053,0.9786990906300056,0.98648
ArbiterPUF,15,1.53,0.20708,0.9783240125847876,0.98559
ArbiterPUF,15,1.54,0.20832,0.9780607228592713,0.98497
ArbiterPUF,15,1.55,0.21016,0.9776670058869739,0.98405
ArbiterPUF,15,1.56,0.21194,0.9772826798833588,0.98316
ArbiterPUF,15,1.57,0.21356,0.9769299495869701,0.98235
ArbiterPUF,15,1.58,0.21522,0.9765655900143114,0.98152
ArbiterPUF,15,1.59,0.2169,0.9761938280894835,0.98068
ArbiterPUF,15,1.6,0.21832,0.9758772349020137,0.97997
ArbiterPUF,15,1.61,0.2198,0.9755449553967259,0.97923
ArbiterPUF,15,1.62,0.22136,0.9751921607560224,0.97845
ArbiterPUF,15,1.63,0.22306,0.9748047170587554,0.9776
ArbiterPUF,15,1.64,0.22486,0.9743910818557403,0.9767
ArbiterPUF,15,1.65,0.2264,0.9740344141764191,0.97593
ArbiterPUF,15,1.66,0.22794,0.97367518012939,0.97516
ArbiterPUF,15,1.67,0.22932,0.9733510865047615,0.97447
ArbiterPUF,15,1.68,0.23108,0.9729347530024816,0.97359
ArbiterPUF,15,1.69,0.23274,0.9725389927401369,0.97276
ArbiterPUF,15,1.7,0.23448,0.9721209439159307,0.97189
ArbiterPUF,15,1.71,0.23598,0.9717579120336506,0.97114
ArbiterPUF,15,1.72,0.23762,0.971358191194165,0.97032
ArbiterPUF,15,1.73,0.23958,0.9708766263537298,0.96934
ArbiterPUF,15,1.74,0.24152,0.9703958417058475,0.96837
ArbiterPUF,15,1.75,0.24292,0.9700463254917262,0.96767
ArbiterPUF,15,1.76,0.24442,0.9696694610020469,0.9669
ArbiterPUF,15,1.77,0.24564,0.9693611248652382,0.96629
ArbiterPUF,15,1.78,0.24712,0.9689848840926263,0.96555
ArbiterPUF,15,1.79,0.24872,0.9685754289677186,0.96475
ArbiterPUF,15,1.8,0.25046,0.9681269484938427,0.96388
ArbiterPUF,15,1.81,0.25196,0.9677376495724447,0.96313
ArbiterPUF,15,1.82,0.25326,0.9673982491197719,0.96248
ArbiterPUF,15,1.83,0.25488,0.9669726912379687,0.96167
ArbiterPUF,15,1.84,0.25634,0.9665866771273024,0.96094
ArbiterPUF,15,1.85,0.25792,0.9661662763727575,0.96015
ArbiterPUF,15,1.86,0.25926,0.9658075648906462,0.95948
ArbiterPUF,15,1.87,0.26116,0.9652955269760655,0.95853
ArbiterPUF,15,1.88,0.26276,0.9648612244255648,0.95773
ArbiterPUF,15,1.89,0.2644,0.9644131065057132,0.95691
ArbiterPUF,15,1.9,0.26578,0.9640337087467429,0.95622
ArbiterPUF,15,1.91,0.26742,0.9635800660038583,0.9554
ArbiterPUF,15,1.92,0.2691,0.9631122416416479,0.95456
ArbiterPUF,15,1.93,0.2705,0.9627199748628883,0.95386
ArbiterPUF,15,1.94,0.27196,0.9623085567529783,0.95313
ArbiterPUF,15,1.95,0.27368,0.9618208032684674,0.95227
ArbiterPUF,15,1.96,0.27544,0.9613182648842161,0.95139
ArbiterPUF,15,1.97,0.27698,0.9608756837385364,0.95062
ArbiterPUF,15,1.98,0.27866,0.9603898189797722,0.94978
ArbiterPUF,15,1.99,0.28052,0.9598481804952282,0.94885
ArbiterPUF,15,2.0,0.28248,0.9592731882003165,0.94787
ArbiterPUF,15,2.01,0.2842,0.9587650181353093,0.94701
ArbiterPUF,15,2.02,0.2857,0.9583191065610661,0.94626
ArbiterPUF,15,2.03,0.28712,0.9578946213441226,0.94555
ArbiterPUF,15,2.04,0.2883,0.9575401349290796,0.94496
ArbiterPUF,15,2.05,0.28964,0.9571356593503345,0.94429
ArbiterPUF,15,2.06,0.29142,0.9565952036258597,0.9434
ArbiterPUF,15,2.07,0.29272,0.9561982020480899,0.94275
ArbiterPUF,15,2.08,0.29446,0.9556638051114001,0.94188
ArbiterPUF,15,2.09,0.29606,0.955169344357324,0.94108
ArbiterPUF,15,2.1,0.29768,0.9546657098691668,0.94027
ArbiterPUF,15,2.11,0.29912,0.9542155027036608,0.93955
ArbiterPUF,15,2.12,0.30086,0.9536683178128547,0.93868
ArbiterPUF,15,2.13,0.30232,0.9532064926342038,0.93795
ArbiterPUF,15,2.14,0.3039,0.9527039361732479,0.93716
ArbiterPUF,15,2.15,0.3058,0.952095772493503,0.93621
ArbiterPUF,15,2.16,0.30742,0.9515739296554947,0.9354
ArbiterPUF,15,2.17,0.30892,0.9510880262099821,0.93465
ArbiterPUF,15,2.18,0.31006,0.9507169906970211,0.93408
ArbiterPUF,15,2.19,0.31138,0.9502854811055466,0.93342
ArbiterPUF,15,2.2,0.3127,0.9498519410939791,0.93276
ArbiterPUF,15,2.21,0.31444,0.9492773495665006,0.93189
ArbiterPUF,15,2.22,0.3164,0.9486258693499773,0.93091
ArbiterPUF,15,2.23,0.31816,0.948037032188089,0.93003
ArbiterPUF,15,2.24,0.3196,0.9475525526323064,0.92931
ArbiterPUF,15,2.25,0.32148,0.9469163688520755,0.92837
ArbiterPUF,15,2.26,0.3236,0.9461939758844377,0.92731
ArbiterPUF,15,2.27,0.32518,0.9456521387910037,0.92652
ArbiterPUF,15,2.28,0.32668,0.9451350049596089,0.92577
ArbiterPUF,15,2.29,0.32818,0.944615206102464,0.92502
ArbiterPUF,15,2.3,0.33004,0.9439669477264551,0.92409
ArbiterPUF,15,2.31,0.33142,0.9434833244949271,0.9234
ArbiterPUF,15,2.32,0.33304,0.9429126992463299,0.92259
ArbiterPUF,15,2.33,0.33446,0.9424099471037007,0.92188
ArbiterPUF,15,2.34,0.33626,0.9417691927431052,0.92098
ArbiterPUF,15,2.35,0.338,0.9411461098044234,0.92011
ArbiterPUF,15,2.36,0.33948,0.9406132731362022,0.91937
ArbiterPUF,15,2.37,0.34106,0.9400415290826251,0.91858
ArbiterPUF,15,2.38,0.34258,0.9394886607085793,0.91782
ArbiterPUF,15,2.39,0.34424,0.9388816871150487,0.91699
ArbiterPUF,15,2.4,0.34614,0.9381828715127983,0.91604
ArbiterPUF,15,2.41,0.34794,0.9375168032627468,0.91514
ArbiterPUF,15,2.42,0.34964,0.9368841285879489,0.91429
ArbiterPUF,15,2.43,0.35098,0.936382955633004,0.91362
ArbiterPUF,15,2.44,0.3527,0.935736453281585,0.91276
ArbiterPUF,15,2.45,0.35422,0.9351621204903457,0.912
ArbiterPUF,15,2.46,0.35578,0.934569736081797,0.91122
ArbiterPUF,15,2.47,0.35724,0.934012624325817,0.91049
ArbiterPUF,15,2.48,0.35856,0.9335066825684752,0.90983
ArbiterPUF,15,2.49,0.36008,0.9329214294891077,0.90907
ArbiterPUF,15,2.5,0.3617,0.9322945403680104,0.90826
ArbiterPUF,15,2.51,0.36296,0.9318047211728432,0.90763
ArbiterPUF,15,2.52,0.3644,0.9312425248022128,0.90691
ArbiterPUF,15,2.53,0.36586,0.9306698987288673,0.90618
ArbiterPUF,15,2.54,0.36742,0.9300551293337401,0.9054
ArbiterPUF,15,2.55,0.36886,0.9294849651285383,0.90468
ArbiterPUF,15,2.56,0.3705,0.9288324660561775,0.90386
ArbiterPUF,15,2.57,0.37202,0.9282247139567016,0.9031
ArbiterPUF,15,2.58,0.37386,0.9274851483447053,0.90218
ArbiterPUF,15,2.59,0.37574,0.9267251223529014,0.90124
ArbiterPUF,15,2.6,0.3773,0.9260910916319193,0.90046
ArbiterPUF,15,2.61,0.37872,0.9255112973918795,0.89975
ArbiterPUF,15,2.62,0.38048,0.9247891487252649,0.89887
ArbiterPUF,15,2.63,0.3818,0.9242449675275489,0.89821
ArbiterPUF,15,2.64,0.38368,0.9234661106938359,0.89727
ArbiterPUF,15,2.65,0.38552,0.922699479570678,0.89635
ArbiterPUF,15,2.66,0.38704,0.9220629254015151,0.89559
ArbiterPUF,15,2.67,0.38884,0.9213052992358178,0.89469
ArbiterPUF,15,2.68,0.39018,0.9207385989519501,0.89402
ArbiterPUF,15,2.69,0.39192,0.9199993008692995,0.89315
ArbiterPUF,15,2.7,0.39366,0.9192561146927445,0.89228
ArbiterPUF,15,2.71,0.39526,0.9185692855740387,0.89148
ArbiterPUF,15,2.72,0.39682,0.917896447100652,0.8907
ArbiterPUF,15,2.73,0.39836,0.9172291482503158,0.88993
ArbiterPUF,15,2.74,0.40008,0.9164802199720409,0.88907
ArbiterPUF,15,2.75,0.4016,0.9158151778606859,0.88831
ArbiterPUF,15,2.76,0.40324,0.9150942587515234,0.88749
ArbiterPUF,15,2.77,0.40522,0.9142192032548868,0.8865
ArbiterPUF,15,2.78,0.40688,0.9134816175490342,0.88567
ArbiterPUF,15,2.79,0.40856,0.9127314645611819,0.88483
ArbiterPUF,15,2.8,0.41008,0.9120495565483269,0.88407
ArbiterPUF,15,2.81,0.41156,0.9113826673796248,0.88333
ArbiterPUF,15,2.82,0.41306,0.9107038137616422,0.88258
ArbiterPUF,15,2.83,0.41472,0.9099490763773543,0.88175
ArbiterPUF,15,2.84,0.41654,0.9091173897797797,0.88084
ArbiterPUF,15,2.85,0.41814,0.9083825958262299,0.88004
ArbiterPUF,15,2.86,0.4196,0.9077091164023857,0.87931
ArbiterPUF,15,2.87,0.42114,0.9069956451935146,0.87854
ArbiterPUF,15,2.88,0.42272,0.9062603387548194,0.87775
ArbiterPUF,15,2.89,0.42432,0.905512306708197,0.87695
ArbiterPUF,15,2.9,0.42586,0.9047890695626246,0.87618
ArbiterPUF,15,2.91,0.42738,0.9040720854002738,0.87542
ArbiterPUF,15,2.92,0.42892,0.9033424785760935,0.87465
ArbiterPUF,15,2.93,0.43028,0.9026954755619417,0.87397
ArbiterPUF,15,2.94,0.43162,0.9020555280025727,0.8733
ArbiterPUF,15,2.95,0.4335,0.901153566269368,0.87236
ArbiterPUF,15,2.96,0.4352,0.9003338047635443,0.87151
ArbiterPUF,15,2.97,0.43674,0.899587779152207,0.87074
ArbiterPUF,15,2.98,0.43846,0.8987507042556351,0.86988
ArbiterPUF,15,2.99,0.43982,0.8980859466665762,0.8692
ArbiterPUF,15,3.0,0.4413,0.8973596324774142,0.86846
ArbiterPUF,20,0.5,0.0539,0.9985463384340258,0.93974
ArbiterPUF,20,0.51,0.055,0.9984863544385573,0.94029
ArbiterPUF,20,0.52,0.05594,0.9984341322290623,0.94076
ArbiterPUF,20,0.53,0.0571,0.9983684640452141,0.94134
ArbiterPUF,20,0.54,0.0583,0.9982991084840254,0.94194
ArbiterPUF,20,0.55,0.05938,0.9982354509833838,0.94248
ArbiterPUF,20,0.56,0.06102,0.9981365435650575,0.9433
ArbiterPUF,20,0.57,0.06236,0.998053721199415,0.94397
ArbiterPUF,20,0.58,0.0637,0.9979690927077852,0.94464
ArbiterPUF,20,0.59,0.0648,0.9978982713683793,0.94519
ArbiterPUF,20,0.6,0.06614,0.9978103529228387,0.94586
ArbiterPUF,20,0.61,0.06728,0.997734133725012,0.94643
ArbiterPUF,20,0.62,0.0687,0.997637363975508,0.94714
ArbiterPUF,20,0.63,0.0702,0.9975329367995825,0.94789
ArbiterPUF,20,0.64,0.07174,0.997423366680368,0.94866
ArbiterPUF,20,0.65,0.0731,0.997324616160656,0.94934
ArbiterPUF,20,0.66,0.07454,0.9972180245061759,0.95006
ArbiterPUF,20,0.67,0.07572,0.9971291198235063,0.95065
ArbiterPUF,20,0.68,0.07724,0.9970125287076387,0.95141
ArbiterPUF,20,0.69,0.0787,0.9968983448677204,0.95214
ArbiterPUF,20,0.7,0.08006,0.9967900462986176,0.95282
ArbiterPUF,20,0.71,0.08144,0.9966782461757656,0.95351
ArbiterPUF,20,0.72,0.0828,0.9965661844554028,0.95419
ArbiterPUF,20,0.73,0.08424,0.9964454939433467,0.95491
ArbiterPUF,20,0.74,0.08556,0.9963330198282099,0.95557
ArbiterPUF,20,0.75,0.08696,0.9962118039854777,0.95627
ArbiterPUF,20,0.76,0.0887,0.9960583868428599,0.95714
ArbiterPUF,20,0.77,0.09006,0.9959363415399601,0.95782
ArbiterPUF,20,0.78,0.09128,0.9958252666005216,0.95843
ArbiterPUF,20,0.79,0.09284,0.9956810404943945,0.95921
ArbiterPUF,20,0.8,0.09424,0.9955495077594082,0.95991
ArbiterPUF,20,0.81,0.0956,0.9954198310260852,0.96059
ArbiterPUF,20,0.82,0.09708,0.9952765814586416,0.96133
ArbiterPUF,20,0.83,0.09852,0.9951350710330734,0.96205
ArbiterPUF,20,0.84,0.09996,0.9949914564457325,0.96277
ArbiterPUF,20,0.85,0.10134,0.9948518504782509,0.96346
ArbiterPUF,20,0.86,0.10306,0.9946751411390555,0.96432
ArbiterPUF,20,0.87,0.10426,0.994550075360713,0.96492
ArbiterPUF,20,0.88,0.10576,0.9943916845991825,0.96567
ArbiterPUF,20,0.89,0.10722,0.994235320032436,0.9664
ArbiterPUF,20,0.9,0.10904,0.9940373626780837,0.96731
ArbiterPUF,20,0.91,0.1106,0.9938650008929784,0.96809
ArbiterPUF,20,0.92,0.1122,0.9936856444570387,0.96889
ArbiterPUF,20,0.93,0.11354,0.9935334259097677,0.96956
ArbiterPUF,20,0.94,0.11488,0.9933793764720505,0.97023
ArbiterPUF,20,0.95,0.11612,0.9932351914828632,0.97085
ArbiterPUF,20,0.96,0.11776,0.9930420849087918,0.97167
ArbiterPUF,20,0.97,0.1191,0.9928822639165231,0.97234
ArbiterPUF,20,0.98,0.1209,0.9926646916255257,0.97324
ArbiterPUF,20,0.99,0.12258,0.9924586357123403,0.97408
ArbiterPUF,20,1.0,0.12388,0.9922972062844881,0.97473
ArbiterPUF,20,1.01,0.12526,0.992123950119137,0.97542
ArbiterPUF,20,1.02,0.1269,0.9919155155556344,0.97624
ArbiterPUF,20,1.03,0.12856,0.991701732578904,0.97707
ArbiterPUF,20,1.04,0.13,0.9915139938498094,0.97779
ArbiterPUF,20,1.05,0.1314,0.991329430613255,0.97849
ArbiterPUF,20,1.06,0.13312,0.991099927151647,0.97935
ArbiterPUF,20,1.07,0.13446,0.990919022120375,0.98002
ArbiterPUF,20,1.08,0.13596,0.9907143273416408,0.98077
ArbiterPUF,20,1.09,0.13748,0.9905045429476838,0.98153
ArbiterPUF,20,1.1,0.1389,0.9903064121775644,0.98224
ArbiterPUF,20,1.11,0.14018,0.9901260362196321,0.98288
ArbiterPUF,20,1.12,0.14176,0.9899010568738675,0.98367
ArbiterPUF,20,1.13,0.1433,0.9896792965400459,0.98444
ArbiterPUF,20,1.14,0.14498,0.9894345858115129,0.98528
ArbiterPUF,20,1.15,0.14618,0.9892580086104938,0.98588
ArbiterPUF,20,1.16,0.14772,0.9890292218129859,0.98665
ArbiterPUF,20,1.17,0.14928,0.9887949643884723,0.98743
ArbiterPUF,20,1.18,0.15066,0.9885856383743392,0.98812
ArbiterPUF,20,1.19,0.15238,0.988321979721184,0.98898
ArbiterPUF,20,1.2,0.15368,0.9881206695540782,0.98965
ArbiterPUF,20,1.21,0.15478,0.9879489620420683,0.9902
ArbiterPUF,20,1.22,0.15648,0.9876811274900417,0.99105
ArbiterPUF,20,1.23,0.15814,0.9874167004866792,0.99188
ArbiterPUF,20,1.24,0.1596,0.987181766444255,0.99261
ArbiterPUF,20,1.25,0.16094,0.9869641920556188,0.99328
ArbiterPUF,20,1.26,0.16244,0.9867184230569529,0.99403
ArbiterPUF,20,1.27,0.16362,0.9865234389511481,0.99462
ArbiterPUF,20,1.28,0.16496,0.9863002577308799,0.99529
ArbiterPUF,20,1.29,0.16642,0.9860549597258764,0.99602
ArbiterPUF,20,1.3,0.16804,0.985780177524381,0.99683
ArbiterPUF,20,1.31,0.16918,0.9855851701400545,0.9974
ArbiterPUF,20,1.32,0.17072,0.9853195834854801,0.99817
ArbiterPUF,20,1.33,0.1719,0.9851144045236574,0.99876
ArbiterPUF,20,1.34,0.17324,0.9848796385345775,0.99943
ArbiterPUF,20,1.35,0.17438,0.984678432585989,1.0
ArbiterPUF,20,1.36,0.1756,0.9844615990479263,0.99939
ArbiterPUF,20,1.37,0.17686,0.9842360186459344,0.99876
ArbiterPUF,20,1.38,0.1784,0.983958047886189,0.99799
ArbiterPUF,20,1.39,0.18006,0.9836556289677805,0.99716
ArbiterPUF,20,1.4,0.1814,0.9834093959282677,0.99649
ArbiterPUF,20,1.41,0.18308,0.9830980183074322,0.99565
ArbiterPUF,20,1.42,0.18472,0.9827911892156951,0.99483
ArbiterPUF,20,1.43,0.18634,0.9824853201956762,0.99402
ArbiterPUF,20,1.44,0.1876,0.9822455090251113,0.99339
ArbiterPUF,20,1.45,0.18892,0.9819924814376124,0.99273
ArbiterPUF,20,1.46,0.19052,0.9816833143127166,0.99193
ArbiterPUF,20,1.47,0.19204,0.981387099161182,0.99117
ArbiterPUF,20,1.48,0.19408,0.9809857050946258,0.99015
ArbiterPUF,20,1.49,0.19542,0.9807196457703903,0.98948
ArbiterPUF,20,1.5,0.1971,0.9803833892921688,0.98864
ArbiterPUF,20,1.51,0.1986,0.9800806293361786,0.98789
ArbiterPUF,20,1.52,0.2001,0.9797754793829044,0.98714
ArbiterPUF,20,1.53,0.2014,0.9795090811217629,0.98649
ArbiterPUF,20,1.54,0.20328,0.9791206471114784,0.98555
ArbiterPUF,20,1.55,0.20488,0.9787870992202543,0.98475
ArbiterPUF,20,1.56,0.20648,0.9784508212475475,0.98395
ArbiterPUF,20,1.57,0.2079,0.9781500856208111,0.98324
ArbiterPUF,20,1.58,0.2095,0.9778086469243357,0.98244
ArbiterPUF,20,1.59,0.21124,0.977434224078531,0.98157
ArbiterPUF,20,1.6,0.21288,0.9770783518224113,0.98075
ArbiterPUF,20,1.61,0.21446,0.9767327722565675,0.97996
ArbiterPUF,20,1.62,0.21622,0.9763446684444999,0.97908
ArbiterPUF,20,1.63,0.2177,0.9760157324551689,0.97834
ArbiterPUF,20,1.64,0.21922,0.9756754540317185,0.97758
ArbiterPUF,20,1.65,0.22074,0.9753326880608482,0.97682
ArbiterPUF,20,1.66,0.2221,0.9750238920149598,0.97614
ArbiterPUF,20,1.67,0.22388,0.9746167172791568,0.97525
ArbiterPUF,20,1.68,0.22562,0.9742153846044518,0.97438
ArbiterPUF,20,1.69,0.22702,0.9738900962634336,0.97368
ArbiterPUF,20,1.7,0.2285,0.9735439127229956,0.97294
ArbiterPUF,20,1.71,0.22994,0.9732048070164884,0.97222
ArbiterPUF,20,1.72,0.2316,0.9728111019103348,0.97139
ArbiterPUF,20,1.73,0.23326,0.9724144036366389,0.97056
ArbiterPUF,20,1.74,0.2349,0.9720195419846248,0.96974
ArbiterPUF,20,1.75,0.23642,0.9716509577003462,0.96898
ArbiterPUF,20,1.76,0.23808,0.9712455475316221,0.96815
ArbiterPUF,20,1.77,0.24018,0.9707283696276728,0.9671
ArbiterPUF,20,1.78,0.24188,0.9703061710614851,0.96625
ArbiterPUF,20,1.79,0.24318,0.9699811789926648,0.9656
ArbiterPUF,20,1.8,0.24464,0.9696139800972342,0.96485
ArbiterPUF,20,1.81,0.24584,0.9693104221042916,0.96425
ArbiterPUF,20,1.82,0.2473,0.9689389609258162,0.96352
ArbiterPUF,20,1.83,0.24892,0.9685240490560881,0.96271
ArbiterPUF,20,1.84,0.2505,0.968116599382533,0.96192
ArbiterPUF,20,1.85,0.25204,0.9677168172559574,0.96115
ArbiterPUF,20,1.86,0.25334,0.9673773019871823,0.9605
ArbiterPUF,20,1.87,0.25492,0.9669621469323397,0.95971
ArbiterPUF,20,1.88,0.25634,0.9665866771273024,0.959
ArbiterPUF,20,1.89,0.25788,0.9661769535649256,0.95823
ArbiterPUF,20,1.9,0.2592,0.9658236692067554,0.95757
ArbiterPUF,20,1.91,0.2611,0.9653117579310839,0.95662
ArbiterPUF,20,1.92,0.2626,0.9649047828672006,0.95587
ArbiterPUF,20,1.93,0.26424,0.9644569572562582,0.95505
ArbiterPUF,20,1.94,0.2656,0.9640833159016913,0.95437
ArbiterPUF,20,1.95,0.26722,0.9636355491574604,0.95356
ArbiterPUF,20,1.96,0.26872,0.9632183353736578,0.95281
ArbiterPUF,20,1.97,0.27038,0.9627536837634016,0.95198
ArbiterPUF,20,1.98,0.27174,0.9623707042507061,0.9513
ArbiterPUF,20,1.99,0.27318,0.9619629346289804,0.95058
ArbiterPUF,20,2.0,0.27498,0.9614499464870752,0.94968
ArbiterPUF,20,2.01,0.2765,0.961013917693183,0.94892
ArbiterPUF,20,2.02,0.27826,0.9605057898836427,0.94804
ArbiterPUF,20,2.03,0.2799,0.9600291610154349,0.94722
ArbiterPUF,20,2.04,0.28174,0.9594907880745913,0.9463
ArbiterPUF,20,2.05,0.28362,0.958936752658902,0.94536
ArbiterPUF,20,2.06,0.28506,0.9585096746512265,0.94464
ArbiterPUF,20,2.07,0.28654,0.9580682796126797,0.9439
ArbiterPUF,20,2.08,0.2877,0.9577205803364569,0.94332
ArbiterPUF,20,2.09,0.28912,0.9572928630257306,0.94261
ArbiterPUF,20,2.1,0.29046,0.9568871346193344,0.94194
ArbiterPUF,20,2.11,0.29198,0.9564244244058178,0.94118
ArbiterPUF,20,2.12,0.29354,0.9559467916155167,0.9404
ArbiterPUF,20,2.13,0.2953,0.9554045792228547,0.93952
ArbiterPUF,20,2.14,0.2969,0.9549085767758085,0.93872
ArbiterPUF,20,2.15,0.29824,0.9544909126859197,0.93805
ArbiterPUF,20,2.16,0.29976,0.9540146447513268,0.93729
ArbiterPUF,20,2.17,0.30162,0.9534282225736763,0.93636
ArbiterPUF,20,2.18,0.30288,0.9530287013516435,0.93573
ArbiterPUF,20,2.19,0.30456,0.9524931529412693,0.93489
ArbiterPUF,20,2.2,0.30622,0.9519607720909513,0.93406
ArbiterPUF,20,2.21,0.30794,0.9514057790448824,0.9332
ArbiterPUF,20,2.22,0.30928,0.9509710203786442,0.93253
ArbiterPUF,20,2.23,0.3104,0.9506060382724276,0.93197
ArbiterPUF,20,2.24,0.31166,0.9501936878342226,0.93134
ArbiterPUF,20,2.25,0.31302,0.9497465343974676,0.93066
ArbiterPUF,20,2.26,0.31474,0.9491779245220572,0.9298
ArbiterPUF,20,2.27,0.31672,0.9485190781423428,0.92881
ArbiterPUF,20,2.28,0.31834,0.9479766054075386,0.928
ArbiterPUF,20,2.29,0.31982,0.9474783203852213,0.92726
ArbiterPUF,20,2.3,0.32176,0.9468212621186747,0.92629
ArbiterPUF,20,2.31,0.32374,0.9461460840694739,0.9253
ArbiterPUF,20,2.32,0.32526,0.945624625525372,0.92454
ArbiterPUF,20,2.33,0.32674,0.9451142642030118,0.9238
ArbiterPUF,20,2.34,0.32818,0.944615206102464,0.92308
ArbiterPUF,20,2.35,0.33004,0.9439669477264551,0.92215
ArbiterPUF,20,2.36,0.33142,0.9434833244949271,0.92146
ArbiterPUF,20,2.37,0.33298,0.9429338893050774,0.92068
ArbiterPUF,20,2.38,0.33432,0.9424596212040066,0.92001
ArbiterPUF,20,2.39,0.33612,0.9418191682058716,0.91911
ArbiterPUF,20,2.4,0.33784,0.9412035563043735,0.91825
ArbiterPUF,20,2.41,0.33922,0.9407070700276469,0.91756
ArbiterPUF,20,2.42,0.34082,0.9401285697179934,0.91676
ArbiterPUF,20,2.43,0.34232,0.9395834276954865,0.91601
ArbiterPUF,20,2.44,0.34392,0.9389989529280638,0.91521
ArbiterPUF,20,2.45,0.34572,0.9383377225711431,0.91431
ArbiterPUF,20,2.46,0.34742,0.9377096264835931,0.91346
ArbiterPUF,20,2.47,0.3492,0.937048216475545,0.91257
ArbiterPUF,20,2.48,0.3507,0.9364878589709532,0.91182
ArbiterPUF,20,2.49,0.3523,0.9358871246042441,0.91102
ArbiterPUF,20,2.5,0.35376,0.935336229598747,0.91029
ArbiterPUF,20,2.51,0.35528,0.9347599272540519,0.90953
ArbiterPUF,20,2.52,0.35676,0.9341960727812978,0.90879
ArbiterPUF,20,2.53,0.35808,0.933690909027179,0.90813
ArbiterPUF,20,2.54,0.35962,0.933098845567821,0.90736
ArbiterPUF,20,2.55,0.36082,0.9326354741269495,0.90676
ArbiterPUF,20,2.56,0.36236,0.9320382129505207,0.90599
ArbiterPUF,20,2.57,0.36362,0.9315473662675453,0.90536
ArbiterPUF,20,2.58,0.3651,0.9309683077312569,0.90462
ArbiterPUF,20,2.59,0.36656,0.9303944144286336,0.90389
ArbiterPUF,20,2.6,0.36818,0.9297545308305842,0.90308
ArbiterPUF,20,2.61,0.36954,0.9292148236010874,0.9024
ArbiterPUF,20,2.62,0.37102,0.9286248756090911,0.90166
ArbiterPUF,20,2.63,0.37286,0.9278876119444639,0.90074
ArbiterPUF,20,2.64,0.37456,0.927202678166969,0.89989
ArbiterPUF,20,2.65,0.37622,0.9265303619417984,0.89906
ArbiterPUF,20,2.66,0.37766,0.9259443419558221,0.89834
ArbiterPUF,20,2.67,0.37932,0.9252655497747662,0.89751
ArbiterPUF,20,2.68,0.38092,0.9246079999653907,0.89671
ArbiterPUF,20,2.69,0.38232,0.924029987392184,0.89601
ArbiterPUF,20,2.7,0.38414,0.9232748563672682,0.8951
ArbiterPUF,20,2.71,0.38594,0.9225238839184599,0.8942
ArbiterPUF,20,2.72,0.38764,0.9218108430692274,0.89335
ArbiterPUF,20,2.73,0.38902,0.9212293089128244,0.89266
ArbiterPUF,20,2.74,0.39048,0.9206114107483135,0.89193
ArbiterPUF,20,2.75,0.3922,0.9198799704309253,0.89107
ArbiterPUF,20,2.76,0.3939,0.9191533005978926,0.89022
ArbiterPUF,20,2.77,0.39544,0.9184918107419358,0.88945
ArbiterPUF,20,2.78,0.39698,0.917827260218392,0.88868
ArbiterPUF,20,2.79,0.39852,0.9171596423742162,0.88791
ArbiterPUF,20,2.8,0.40014,0.9164540252516763,0.8871
ArbiterPUF,20,2.81,0.40166,0.915788864531558,0.88634
ArbiterPUF,20,2.82,0.40324,0.9150942587515234,0.88555
ArbiterPUF,20,2.83,0.40522,0.9142192032548868,0.88456
ArbiterPUF,20,2.84,0.40678,0.9135261526634033,0.88378
ArbiterPUF,20,2.85,0.40844,0.9127851699058218,0.88295
ArbiterPUF,20,2.86,0.40996,0.9121035020215632,0.88219
ArbiterPUF,20,2.87,0.4114,0.9114549028887824,0.88147
ArbiterPUF,20,2.88,0.41284,0.9108035652104137,0.88075
ArbiterPUF,20,2.89,0.4145,0.910049311850737,0.87992
ArbiterPUF,20,2.9,0.41616,0.9092914023568022,0.87909
ArbiterPUF,20,2.91,0.41788,0.9085022320280782,0.87823
ArbiterPUF,20,2.92,0.4193,0.9078477350304951,0.87752
ArbiterPUF,20,2.93,0.42074,0.9071812676637454,0.8768
ArbiterPUF,20,2.94,0.4224,0.906409532165235,0.87597
ArbiterPUF,20,2.95,0.42382,0.9057464367028997,0.87526
ArbiterPUF,20,2.96,0.42538,0.90501483722644,0.87448
ArbiterPUF,20,2.97,0.427,0.9042516242728018,0.87367
ArbiterPUF,20,2.98,0.42844,0.9035702332414454,0.87295
ArbiterPUF,20,2.99,0.42984,0.9029050749663555,0.87225
ArbiterPUF,20,3.0,0.4311,0.9023041560360897,0.87162
ArbiterPUF,25,0.5,0.05256,0.9986177679172347,0.94083
ArbiterPUF,25,0.51,0.05376,0.9985538855765372,0.94143
ArbiterPUF,25,0.52,0.0549,0.998491857753482,0.942
ArbiterPUF,25,0.53,0.05586,0.9984386112325586,0.94248
ArbiterPUF,25,0.54,0.05696,0.9983764612609813,0.94303
ArbiterPUF,25,0.55,0.05808,0.9983119320132359,0.94359
ArbiterPUF,25,0.56,0.05918,0.9982473278702025,0.94414
ArbiterPUF,25,0.57,0.06072,0.9981548384895,0.94491
ArbiterPUF,25,0.58,0.06216,0.9980661974037596,0.94563
ArbiterPUF,25,0.59,0.06348,0.9979831108791372,0.94629
ArbiterPUF,25,0.6,0.06454,0.9979151208394431,0.94682
ArbiterPUF,25,0.61,0.06576,0.9978354686019132,0.94743
ArbiterPUF,25,0.62,0.06694,0.9977570026815146,0.94802
ArbiterPUF,25,0.63,0.06818,0.9976730364202492,0.94864
ArbiterPUF,25,0.64,0.06966,0.9975707916734532,0.94938
ArbiterPUF,25,0.65,0.07106,0.9974720429164918,0.95008
ArbiterPUF,25,0.66,0.07248,0.9973698659975645,0.95079
ArbiterPUF,25,0.67,0.07402,0.997256757109221,0.95156
ArbiterPUF,25,0.68,0.07526,0.9971639445948695,0.95218
ArbiterPUF,25,0.69,0.07654,0.9970665115226766,0.95282
ArbiterPUF,25,0.7,0.07808,0.996947096690692,0.95359
ArbiterPUF,25,0.71,0.07958,0.9968284825384955,0.95434
ArbiterPUF,25,0.72,0.08082,0.9967287131411436,0.95496
ArbiterPUF,25,0.73,0.08212,0.9966224488741963,0.95561
ArbiterPUF,25,0.74,0.08356,0.9965027478135723,0.95633
ArbiterPUF,25,0.75,0.08482,0.9963962904386988,0.95696
ArbiterPUF,25,0.76,0.08618,0.9962795830488548,0.95764
ArbiterPUF,25,0.77,0.0876,0.9961557307971478,0.95835
ArbiterPUF,25,0.78,0.08938,0.9959975981898752,0.95924
ArbiterPUF,25,0.79,0.09056,0.9958910012646965,0.95983
ArbiterPUF,25,0.8,0.09188,0.9957700867168084,0.96049
ArbiterPUF,25,0.81,0.09322,0.9956455351177949,0.96116
ArbiterPUF,25,0.82,0.09468,0.9955077586839793,0.96189
ArbiterPUF,25,0.83,0.0959,0.9953909734370711,0.9625
ArbiterPUF,25,0.84,0.09754,0.9952316054065004,0.96332
ArbiterPUF,25,0.85,0.09874,0.9951132661159733,0.96392
ArbiterPUF,25,0.86,0.10028,0.9949592562512296,0.96469
ArbiterPUF,25,0.87,0.10166,0.9948192018653441,0.96538
ArbiterPUF,25,0.88,0.10324,0.9946564745679788,0.96617
ArbiterPUF,25,0.89,0.10438,0.9945374882828703,0.96674
ArbiterPUF,25,0.9,0.10594,0.9943725239566911,0.96752
ArbiterPUF,25,0.91,0.10746,0.9942094087263507,0.96828
ArbiterPUF,25,0.92,0.10912,0.9940285838948494,0.96911
ArbiterPUF,25,0.93,0.11064,0.993860548769293,0.96987
ArbiterPUF,25,0.94,0.11222,0.993683385993748,0.97066
ArbiterPUF,25,0.95,0.11358,0.9935288539342981,0.97134
ArbiterPUF,25,0.96,0.11488,0.9933793764720505,0.97199
ArbiterPUF,25,0.97,0.11604,0.9932445410874404,0.97257
ArbiterPUF,25,0.98,0.11764,0.9930563077691014,0.97337
ArbiterPUF,25,0.99,0.11892,0.992903839049885,0.97401
ArbiterPUF,25,1.0,0.12074,0.9926841654826576,0.97492
ArbiterPUF,25,1.01,0.12236,0.9924857834750079,0.97573
ArbiterPUF,25,1.02,0.12372,0.9923171678450392,0.97641
ArbiterPUF,25,1.03,0.12512,0.9921416156980818,0.97711
ArbiterPUF,25,1.04,0.1267,0.9919410819196876,0.9779
ArbiterPUF,25,1.05,0.12832,0.9917328156313071,0.97871
ArbiterPUF,25,1.06,0.12966,0.9915585128473258,0.97938
ArbiterPUF,25,1.07,0.13106,0.9913744380404408,0.98008
ArbiterPUF,25,1.08,0.13272,0.9911535711482857,0.98091
ArbiterPUF,25,1.09,0.13396,0.9909867397700132,0.98153
ArbiterPUF,25,1.1,0.13544,0.990785550157046,0.98227
ArbiterPUF,25,1.11,0.13684,0.9905931629079621,0.98297
ArbiterPUF,25,1.12,0.13844,0.9903708226719931,0.98377
ArbiterPUF,25,1.13,0.13978,0.9901825849811742,0.98444
ArbiterPUF,25,1.14,0.14118,0.9899839431021092,0.98514
ArbiterPUF,25,1.15,0.14278,0.9897544501541784,0.98594
ArbiterPUF,25,1.16,0.14432,0.9895310695475912,0.98671
ArbiterPUF,25,1.17,0.14562,0.9893405963569876,0.98736
ArbiterPUF,25,1.18,0.14682,0.9891632259642491,0.98796
ArbiterPUF,25,1.19,0.14852,0.9889094041417545,0.98881
ArbiterPUF,25,1.2,0.14984,0.9887102580635037,0.98947
ArbiterPUF,25,1.21,0.15136,0.9884787050817029,0.99023
ArbiterPUF,25,1.22,0.15294,0.9882354761897593,0.99104
ArbiterPUF,25,1.23,0.15424,0.9880334115808027,0.99169
ArbiterPUF,25,1.24,0.15558,0.9878232957366414,0.99236
ArbiterPUF,25,1.25,0.1571,0.9875827003345088,0.99312
ArbiterPUF,25,1.26,0.15864,0.9873364929951693,0.99389
ArbiterPUF,25,1.27,0.15998,0.9871202558959067,0.99456
ArbiterPUF,25,1.28,0.16138,0.9868923424568659,0.99526
ArbiterPUF,25,1.29,0.1627,0.9866755849822169,0.99592
ArbiterPUF,25,1.3,0.164,0.98646033878712,0.99657
ArbiterPUF,25,1.31,0.16528,0.986246683948798,0.99721
ArbiterPUF,25,1.32,0.1669,0.9859738282530626,0.99802
ArbiterPUF,25,1.33,0.16836,0.9857255756040827,0.99875
ArbiterPUF,25,1.34,0.16954,0.9855233068781275,0.99934
ArbiterPUF,25,1.35,0.17086,0.9852953163392182,1.0
ArbiterPUF,25,1.36,0.17208,0.9850829780277395,0.99939
ArbiterPUF,25,1.37,0.1734,0.9848514811889151,0.99873
ArbiterPUF,25,1.38,0.17462,0.9846359000158383,0.99812
ArbiterPUF,25,1.39,0.17582,0.9844223319287305,0.99752
ArbiterPUF,25,1.4,0.17702,0.9842072543930979,0.99692
ArbiterPUF,25,1.41,0.17848,0.9839435398436233,0.99619
ArbiterPUF,25,1.42,0.1801,0.9836483060525241,0.99538
ArbiterPUF,25,1.43,0.1814,0.9834093959282677,0.99473
ArbiterPUF,25,1.44,0.18304,0.9831054665700928,0.99391
ArbiterPUF,25,1.45,0.1847,0.9827949480944641,0.99308
ArbiterPUF,25,1.46,0.18628,0.9824966980097184,0.99229
ArbiterPUF,25,1.47,0.18754,0.982256966582574,0.99166
ArbiterPUF,25,1.48,0.18876,0.9820232494192793,0.99105
ArbiterPUF,25,1.49,0.19032,0.981722108134476,0.99027
ArbiterPUF,25,1.5,0.19182,0.9814301236461004,0.98952
ArbiterPUF,25,1.51,0.19374,0.9810529100920091,0.98856
ArbiterPUF,25,1.52,0.19514,0.9807753975299341,0.98786
ArbiterPUF,25,1.53,0.1967,0.9804637219193784,0.98708
ArbiterPUF,25,1.54,0.19832,0.9801373258885717,0.98627
ArbiterPUF,25,1.55,0.1997,0.9798570865182332,0.98558
ArbiterPUF,25,1.56,0.20106,0.9795789281114616,0.9849
ArbiterPUF,25,1.57,0.20258,0.9792657165447997,0.98414
ArbiterPUF,25,1.58,0.20442,0.9788832737359444,0.98322
ArbiterPUF,25,1.59,0.20588,0.9785772455968921,0.98249
ArbiterPUF,25,1.6,0.20742,0.978251983693363,0.98172
ArbiterPUF,25,1.61,0.20888,0.9779412792187473,0.98099
ArbiterPUF,25,1.62,0.21056,0.9775809359843307,0.98015
ArbiterPUF,25,1.63,0.21236,0.9771915013957089,0.97925
ArbiterPUF,25,1.64,0.21386,0.9768643203638876,0.9785
ArbiterPUF,25,1.65,0.21546,0.9765126667893252,0.9777
ArbiterPUF,25,1.66,0.21708,0.9761538165678604,0.97689
ArbiterPUF,25,1.67,0.21834,0.9758727603535208,0.97626
ArbiterPUF,25,1.68,0.21978,0.9755494613806108,0.97554
ArbiterPUF,25,1.69,0.22124,0.9752193919318872,0.97481
ArbiterPUF,25,1.7,0.2229,0.9748413152918787,0.97398
ArbiterPUF,25,1.71,0.22454,0.9744648728404735,0.97316
ArbiterPUF,25,1.72,0.22612,0.9740994536493695,0.97237
ArbiterPUF,25,1.73,0.22752,0.9737734077289234,0.97167
ArbiterPUF,25,1.74,0.229,0.9734264224891371,0.97093
ArbiterPUF,25,1.75,0.23042,0.9730912719781224,0.97022
ArbiterPUF,25,1.76,0.23206,0.9727014734233725,0.9694
ArbiterPUF,25,1.77,0.23364,0.9723231717901204,0.96861
ArbiterPUF,25,1.78,0.2352,0.9719469944395118,0.96783
ArbiterPUF,25,1.79,0.23684,0.9715486680552858,0.96701
ArbiterPUF,25,1.8,0.2386,0.9711179331059643,0.96613
ArbiterPUF,25,1.81,0.24058,0.970629313177796,0.96514
ArbiterPUF,25,1.82,0.24208,0.9702562927391917,0.96439
ArbiterPUF,25,1.83,0.24328,0.9699561029242507,0.96379
ArbiterPUF,25,1.84,0.24476,0.9695836954074672,0.96303
ArbiterPUF,25,1.85,0.24608,0.969249520814945,0.96237
ArbiterPUF,25,1.86,0.24746,0.9688981104326708,0.96168
ArbiterPUF,25,1.87,0.2491,0.9684777694918969,0.96086
ArbiterPUF,25,1.88,0.25058,0.9680958958698255,0.96012
ArbiterPUF,25,1.89,0.2521,0.9677011883841002,0.95936
ArbiterPUF,25,1.9,0.25336,0.9673720640994344,0.95873
ArbiterPUF,25,1.91,0.25496,0.9669516008570438,0.95793
ArbiterPUF,25,1.92,0.25632,0.9665919809309408,0.95725
ArbiterPUF,25,1.93,0.25782,0.9661929660269734,0.9565
ArbiterPUF,25,1.94,0.25916,0.9658344031975667,0.95583
ArbiterPUF,25,1.95,0.26088,0.9653712371932363,0.95497
ArbiterPUF,25,1.96,0.26252,0.9649265514017117,0.95415
ArbiterPUF,25,1.97,0.26402,0.9645172054452942,0.9534
ArbiterPUF,25,1.98,0.26538,0.9641438977663034,0.95272
ArbiterPUF,25,1.99,0.26692,0.9637186900750654,0.95195
ArbiterPUF,25,2.0,0.26836,0.9633186961748432,0.95123
ArbiterPUF,25,2.01,0.27,0.962860322165162,0.95041
ArbiterPUF,25,2.02,0.27136,0.9624779220325005,0.94973
ArbiterPUF,25,2.03,0.27296,0.9620253834488985,0.94893
ArbiterPUF,25,2.04,0.2746,0.9615585473594419,0.94811
ArbiterPUF,25,2.05,0.27622,0.9610944342779226,0.9473
ArbiterPUF,25,2.06,0.2778,0.9606389332106,0.94651
ArbiterPUF,25,2.07,0.27924,0.9602213403169084,0.94579
ArbiterPUF,25,2.08,0.28102,0.9597019118455479,0.9449
ArbiterPUF,25,2.09,0.2831,0.9590903971993465,0.94386
ArbiterPUF,25,2.1,0.28444,0.9586938439355913,0.94319
ArbiterPUF,25,2.11,0.28594,0.9582475235553704,0.94244
ArbiterPUF,25,2.12,0.2873,0.9578406495863496,0.94176
ArbiterPUF,25,2.13,0.28856,0.9574618145910574,0.94113
ArbiterPUF,25,2.14,0.28972,0.9571114468023042,0.94055
ArbiterPUF,25,2.15,0.29144,0.9565891105380617,0.93969
ArbiterPUF,25,2.16,0.29268,0.9562104462930742,0.93907
ArbiterPUF,25,2.17,0.29444,0.9556699673004273,0.93819
ArbiterPUF,25,2.18,0.29586,0.9552313125102211,0.93748
ArbiterPUF,25,2.19,0.2975,0.9547218181229545,0.93666
ArbiterPUF,25,2.2,0.29886,0.9542969665675355,0.93598
ArbiterPUF,25,2.21,0.30058,0.9537566060583801,0.93512
ArbiterPUF,25,2.22,0.30198,0.9533142606716842,0.93442
ArbiterPUF,25,2.23,0.30336,0.9528760204769559,0.93373
ArbiterPUF,25,2.24,0.30508,0.9523267262867298,0.93287
ArbiterPUF,25,2.25,0.30666,0.9518191237835055,0.93208
ArbiterPUF,25,2.26,0.30826,0.9513021456929444,0.93128
ArbiterPUF,25,2.27,0.30954,0.9508864224501263,0.93064
ArbiterPUF,25,2.28,0.31068,0.9505145646438039,0.93007
ArbiterPUF,25,2.29,0.3119,0.9501149351525847,0.92946
ArbiterPUF,25,2.3,0.31332,0.9496476070627461,0.92875
ArbiterPUF,25,2.31,0.31504,0.9490783942330582,0.92789
ArbiterPUF,25,2.32,0.31698,0.9484322219325957,0.92692
ArbiterPUF,25,2.33,0.31844,0.9479430185406715,0.92619
ArbiterPUF,25,2.34,0.32006,0.9473972748535854,0.92538
ArbiterPUF,25,2.35,0.32208,0.9467124556062416,0.92437
ArbiterPUF,25,2.36,0.3239,0.9460913222305763,0.92346
ArbiterPUF,25,2.37,0.32534,0.945597104690999,0.92274
ArbiterPUF,25,2.38,0.32676,0.9451073496698669,0.92203
ArbiterPUF,25,2.39,0.32818,0.944615206102464,0.92132
ArbiterPUF,25,2.4,0.32998,0.9439879234397017,0.92042
ArbiterPUF,25,2.41,0.3313,0.9435254686546624,0.91976
ArbiterPUF,25,2.42,0.33292,0.9429550750698573,0.91895
ArbiterPUF,25,2.43,0.3342,0.9425021803688306,0.91831
ArbiterPUF,25,2.44,0.33582,0.9419261794854202,0.9175
ArbiterPUF,25,2.45,0.33764,0.9412753212530326,0.91659
ArbiterPUF,25,2.46,0.339,0.9407863732006326,0.91591
ArbiterPUF,25,2.47,0.34048,0.9402517586263797,0.91517
ArbiterPUF,25,2.48,0.3421,0.9396635514906386,0.91436
ArbiterPUF,25,2.49,0.34358,0.939123412337271,0.91362
ArbiterPUF,25,2.5,0.34528,0.938499718486905,0.91277
ArbiterPUF,25,2.51,0.34708,0.9378355258786051,0.91187
ArbiterPUF,25,2.52,0.34868,0.9372418351738252,0.91107
ArbiterPUF,25,2.53,0.35032,0.9366300751096986,0.91025
ArbiterPUF,25,2.54,0.35158,0.9361578411785055,0.90962
ArbiterPUF,25,2.55,0.35322,0.9355402886033289,0.9088
ArbiterPUF,25,2.56,0.35468,0.9349877526470602,0.90807
ArbiterPUF,25,2.57,0.35624,0.93439448970978,0.90729
ArbiterPUF,25,2.58,0.35754,0.9338978254605801,0.90664
ArbiterPUF,25,2.59,0.35892,0.9333683268678019,0.90595
ArbiterPUF,25,2.6,0.36028,0.932844210787632,0.90527
ArbiterPUF,25,2.61,0.36182,0.9322479753799414,0.9045
ArbiterPUF,25,2.62,0.363,0.9317891392369841,0.90391
ArbiterPUF,25,2.63,0.3644,0.9312425248022128,0.90321
ArbiterPUF,25,2.64,0.36584,0.9306777607743725,0.90249
ArbiterPUF,25,2.65,0.36728,0.9301104244120696,0.90177
ArbiterPUF,25,2.66,0.36878,0.9295167086179787,0.90102
ArbiterPUF,25,2.67,0.37016,0.9289680158110936,0.90033
ArbiterPUF,25,2.68,0.37158,0.9284009390344238,0.89962
ArbiterPUF,25,2.69,0.37346,0.9276462840975541,0.89868
ArbiterPUF,25,2.7,0.3753,0.926903398418627,0.89776
ArbiterPUF,25,2.71,0.37678,0.926302775338604,0.89702
ArbiterPUF,25,2.72,0.37814,0.9257484217647902,0.89634
ArbiterPUF,25,2.73,0.37986,0.9250439883594724,0.89548
ArbiterPUF,25,2.74,0.38132,0.924443106740485,0.89475
ArbiterPUF,25,2.75,0.38276,0.9238478134411532,0.89403
ArbiterPUF,25,2.76,0.3845,0.9231249915368991,0.89316
ArbiterPUF,25,2.77,0.38614,0.9224401879796869,0.89234
ArbiterPUF,25,2.78,0.38792,0.9216930473861676,0.89145
ArbiterPUF,25,2.79,0.38924,0.9211363755709576,0.89079
ArbiterPUF,25,2.8,0.3907,0.9205180660910465,0.89006
ArbiterPUF,25,2.81,0.39254,0.9197349337716817,0.88914
ArbiterPUF,25,2.82,0.39404,0.9190932914563134,0.88839
ArbiterPUF,25,2.83,0.39552,0.9184573640621538,0.88765
ArbiterPUF,25,2.84,0.39706,0.9177926543615395,0.88688
ArbiterPUF,25,2.85,0.39854,0.9171509518067351,0.88614
ArbiterPUF,25,2.86,0.40016,0.9164452926389004,0.88533
ArbiterPUF,25,2.87,0.40164,0.9157976361620508,0.88459
ArbiterPUF,25,2.88,0.40322,0.9151030715717218,0.8838
ArbiterPUF,25,2.89,0.4051,0.9142723828269121,0.88286
ArbiterPUF,25,2.9,0.4067,0.9135617713105119,0.88206
ArbiterPUF,25,2.91,0.40834,0.912829909895595,0.88124
ArbiterPUF,25,2.92,0.40986,0.9121484420860456,0.88048
ArbiterPUF,25,2.93,0.41132,0.9114910079644231,0.87975
ArbiterPUF,25,2.94,0.41268,0.9108760714828334,0.87907
ArbiterPUF,25,2.95,0.41422,0.9101767913982425,0.8783
ArbiterPUF,25,2.96,0.41586,0.9094286450293942,0.87748
ArbiterPUF,25,2.97,0.41762,0.9086217780793062,0.8766
ArbiterPUF,25,2.98,0.41896,0.9080046907367824,0.87593
ArbiterPUF,25,2.99,0.4204,0.9073388782588343,0.87521
ArbiterPUF,25,3.0,0.42204,0.9065772103908193,0.87439
ArbiterPUF,30,0.5,0.0512,0.9986884198787929,0.94194
ArbiterPUF,30,0.51,0.05252,0.9986198724239369,0.9426
ArbiterPUF,30,0.52,0.05376,0.9985538855765372,0.94322
ArbiterPUF,30,0.53,0.0548,0.9984973510230261,0.94374
ArbiterPUF,30,0.54,0.05576,0.9984442009446497,0.94422
ArbiterPUF,30,0.55,0.05682,0.9983844387809737,0.94475
ArbiterPUF,30,0.56,0.0579,0.9983223878086677,0.94529
ArbiterPUF,30,0.57,0.05892,0.9982627077077456,0.9458
ArbiterPUF,30,0.58,0.0604,0.9981742533245385,0.94654
ArbiterPUF,30,0.59,0.06182,0.9980873146173136,0.94725
ArbiterPUF,30,0.6,0.06324,0.9979983478944241,0.94796
ArbiterPUF,30,0.61,0.06432,0.9979293249524236,0.9485
ArbiterPUF,30,0.62,0.0655,0.9978525692706314,0.94909
ArbiterPUF,30,0.63,0.06662,0.9977784200913548,0.94965
ArbiterPUF,30,0.64,0.06786,0.99769485334946,0.95027
ArbiterPUF,30,0.65,0.0692,0.9976028067322185,0.95094
ArbiterPUF,30,0.66,0.0707,0.9974976240573206,0.95169
ArbiterPUF,30,0.67,0.07202,0.9974031880839364,0.95235
ArbiterPUF,30,0.68,0.07362,0.997286365894972,0.95315
ArbiterPUF,30,0.69,0.0748,0.9971985559556331,0.95374
ArbiterPUF,30,0.7,0.07584,0.99712,0.95426
ArbiterPUF,30,0.71,0.07736,0.9970032248694083,0.95502
ArbiterPUF,30,0.72,0.07876,0.9968936063592745,0.95572
ArbiterPUF,30,0.73,0.08006,0.9967900462986176,0.95637
ArbiterPUF,30,0.74,0.0814,0.9966815138247523,0.95704
ArbiterPUF,30,0.75,0.0827,0.9965744879335412,0.95769
ArbiterPUF,30,0.76,0.08406,0.9964606948595615,0.95837
ArbiterPUF,30,0.77,0.08542,0.9963450324059432,0.95905
ArbiterPUF,30,0.78,0.08672,0.9962327246180984,0.9597
ArbiterPUF,30,0.79,0.0883,0.9960939262941021,0.96049
ArbiterPUF,30,0.8,0.0897,0.9959688298335445,0.96119
ArbiterPUF,30,0.81,0.09094,0.9958563733792137,0.96181
ArbiterPUF,30,0.82,0.0923,0.9957312438605106,0.96249
ArbiterPUF,30,0.83,0.09364,0.9956061221185816,0.96316
ArbiterPUF,30,0.84,0.09494,0.9954829965398704,0.96381
ArbiterPUF,30,0.85,0.09622,0.9953600914242041,0.96445
ArbiterPUF,30,0.86,0.09786,0.9952001911173449,0.96527
ArbiterPUF,30,0.87,0.09892,0.9950953891964326,0.9658
ArbiterPUF,30,0.88,0.10048,0.9949390783359552,0.96658
ArbiterPUF,30,0.89,0.10192,0.9947925982836825,0.9673
ArbiterPUF,30,0.9,0.1034,0.9946398544196788,0.96804
ArbiterPUF,30,0.91,0.10448,0.9945269878691074,0.96858
ArbiterPUF,30,0.92,0.10614,0.9943511957050182,0.96941
ArbiterPUF,30,0.93,0.10754,0.9942007585995899,0.97011
ArbiterPUF,30,0.94,0.10932,0.9940066084287368,0.971
ArbiterPUF,30,0.95,0.11068,0.9938560950157725,0.97168
ArbiterPUF,30,0.96,0.11224,0.9936811271227808,0.97246
ArbiterPUF,30,0.97,0.11358,0.9935288539342981,0.97313
ArbiterPUF,30,0.98,0.11488,0.9933793764720505,0.97378
ArbiterPUF,30,0.99,0.116,0.9932492134404137,0.97434
ArbiterPUF,30,1.0,0.11746,0.9930776144894213,0.97507
ArbiterPUF,30,1.01,0.11884,0.9929134173733376,0.97576
ArbiterPUF,30,1.02,0.12062,0.9926987537012425,0.97665
ArbiterPUF,30,1.03,0.12216,0.9925104202979432,0.97742
ArbiterPUF,30,1.04,0.12352,0.9923420829532525,0.9781
ArbiterPUF,30,1.05,0.12494,0.9921642990956688,0.97881
ArbiterPUF,30,1.06,0.12636,0.991984450684586,0.97952
ArbiterPUF,30,1.07,0.12806,0.9917664222991218,0.98037
ArbiterPUF,30,1.08,0.12932,0.9916029132672011,0.981
ArbiterPUF,30,1.09,0.13084,0.9914034972704102,0.98176
ArbiterPUF,30,1.1,0.13222,0.9912203950686245,0.98245
ArbiterPUF,30,1.11,0.13374,0.9910164541519983,0.98321
ArbiterPUF,30,1.12,0.1349,0.9908592180526961,0.98379
ArbiterPUF,30,1.13,0.13634,0.9906621040496097,0.98451
ArbiterPUF,30,1.14,0.13798,0.9904350153341711,0.98533
ArbiterPUF,30,1.15,0.1393,0.9902502259530165,0.98599
ArbiterPUF,30,1.16,0.1405,0.9900806785307952,0.98659
ArbiterPUF,30,1.17,0.14204,0.9898609187153518,0.98736
ArbiterPUF,30,1.18,0.14358,0.989638713672823,0.98813
ArbiterPUF,30,1.19,0.14518,0.9894052595372637,0.98893
ArbiterPUF,30,1.2,0.14624,0.9892491407122879,0.98946
ArbiterPUF,30,1.21,0.14776,0.9890232466428684,0.99022
ArbiterPUF,30,1.22,0.14928,0.9887949643884723,0.99098
ArbiterPUF,30,1.23,0.15058,0.9885978270257325,0.99163
ArbiterPUF,30,1.24,0.15228,0.9883373925942497,0.99248
ArbiterPUF,30,1.25,0.15352,0.9881455406973206,0.99312
ArbiterPUF,30,1.26,0.1545,0.9879927884352194,0.99361
ArbiterPUF,30,1.27,0.15622,0.987722284652928,0.99447
ArbiterPUF,30,1.28,0.15774,0.9874806795071993,0.99523
ArbiterPUF,30,1.29,0.15914,0.9872560257602888,0.99593
ArbiterPUF,30,1.3,0.16032,0.9870650928890152,0.99652
ArbiterPUF,30,1.31,0.16178,0.9868268498576637,0.99725
ArbiterPUF,30,1.32,0.16308,0.986612848892614,0.9979
ArbiterPUF,30,1.33,0.16432,0.9864070851327054,0.99852
ArbiterPUF,30,1.34,0.16566,0.9861829264391063,0.99919
ArbiterPUF,30,1.35,0.16728,0.985909428700223,1.0
ArbiterPUF,30,1.36,0.16856,0.9856913951130952,0.99936
ArbiterPUF,30,1.37,0.16984,0.9854716507337996,0.99872
ArbiterPUF,30,1.38,0.171,0.9852710287022551,0.99814
ArbiterPUF,30,1.39,0.1722,0.985062008200499,0.99754
ArbiterPUF,30,1.4,0.17356,0.9848232970436879,0.99686
ArbiterPUF,30,1.41,0.17468,0.9846252574456943,0.9963
ArbiterPUF,30,1.42,0.17584,0.984418759674967,0.99572
ArbiterPUF,30,1.43,0.1771,0.9841928621972424,0.99509
ArbiterPUF,30,1.44,0.17854,0.9839326544027289,0.99437
ArbiterPUF,30,1.45,0.1801,0.9836483060525241,0.99359
ArbiterPUF,30,1.46,0.1814,0.9834093959282677,0.99294
ArbiterPUF,30,1.47,0.183,0.9831129131488408,0.99214
ArbiterPUF,30,1.48,0.18466,0.9828024645878745,0.99131
ArbiterPUF,30,1.49,0.18624,0.9825042811102658,0.99052
ArbiterPUF,30,1.5,0.18748,0.9822684203414055,0.9899
ArbiterPUF,30,1.51,0.18862,0.982050149228643,0.98933
ArbiterPUF,30,1.52,0.19018,0.981749238655167,0.98855
ArbiterPUF,30,1.53,0.19168,0.9814574762056684,0.9878
ArbiterPUF,30,1.54,0.19338,0.9811239348828463,0.98695
ArbiterPUF,30,1.55,0.19496,0.980811194063363,0.98616
ArbiterPUF,30,1.56,0.19636,0.9805318711801264,0.98546
ArbiterPUF,30,1.57,0.19796,0.9802100991114098,0.98466
ArbiterPUF,30,1.58,0.19924,0.9799507244754707,0.98402
ArbiterPUF,30,1.59,0.20074,0.9796445541113368,0.98327
ArbiterPUF,30,1.6,0.20212,0.979360763763793,0.98258
ArbiterPUF,30,1.61,0.20392,0.9789875553856648,0.98168
ArbiterPUF,30,1.62,0.20536,0.9786865026146012,0.98096
ArbiterPUF,30,1.63,0.20704,0.9783324784550494,0.98012
ArbiterPUF,30,1.64,0.20818,0.9780905313926723,0.97955
ArbiterPUF,30,1.65,0.2099,0.9777228595056986,0.97869
ArbiterPUF,30,1.66,0.21166,0.9773433605442869,0.97781
ArbiterPUF,30,1.67,0.21314,0.9770216683369926,0.97707
ArbiterPUF,30,1.68,0.21462,0.9766976275183635,0.97633
ArbiterPUF,30,1.69,0.21632,0.976322517204228,0.97548
ArbiterPUF,30,1.7,0.21774,0.976006809607392,0.97477
ArbiterPUF,30,1.71,0.2192,0.9756799475237768,0.97404
ArbiterPUF,30,1.72,0.22064,0.9753553149493777,0.97332
ArbiterPUF,30,1.73,0.222,0.9750466655499108,0.97264
ArbiterPUF,30,1.74,0.22356,0.9746901694384733,0.97186
ArbiterPUF,30,1.75,0.22526,0.9742986874670417,0.97101
ArbiterPUF,30,1.76,0.22672,0.9739599794652756,0.97028
ArbiterPUF,30,1.77,0.22818,0.9736189642770935,0.96955
ArbiterPUF,30,1.78,0.22934,0.9733463743190294,0.96897
ArbiterPUF,30,1.79,0.23108,0.9729347530024816,0.9681
ArbiterPUF,30,1.8,0.23256,0.9725820512429785,0.96736
ArbiterPUF,30,1.81,0.23422,0.9721836203104846,0.96653
ArbiterPUF,30,1.82,0.2357,0.9718258640312057,0.96579
ArbiterPUF,30,1.83,0.23724,0.9714510705125605,0.96502
ArbiterPUF,30,1.84,0.239,0.9710195672590745,0.96414
ArbiterPUF,30,1.85,0.24088,0.9705549060202622,0.9632
ArbiterPUF,30,1.86,0.24224,0.9702163585510193,0.96252
ArbiterPUF,30,1.87,0.24362,0.9698707623183616,0.96183
ArbiterPUF,30,1.88,0.24504,0.9695129696914838,0.9611
ArbiterPUF,30,1.89,0.24632,0.9691885562675614,0.96046
ArbiterPUF,30,1.9,0.24766,0.9688470077365157,0.95979
ArbiterPUF,30,1.91,0.24912,0.9684726251164768,0.95906
ArbiterPUF,30,1.92,0.25058,0.9680958958698255,0.95833
ArbiterPUF,30,1.93,0.25214,0.967690766929188,0.95755
ArbiterPUF,30,1.94,0.25336,0.9673720640994344,0.95694
ArbiterPUF,30,1.95,0.25492,0.9669621469323397,0.95616
ArbiterPUF,30,1.96,0.25626,0.9666078896843332,0.95549
ArbiterPUF,30,1.97,0.25776,0.9662089744977532,0.95474
ArbiterPUF,30,1.98,0.25908,0.9658558658516292,0.95408
ArbiterPUF,30,1.99,0.26062,0.9654414615086717,0.95331
ArbiterPUF,30,2.0,0.26232,0.964980941573459,0.95246
ArbiterPUF,30,2.01,0.26382,0.9645719297180485,0.95171
ArbiterPUF,30,2.02,0.26524,0.9641824217439354,0.951
ArbiterPUF,30,2.03,0.2667,0.9637795961733161,0.95027
ArbiterPUF,30,2.04,0.2681,0.9633910888107696,0.94957
ArbiterPUF,30,2.05,0.26968,0.962949997455735,0.94878
ArbiterPUF,30,2.06,0.27106,0.9625624532465414,0.94809
ArbiterPUF,30,2.07,0.2724,0.9621840988085388,0.94742
ArbiterPUF,30,2.08,0.27402,0.9617239934617416,0.94661
ArbiterPUF,30,2.09,0.27568,0.9612494668919196,0.94578
ArbiterPUF,30,2.1,0.2772,0.9608122397222052,0.94502
ArbiterPUF,30,2.11,0.27868,0.9603840156937223,0.94428
ArbiterPUF,30,2.12,0.28046,0.959865713732916,0.94339
ArbiterPUF,30,2.13,0.2823,0.9593261749790838,0.94247
ArbiterPUF,30,2.14,0.28394,0.9588420497662794,0.94165
ArbiterPUF,30,2.15,0.28524,0.9584561244000686,0.941
ArbiterPUF,30,2.16,0.28668,0.9580263971311019,0.94028
ArbiterPUF,30,2.17,0.28784,0.9576785130721062,0.9397
ArbiterPUF,30,2.18,0.28914,0.9572868224309787,0.93905
ArbiterPUF,30,2.19,0.29048,0.956881063455642,0.93838
ArbiterPUF,30,2.2,0.29194,0.9564366348065092,0.93765
ArbiterPUF,30,2.21,0.29348,0.9559652135930471,0.93688
ArbiterPUF,30,2.22,0.29506,0.9554787262937883,0.93609
ArbiterPUF,30,2.23,0.29658,0.9550080123224097,0.93533
ArbiterPUF,30,2.24,0.298,0.954565869911553,0.93462
ArbiterPUF,30,2.25,0.29946,0.9541088556344083,0.93389
ArbiterPUF,30,2.26,0.3011,0.9535925702311235,0.93307
ArbiterPUF,30,2.27,0.30242,0.9531747707529824,0.93241
ArbiterPUF,30,2.28,0.30386,0.9527166947209438,0.93169
ArbiterPUF,30,2.29,0.30564,0.9521471474514852,0.9308
ArbiterPUF,30,2.3,0.30706,0.9516901577719504,0.93009
ArbiterPUF,30,2.31,0.30852,0.9512178560140678,0.92936
ArbiterPUF,30,2.32,0.30972,0.9508278085962778,0.92876
ArbiterPUF,30,2.33,0.31102,0.9504033667869658,0.92811
ArbiterPUF,30,2.34,0.31214,0.9500361153135181,0.92755
ArbiterPUF,30,2.35,0.31356,0.9495683895328445,0.92684
ArbiterPUF,30,2.36,0.31532,0.9489854043134699,0.92596
ArbiterPUF,30,2.37,0.31724,0.9483452864858873,0.925
ArbiterPUF,30,2.38,0.3186,0.9478892551347969,0.92432
ArbiterPUF,30,2.39,0.32016,0.9473634858912391,0.92354
ArbiterPUF,30,2.4,0.32218,0.9466784288236423,0.92253
ArbiterPUF,30,2.41,0.324,0.946057080730333,0.92162
ArbiterPUF,30,2.42,0.32536,0.9455902232997124,0.92094
ArbiterPUF,30,2.43,0.32676,0.9451073496698669,0.92024
ArbiterPUF,30,2.44,0.32818,0.944615206102464,0.91953
ArbiterPUF,30,2.45,0.3299,0.9440158844002574,0.91867
ArbiterPUF,30,2.46,0.33118,0.9435675956708136,0.91803
ArbiterPUF,30,2.47,0.3328,0.9429974337186714,0.91722
ArbiterPUF,30,2.48,0.33408,0.9425447223341713,0.91658
ArbiterPUF,30,2.49,0.33558,0.9420117109675441,0.91583
ArbiterPUF,30,2.5,0.33724,0.9414187072711057,0.915
ArbiterPUF,30,2.51,0.33876,0.9408728194607388,0.91424
ArbiterPUF,30,2.52,0.34022,0.9403458680719557,0.91351
ArbiterPUF,30,2.53,0.3419,0.9397363406828534,0.91267
ArbiterPUF,30,2.54,0.34312,0.9392915764553625,0.91206
ArbiterPUF,30,2.55,0.34482,0.93866882743596,0.91121
ArbiterPUF,30,2.56,0.3466,0.9380130276280815,0.91032
ArbiterPUF,30,2.57,0.3482,0.9374202686095494,0.90952
ArbiterPUF,30,2.58,0.34992,0.9367795864556402,0.90866
ArbiterPUF,30,2.59,0.3511,0.9363379678299926,0.90807
ArbiterPUF,30,2.6,0.3527,0.935736453281585,0.90727
ArbiterPUF,30,2.61,0.35412,0.9351999923011121,0.90656
ArbiterPUF,30,2.62,0.35562,0.9346306305701734,0.90581
ArbiterPUF,30,2.63,0.35692,0.9341349547040835,0.90516
ArbiterPUF,30,2.64,0.35824,0.9336295316666028,0.9045
ArbiterPUF,30,2.65,0.35972,0.9330602990160926,0.90376
ArbiterPUF,30,2.66,0.36108,0.9325348431023904,0.90308
ArbiterPUF,30,2.67,0.36238,0.9320304370566446,0.90243
ArbiterPUF,30,2.68,0.3636,0.931555172815867,0.90182
ArbiterPUF,30,2.69,0.36498,0.9310153594866198,0.90113
ArbiterPUF,30,2.7,0.36642,0.930449559944009,0.90041
ArbiterPUF,30,2.71,0.36796,0.9298416200622556,0.89964
ArbiterPUF,30,2.72,0.36928,0.9293181810338157,0.89898
ArbiterPUF,30,2.73,0.37076,0.928728713026576,0.89824
ArbiterPUF,30,2.74,0.3724,0.9280723247678491,0.89742
ArbiterPUF,30,2.75,0.374,0.927428703459193,0.89662
ArbiterPUF,30,2.76,0.37582,0.9266926823926043,0.89571
ArbiterPUF,30,2.77,0.37724,0.926115534045294,0.895
ArbiterPUF,30,2.78,0.37862,0.9255522111690945,0.89431
ArbiterPUF,30,2.79,0.38028,0.9248714081427754,0.89348
ArbiterPUF,30,2.8,0.38158,0.924335817546848,0.89283
ArbiterPUF,30,2.81,0.38316,0.9236819876992298,0.89204
ArbiterPUF,30,2.82,0.38494,0.9229415996692315,0.89115
ArbiterPUF,30,2.83,0.38648,0.9222977879188479,0.89038
ArbiterPUF,30,2.84,0.38816,0.9215919999652775,0.88954
ArbiterPUF,30,2.85,0.38938,0.9210772039302677,0.88893
ArbiterPUF,30,2.86,0.39086,0.9204501400945083,0.88819
ArbiterPUF,30,2.87,0.3926,0.9197093236452483,0.88732
ArbiterPUF,30,2.88,0.39414,0.9190504123278549,0.88655
ArbiterPUF,30,2.89,0.39558,0.9184315236314572,0.88583
ArbiterPUF,30,2.9,0.39714,0.9177580402262897,0.88505
ArbiterPUF,30,2.91,0.39856,0.9171422607207674,0.88434
ArbiterPUF,30,2.92,0.40016,0.9164452926389004,0.88354
ArbiterPUF,30,2.93,0.40158,0.915823947928858,0.88283
ArbiterPUF,30,2.94,0.40314,0.915138317632914,0.88205
ArbiterPUF,30,2.95,0.40498,0.9143255435565606,0.88113
ArbiterPUF,30,2.96,0.40664,0.9135884797872617,0.8803
ArbiterPUF,30,2.97,0.4081,0.9129372322345058,0.87957
ArbiterPUF,30,2.98,0.40968,0.9122293009983838,0.87878
ArbiterPUF,30,2.99,0.41106,0.9116082910987592,0.87809
ArbiterPUF,30,3.0,0.4124,0.9110028759559433,0.87742
ArbiterPUF,35,0.5,0.04994,0.9987522197221892,0.94329
ArbiterPUF,35,0.51,0.05118,0.9986894450228261,0.94391
ArbiterPUF,35,0.52,0.05246,0.9986230261715378,0.94455
ArbiterPUF,35,0.53,0.05372,0.9985560382872862,0.94518
ArbiterPUF,35,0.54,0.0547,0.9985028342473546,0.94567
ArbiterPUF,35,0.55,0.05564,0.9984508953373722,0.94614
ArbiterPUF,35,0.56,0.05674,0.9983889885210074,0.94669
ArbiterPUF,35,0.57,0.05774,0.9983316545116658,0.94719
ArbiterPUF,35,0.58,0.05882,0.9982686049355655,0.94773
ArbiterPUF,35,0.59,0.06014,0.9981899520632334,0.94839
ArbiterPUF,35,0.6,0.0616,0.9981009167413885,0.94912
ArbiterPUF,35,0.61,0.06288,0.9980210947670395,0.94976
ArbiterPUF,35,0.62,0.06402,0.9979486157112502,0.95033
ArbiterPUF,35,0.63,0.06506,0.9978813538692862,0.95085
ArbiterPUF,35,0.64,0.06628,0.9978010631383392,0.95146
ArbiterPUF,35,0.65,0.06738,0.9977273854114661,0.95201
ArbiterPUF,35,0.66,0.0687,0.997637363975508,0.95267
ArbiterPUF,35,0.67,0.07012,0.9975385634650923,0.95338
ArbiterPUF,35,0.68,0.07154,0.9974377315902982,0.95409
ArbiterPUF,35,0.69,0.07274,0.9973509374337601,0.95469
ArbiterPUF,35,0.7,0.0742,0.9972433805245338,0.95542
ArbiterPUF,35,0.71,0.07544,0.9971503429272838,0.95604
ArbiterPUF,35,0.72,0.07668,0.997055754509245,0.95666
ArbiterPUF,35,0.73,0.0781,0.9969455301068357,0.95737
ArbiterPUF,35,0.74,0.07958,0.9968284825384955,0.95811
ArbiterPUF,35,0.75,0.08076,0.9967335764385586,0.9587
ArbiterPUF,35,0.76,0.08196,0.996635619672506,0.9593
ArbiterPUF,35,0.77,0.0833,0.996524515503758,0.95997
ArbiterPUF,35,0.78,0.08468,0.996408198280203,0.96066
ArbiterPUF,35,0.79,0.0858,0.9963123807320674,0.96122
ArbiterPUF,35,0.8,0.08728,0.9961838191819822,0.96196
ArbiterPUF,35,0.81,0.0889,0.9960405564032019,0.96277
ArbiterPUF,35,0.82,0.09018,0.9959254829554268,0.96341
ArbiterPUF,35,0.83,0.09128,0.9958252666005216,0.96396
ArbiterPUF,35,0.84,0.0927,0.9956940845460517,0.96467
ArbiterPUF,35,0.85,0.09404,0.9955684197482362,0.96534
ArbiterPUF,35,0.86,0.09528,0.995450511878918,0.96596
ArbiterPUF,35,0.87,0.09668,0.9953155166076735,0.96666
ArbiterPUF,35,0.88,0.09816,0.9951706458693402,0.9674
ArbiterPUF,35,0.89,0.0993,0.9950575410497627,0.96797
ArbiterPUF,35,0.9,0.10064,0.994922906762127,0.96864
ArbiterPUF,35,0.91,0.10216,0.9947679801843241,0.9694
ArbiterPUF,35,0.92,0.1035,0.9946294536157673,0.97007
ArbiterPUF,35,0.93,0.1046,0.9945143739534388,0.97062
ArbiterPUF,35,0.94,0.10632,0.9943319654924103,0.97148
ArbiterPUF,35,0.95,0.10764,0.9941899367827055,0.97214
ArbiterPUF,35,0.96,0.1094,0.9939978068386266,0.97302
ArbiterPUF,35,0.97,0.11072,0.9938516396323949,0.97368
ArbiterPUF,35,0.98,0.11226,0.9936788678441341,0.97445
ArbiterPUF,35,0.99,0.11358,0.9935288539342981,0.97511
ArbiterPUF,35,1.0,0.11486,0.9933816891809513,0.97575
ArbiterPUF,35,1.01,0.11598,0.9932515490045813,0.97631
ArbiterPUF,35,1.02,0.11742,0.993082344823429,0.97703
ArbiterPUF,35,1.03,0.11868,0.9929325544063906,0.97766
ArbiterPUF,35,1.04,0.12048,0.9927157546850961,0.97856
ArbiterPUF,35,1.05,0.12194,0.9925374735494877,0.97929
ArbiterPUF,35,1.06,0.12334,0.992364471552665,0.97999
ArbiterPUF,35,1.07,0.12486,0.9921743699572166,0.98075
ArbiterPUF,35,1.08,0.12596,0.9920353211453713,0.9813
ArbiterPUF,35,1.09,0.12768,0.9918154150848838,0.98216
ArbiterPUF,35,1.1,0.12902,0.9916419916481954,0.98283
ArbiterPUF,35,1.11,0.13052,0.9914456765753734,0.98358
ArbiterPUF,35,1.12,0.13172,0.991286962286905,0.98418
ArbiterPUF,35,1.13,0.13338,0.991064970423231,0.98501
ArbiterPUF,35,1.14,0.13456,0.990905447759775,0.9856
ArbiterPUF,35,1.15,0.13602,0.9907060914317626,0.98633
ArbiterPUF,35,1.16,0.13746,0.9905073187008766,0.98705
ArbiterPUF,35,1.17,0.13884,0.9903148259013395,0.98774
ArbiterPUF,35,1.18,0.14006,0.9901430181544482,0.98835
ArbiterPUF,35,1.19,0.14154,0.9899325372973656,0.98909
ArbiterPUF,35,1.2,0.14288,0.9897400191969604,0.98976
ArbiterPUF,35,1.21,0.14442,0.989516479701071,0.99053
ArbiterPUF,35,1.22,0.14578,0.9893170329070453,0.99121
ArbiterPUF,35,1.23,0.1469,0.9891513483790033,0.99177
ArbiterPUF,35,1.24,0.1485,0.9889124076479171,0.99257
ArbiterPUF,35,1.25,0.14978,0.9887193492594347,0.99321
ArbiterPUF,35,1.26,0.15114,0.9885123673480267,0.99389
ArbiterPUF,35,1.27,0.15274,0.9882664076047513,0.99471
ArbiterPUF,35,1.28,0.15404,0.9880646124621608,0.99536
ArbiterPUF,35,1.29,0.15518,0.9878862118685533,0.99593
ArbiterPUF,35,1.3,0.15668,0.9876494203916693,0.99668
ArbiterPUF,35,1.31,0.15818,0.9874102934444221,0.99743
ArbiterPUF,35,1.32,0.1596,0.987181766444255,0.99814
ArbiterPUF,35,1.33,0.16084,0.9869804934242623,0.99876
ArbiterPUF,35,1.34,0.16216,0.9867644776743841,0.99942
ArbiterPUF,35,1.35,0.16332,0.9865731486311595,1.0
ArbiterPUF,35,1.36,0.16476,0.986333687146495,0.99928
ArbiterPUF,35,1.37,0.16596,0.9861324852168698,0.99868
ArbiterPUF,35,1.38,0.16758,0.9858584805133037,0.99787
ArbiterPUF,35,1.39,0.1688,0.9856503233906029,0.99726
ArbiterPUF,35,1.4,0.17,0.9854440623394105,0.99666
ArbiterPUF,35,1.41,0.1711,0.985253667843972,0.99611
ArbiterPUF,35,1.42,0.17234,0.9850375243613819,0.99549
ArbiterPUF,35,1.43,0.17376,0.9847880291717603,0.99478
ArbiterPUF,35,1.44,0.17478,0.9846075114480896,0.99427
ArbiterPUF,35,1.45,0.17592,0.9844044664669093,0.9937
ArbiterPUF,35,1.46,0.17714,0.9841856635818266,0.99309
ArbiterPUF,35,1.47,0.17856,0.983929025082602,0.99238
ArbiterPUF,35,1.48,0.1801,0.9836483060525241,0.99161
ArbiterPUF,35,1.49,0.18138,0.983413084924133,0.99097
ArbiterPUF,35,1.5,0.18296,0.9831203580437139,0.99018
ArbiterPUF,35,1.51,0.18452,0.9828287590419809,0.9894
ArbiterPUF,35,1.52,0.18616,0.9825194422503809,0.98858
ArbiterPUF,35,1.53,0.18736,0.9822913164637055,0.98798
ArbiterPUF,35,1.54,0.18842,0.9820885416295212,0.98745
ArbiterPUF,35,1.55,0.18994,0.981795699929471,0.98669
ArbiterPUF,35,1.56,0.19142,0.9815082188142898,0.98595
ArbiterPUF,35,1.57,0.19304,0.9811908878500656,0.98514
ArbiterPUF,35,1.58,0.1946,0.9808826841167093,0.98436
ArbiterPUF,35,1.59,0.19616,0.9805719016981875,0.98358
ArbiterPUF,35,1.6,0.19752,0.9802988572879192,0.9829
ArbiterPUF,35,1.61,0.19898,0.9800035508098938,0.98217
ArbiterPUF,35,1.62,0.20038,0.9797182531728191,0.98147
ArbiterPUF,35,1.63,0.2016,0.9794679371985587,0.98086
ArbiterPUF,35,1.64,0.20344,0.9790874150963232,0.97994
ArbiterPUF,35,1.65,0.20488,0.9787870992202543,0.97922
ArbiterPUF,35,1.66,0.20644,0.9784592614922708,0.97844
ArbiterPUF,35,1.67,0.20772,0.9781883262439804,0.9778
ArbiterPUF,35,1.68,0.2092,0.9778728751734556,0.97706
ArbiterPUF,35,1.69,0.21092,0.9775033266439557,0.9762
ArbiterPUF,35,1.7,0.21252,0.9771567170111458,0.9754
ArbiterPUF,35,1.71,0.21394,0.9768468029327833,0.97469
ArbiterPUF,35,1.72,0.21554,0.9764950119688273,0.97389
ArbiterPUF,35,1.73,0.2171,0.9761493686931321,0.97311
ArbiterPUF,35,1.74,0.21832,0.9758772349020137,0.9725
ArbiterPUF,35,1.75,0.2196,0.9755899958486659,0.97186
ArbiterPUF,35,1.76,0.22112,0.9752466075818977,0.9711
ArbiterPUF,35,1.77,0.22272,0.974882455273455,0.9703
ArbiterPUF,35,1.78,0.22424,0.9745339513839423,0.96954
ArbiterPUF,35,1.79,0.22586,0.9741597714954153,0.96873
ArbiterPUF,35,1.8,0.22724,0.9738387866582436,0.96804
ArbiterPUF,35,1.81,0.2285,0.9735439127229956,0.96741
ArbiterPUF,35,1.82,0.22992,0.9732095322180112,0.9667
ArbiterPUF,35,1.83,0.23146,0.9728444214775557,0.96593
ArbiterPUF,35,1.84,0.23294,0.9724911086483001,0.96519
ArbiterPUF,35,1.85,0.2346,0.9720919915316656,0.96436
ArbiterPUF,35,1.86,0.23604,0.9717433397765071,0.96364
ArbiterPUF,35,1.87,0.2375,0.9713875385241464,0.96291
ArbiterPUF,35,1.88,0.23934,0.9709358188881488,0.96199
ArbiterPUF,35,1.89,0.24114,0.9704903401889171,0.96109
ArbiterPUF,35,1.9,0.24248,0.9701564047100859,0.96042
ArbiterPUF,35,1.91,0.2438,0.96982553070127,0.95976
ArbiterPUF,35,1.92,0.24518,0.9694775745730274,0.95905
ArbiterPUF,35,1.93,0.24652,0.9691377041473518,0.95838
ArbiterPUF,35,1.94,0.24782,0.9688060939114699,0.95773
ArbiterPUF,35,1.95,0.2492,0.968452043211227,0.95704
ArbiterPUF,35,1.96,0.25064,0.9680803636062452,0.95632
ArbiterPUF,35,1.97,0.25216,0.9676855555396083,0.95556
ArbiterPUF,35,1.98,0.25336,0.9673720640994344,0.95496
ArbiterPUF,35,1.99,0.25486,0.9669779627271761,0.95421
ArbiterPUF,35,2.0,0.25624,0.9666131917163142,0.95352
ArbiterPUF,35,2.01,0.25766,0.966235646413441,0.95281
ArbiterPUF,35,2.02,0.259,0.9658773214026717,0.95214
ArbiterPUF,35,2.03,0.26044,0.9654900343348969,0.95142
ArbiterPUF,35,2.04,0.2621,0.9650407193481527,0.95059
ArbiterPUF,35,2.05,0.26358,0.9646375400117911,0.94985
ArbiterPUF,35,2.06,0.26502,0.9642429152449086,0.94913
ArbiterPUF,35,2.07,0.26646,0.963845977529605,0.94841
ArbiterPUF,35,2.08,0.26782,0.9634689655614237,0.94773
ArbiterPUF,35,2.09,0.26928,0.9630619303035503,0.947
ArbiterPUF,35,2.1,0.27066,0.9626750045576128,0.94631
ArbiterPUF,35,2.11,0.27198,0.9623029042874182,0.94565
ArbiterPUF,35,2.12,0.27358,0.9618492520140568,0.94485
ArbiterPUF,35,2.13,0.27524,0.9613755470158372,0.94402
ArbiterPUF,35,2.14,0.27662,0.9609793835457657,0.94333
ArbiterPUF,35,2.15,0.27826,0.9605057898836427,0.94251
ArbiterPUF,35,2.16,0.27976,0.9600699674502895,0.94176
ArbiterPUF,35,2.17,0.28136,0.9596022876171149,0.94096
ArbiterPUF,35,2.18,0.28336,0.9590136132506152,0.93996
ArbiterPUF,35,2.19,0.28466,0.9586285434932552,0.93931
ArbiterPUF,35,2.2,0.28604,0.9582176779834529,0.93862
ArbiterPUF,35,2.21,0.28732,0.9578346504486044,0.93798
ArbiterPUF,35,2.22,0.2886,0.957449758472997,0.93734
ArbiterPUF,35,2.23,0.2897,0.9571175006236173,0.93679
ArbiterPUF,35,2.24,0.29138,0.9566073884305933,0.93595
ArbiterPUF,35,2.25,0.29256,0.9562471680480942,0.93536
ArbiterPUF,35,2.26,0.29412,0.9557685000040544,0.93458
ArbiterPUF,35,2.27,0.29566,0.9552932347713973,0.93381
ArbiterPUF,35,2.28,0.29716,0.9548276988022497,0.93306
ArbiterPUF,35,2.29,0.29844,0.9544283977334288,0.93242
ArbiterPUF,35,2.3,0.29996,0.9539517799134294,0.93166
ArbiterPUF,35,2.31,0.30164,0.9534218952803631,0.93082
ArbiterPUF,35,2.32,0.3028,0.9530541222826748,0.93024
ArbiterPUF,35,2.33,0.30446,0.9525251221883861,0.92941
ArbiterPUF,35,2.34,0.30606,0.952012224921508,0.92861
ArbiterPUF,35,2.35,0.30758,0.9515222244382945,0.92785
ArbiterPUF,35,2.36,0.30892,0.9510880262099821,0.92718
ArbiterPUF,35,2.37,0.30996,0.9507495981592629,0.92666
ArbiterPUF,35,2.38,0.3112,0.9503444428206018,0.92604
ArbiterPUF,35,2.39,0.31242,0.9499440739327762,0.92543
ArbiterPUF,35,2.4,0.31374,0.9495089322381334,0.92477
ArbiterPUF,35,2.41,0.3156,0.948892322658372,0.92384
ArbiterPUF,35,2.42,0.31748,0.9482649680337242,0.9229
ArbiterPUF,35,2.43,0.31876,0.9478354616704314,0.92226
ArbiterPUF,35,2.44,0.3203,0.9473161615849274,0.92149
ArbiterPUF,35,2.45,0.32224,0.9466580070965437,0.92052
ArbiterPUF,35,2.46,0.32404,0.9460433808235221,0.91962
ArbiterPUF,35,2.47,0.32536,0.9455902232997124,0.91896
ArbiterPUF,35,2.48,0.32674,0.9451142642030118,0.91827
ArbiterPUF,35,2.49,0.32812,0.9446360492803564,0.91758
ArbiterPUF,35,2.5,0.32972,0.9440787687476083,0.91678
ArbiterPUF,35,2.51,0.33098,0.9436377692737822,0.91615
ArbiterPUF,35,2.52,0.33256,0.9430820995014166,0.91536
ArbiterPUF,35,2.53,0.33394,0.9425943328919395,0.91467
ArbiterPUF,35,2.54,0.33536,0.9420900542941744,0.91396
ArbiterPUF,35,2.55,0.33702,0.9414974878352038,0.91313
ArbiterPUF,35,2.56,0.33862,0.9409232145079639,0.91233
ArbiterPUF,35,2.57,0.3399,0.9404615834790916,0.91169
ArbiterPUF,35,2.58,0.34142,0.9399108381117859,0.91093
ArbiterPUF,35,2.59,0.34274,0.9394303020448086,0.91027
ArbiterPUF,35,2.6,0.34434,0.9388450161767913,0.90947
ArbiterPUF,35,2.61,0.34614,0.9381828715127983,0.90857
ArbiterPUF,35,2.62,0.34776,0.9375835868870572,0.90776
ArbiterPUF,35,2.63,0.34936,0.9369885753839264,0.90696
ArbiterPUF,35,2.64,0.35074,0.9364728786248964,0.90627
ArbiterPUF,35,2.65,0.35226,0.9359021809997026,0.90551
ArbiterPUF,35,2.66,0.35362,0.9353891679937286,0.90483
ArbiterPUF,35,2.67,0.35502,0.9348587056876563,0.90413
ArbiterPUF,35,2.68,0.35646,0.9343105845488426,0.90341
ArbiterPUF,35,2.69,0.3577,0.9338365542213475,0.90279
ArbiterPUF,35,2.7,0.359,0.9333375595142414,0.90214
ArbiterPUF,35,2.71,0.36036,0.9328133095105366,0.90146
ArbiterPUF,35,2.72,0.36182,0.9322479753799414,0.90073
ArbiterPUF,35,2.73,0.363,0.9317891392369841,0.90014
ArbiterPUF,35,2.74,0.36438,0.931250350657652,0.89945
ArbiterPUF,35,2.75,0.36564,0.9307563539401704,0.89882
ArbiterPUF,35,2.76,0.36712,0.9301735889606843,0.89808
ArbiterPUF,35,2.77,0.36848,0.9296356757353926,0.8974
ArbiterPUF,35,2.78,0.36988,0.9290795367459128,0.8967
ArbiterPUF,35,2.79,0.37118,0.92856093370333,0.89605
ArbiterPUF,35,2.8,0.37296,0.9278474219396206,0.89516
ArbiterPUF,35,2.81,0.3746,0.9271865184524631,0.89434
ArbiterPUF,35,2.82,0.37612,0.9265709609090932,0.89358
ArbiterPUF,35,2.83,0.37754,0.9259932766494581,0.89287
ArbiterPUF,35,2.84,0.37908,0.9253639033374925,0.8921
ArbiterPUF,35,2.85,0.38058,0.924748000051906,0.89135
ArbiterPUF,35,2.86,0.3818,0.9242449675275489,0.89074
ArbiterPUF,35,2.87,0.38346,0.9235574851626724,0.88991
ArbiterPUF,35,2.88,0.3852,0.9228331160074392,0.88904
ArbiterPUF,35,2.89,0.38664,0.9222307251442017,0.88832
ArbiterPUF,35,2.9,0.38834,0.9215161661088753,0.88747
ArbiterPUF,35,2.91,0.38954,0.9210095484847048,0.88687
ArbiterPUF,35,2.92,0.39102,0.9203821812703677,0.88613
ArbiterPUF,35,2.93,0.39264,0.9196922476567909,0.88532
ArbiterPUF,35,2.94,0.39422,0.9190160997501622,0.88453
ArbiterPUF,35,2.95,0.39568,0.9183884459203524,0.8838
ArbiterPUF,35,2.96,0.39714,0.9177580402262897,0.88307
ArbiterPUF,35,2.97,0.39854,0.9171509518067351,0.88237
ArbiterPUF,35,2.98,0.40012,0.9164627573447816,0.88158
ArbiterPUF,35,2.99,0.40146,0.9158765574027977,0.88091
ArbiterPUF,35,3.0,0.40306,0.9151735553434658,0.88011
ArbiterPUF,40,0.5,0.04886,0.9988056369484504,0.94445
ArbiterPUF,40,0.51,0.04992,0.9987532195692788,0.94498
ArbiterPUF,40,0.52,0.0511,0.9986935415832026,0.94557
ArbiterPUF,40,0.53,0.05234,0.998629322822037,0.94619
ArbiterPUF,40,0.54,0.05354,0.9985657055997869,0.94679
ArbiterPUF,40,0.55,0.0546,0.9985083074266333,0.94732
ArbiterPUF,40,0.56,0.05556,0.9984553502285417,0.9478
ArbiterPUF,40,0.57,0.0565,0.9984025991552705,0.94827
ArbiterPUF,40,0.58,0.05758,0.998340895486106,0.94881
ArbiterPUF,40,0.59,0.05858,0.9982827172700127,0.94931
ArbiterPUF,40,0.6,0.05988,0.9982055828335161,0.94996
ArbiterPUF,40,0.61,0.06122,0.9981242966685063,0.95063
ArbiterPUF,40,0.62,0.0625,0.998044963916957,0.95127
ArbiterPUF,40,0.63,0.06374,0.9979665387176063,0.95189
ArbiterPUF,40,0.64,0.06472,0.997903463066443,0.95238
ArbiterPUF,40,0.65,0.06598,0.997820945661094,0.95301
ArbiterPUF,40,0.66,0.06706,0.9977489445747362,0.95355
ArbiterPUF,40,0.67,0.06824,0.9976689342662725,0.95414
ArbiterPUF,40,0.68,0.06956,0.9975777695999447,0.9548
ArbiterPUF,40,0.69,0.07094,0.9974805844727004,0.95549
ArbiterPUF,40,0.7,0.0723,0.997382930473547,0.95617
ArbiterPUF,40,0.71,0.0738,0.9972730619043111,0.95692
ArbiterPUF,40,0.72,0.075,0.9971835337589565,0.95752
ArbiterPUF,40,0.73,0.07602,0.9971062930299859,0.95803
ArbiterPUF,40,0.74,0.0775,0.9969923520268346,0.95877
ArbiterPUF,40,0.75,0.07876,0.9968936063592745,0.9594
ArbiterPUF,40,0.76,0.08006,0.9967900462986176,0.96005
ArbiterPUF,40,0.77,0.08134,0.9966864122681716,0.96069
ArbiterPUF,40,0.78,0.08252,0.9965894087336069,0.96128
ArbiterPUF,40,0.79,0.0839,0.9964741792941754,0.96197
ArbiterPUF,40,0.8,0.08522,0.9963621588559051,0.96263
ArbiterPUF,40,0.81,0.08634,0.9962657298130857,0.96319
ArbiterPUF,40,0.82,0.08778,0.9961398855582481,0.96391
ArbiterPUF,40,0.83,0.08944,0.9959922120177446,0.96474
ArbiterPUF,40,0.84,0.09056,0.9958910012646965,0.9653
ArbiterPUF,40,0.85,0.09174,0.9957829946328667,0.96589
ArbiterPUF,40,0.86,0.09306,0.9956605025810754,0.96655
ArbiterPUF,40,0.87,0.09434,0.9955400365630707,0.96719
ArbiterPUF,40,0.88,0.09564,0.9954159886198333,0.96784
ArbiterPUF,40,0.89,0.09694,0.9952902272201812,0.96849
ArbiterPUF,40,0.9,0.09838,0.9951489213178096,0.96921
ArbiterPUF,40,0.91,0.09964,0.9950235526860659,0.96984
ArbiterPUF,40,0.92,0.10094,0.9948925149984797,0.97049
ArbiterPUF,40,0.93,0.10242,0.9947412445455353,0.97123
ArbiterPUF,40,0.94,0.10362,0.9946169592360669,0.97183
ArbiterPUF,40,0.95,0.10486,0.9944869935801071,0.97245
ArbiterPUF,40,0.96,0.10638,0.9943255480978046,0.97321
ArbiterPUF,40,0.97,0.10776,0.9941769371696368,0.9739
ArbiterPUF,40,0.98,0.1095,0.9939867956869446,0.97477
ArbiterPUF,40,0.99,0.11072,0.9938516396323949,0.97538
ArbiterPUF,40,1.0,0.11226,0.9936788678441341,0.97615
ArbiterPUF,40,1.01,0.11356,0.9935311401259652,0.9768
ArbiterPUF,40,1.02,0.11482,0.9933863133746107,0.97743
ArbiterPUF,40,1.03,0.11592,0.9932585532478437,0.97798
ArbiterPUF,40,1.04,0.1172,0.9931083324592539,0.97862
ArbiterPUF,40,1.05,0.11856,0.9929468900198035,0.9793
ArbiterPUF,40,1.06,0.1202,0.9927496965499412,0.98012
ArbiterPUF,40,1.07,0.12184,0.9925497541181499,0.98094
ArbiterPUF,40,1.08,0.12306,0.9923992323656846,0.98155
ArbiterPUF,40,1.09,0.12464,0.9922020310400499,0.98234
ArbiterPUF,40,1.1,0.12564,0.9920758995157579,0.98284
ArbiterPUF,40,1.11,0.1273,0.9918642598662379,0.98367
ArbiterPUF,40,1.12,0.12884,0.9916653943745338,0.98444
ArbiterPUF,40,1.13,0.13004,0.9915087485241874,0.98504
ArbiterPUF,40,1.14,0.13138,0.9913320813935157,0.98571
ArbiterPUF,40,1.15,0.13296,0.9911214044707136,0.9865
ArbiterPUF,40,1.16,0.1341,0.9909678047242504,0.98707
ArbiterPUF,40,1.17,0.13558,0.9907664021352357,0.98781
ArbiterPUF,40,1.18,0.1368,0.9905986876631725,0.98842
ArbiterPUF,40,1.19,0.1383,0.9903903826269722,0.98917
ArbiterPUF,40,1.2,0.13964,0.9902023381107521,0.98984
ArbiterPUF,40,1.21,0.14084,0.9900323703798781,0.99044
ArbiterPUF,40,1.22,0.14232,0.9898206997229347,0.99118
ArbiterPUF,40,1.23,0.14376,0.9896125819733703,0.9919
ArbiterPUF,40,1.24,0.1453,0.989387643949529,0.99267
ArbiterPUF,40,1.25,0.1463,0.9892402690954306,0.99317
ArbiterPUF,40,1.26,0.14772,0.9890292218129859,0.99388
ArbiterPUF,40,1.27,0.1492,0.9888070388098985,0.99462
ArbiterPUF,40,1.28,0.15042,0.9886221844567318,0.99523
ArbiterPUF,40,1.29,0.15202,0.9883774175890504,0.99603
ArbiterPUF,40,1.3,0.15322,0.9881921025792504,0.99665
ArbiterPUF,40,1.31,0.15436,0.9880146711461325,0.99722
ArbiterPUF,40,1.32,0.15578,0.9877917754263801,0.99793
ArbiterPUF,40,1.33,0.15718,0.9875699709893977,0.99863
ArbiterPUF,40,1.34,0.15868,0.9873300651757752,0.99938
ArbiterPUF,40,1.35,0.15992,0.9871299780677313,1.0
ArbiterPUF,40,1.36,0.16126,0.9869119577753632,0.99933
ArbiterPUF,40,1.37,0.16254,0.9867019552022789,0.99869
ArbiterPUF,40,1.38,0.16376,0.9865002090217723,0.99808
ArbiterPUF,40,1.39,0.16496,0.9863002577308799,0.99748
ArbiterPUF,40,1.4,0.16622,0.9860886935767998,0.99685
ArbiterPUF,40,1.41,0.16786,0.9858108441278174,0.99603
ArbiterPUF,40,1.42,0.169,0.9856160510056643,0.99546
ArbiterPUF,40,1.43,0.17022,0.9854060846168954,0.99485
ArbiterPUF,40,1.44,0.17138,0.9852050018143433,0.99427
ArbiterPUF,40,1.45,0.17244,0.9850200233497793,0.99374
ArbiterPUF,40,1.46,0.17388,0.9847668483453331,0.99302
ArbiterPUF,40,1.47,0.1748,0.9846039609914232,0.99256
ArbiterPUF,40,1.48,0.17598,0.9843937421580858,0.99197
ArbiterPUF,40,1.49,0.17714,0.9841856635818266,0.99139
ArbiterPUF,40,1.5,0.17858,0.9839253953425533,0.99067
ArbiterPUF,40,1.51,0.1801,0.9836483060525241,0.98991
ArbiterPUF,40,1.52,0.18134,0.9834204616541189,0.98929
ArbiterPUF,40,1.53,0.18288,0.9831352427819887,0.98852
ArbiterPUF,40,1.54,0.18448,0.9828362679510763,0.98772
ArbiterPUF,40,1.55,0.18608,0.9825345966427851,0.98692
ArbiterPUF,40,1.56,0.18728,0.9823065721046561,0.98632
ArbiterPUF,40,1.57,0.18826,0.9821192251452979,0.98583
ArbiterPUF,40,1.58,0.18978,0.9818266402985814,0.98507
ArbiterPUF,40,1.59,0.19114,0.9815627847468547,0.98439
ArbiterPUF,40,1.6,0.19276,0.9812459336985812,0.98358
ArbiterPUF,40,1.61,0.19434,0.9809342304150672,0.98279
ArbiterPUF,40,1.62,0.1958,0.9806438497232316,0.98206
ArbiterPUF,40,1.63,0.19724,0.980355232760044,0.98134
ArbiterPUF,40,1.64,0.19864,0.9800725230308213,0.98064
ArbiterPUF,40,1.65,0.19996,0.9798040612285704,0.97998
ArbiterPUF,40,1.66,0.20128,0.9795337470449906,0.97932
ArbiterPUF,40,1.67,0.20274,0.9792326038281202,0.97859
ArbiterPUF,40,1.68,0.20442,0.9788832737359444,0.97775
ArbiterPUF,40,1.69,0.2058,0.978594073147799,0.97706
ArbiterPUF,40,1.7,0.20728,0.9782816576017361,0.97632
ArbiterPUF,40,1.71,0.2085,0.9780223668199004,0.97571
ArbiterPUF,40,1.72,0.21016,0.9776670058869739,0.97488
ArbiterPUF,40,1.73,0.21182,0.9773086961651367,0.97405
ArbiterPUF,40,1.74,0.21326,0.9769954822822876,0.97333
ArbiterPUF,40,1.75,0.21472,0.9766756481043233,0.9726
ArbiterPUF,40,1.76,0.21632,0.976322517204228,0.9718
ArbiterPUF,40,1.77,0.2177,0.9760157324551689,0.97111
ArbiterPUF,40,1.78,0.21906,0.9757113899099467,0.97043
ArbiterPUF,40,1.79,0.22046,0.9753960161903471,0.96973
ArbiterPUF,40,1.8,0.22178,0.975096729355606,0.96907
ArbiterPUF,40,1.81,0.22324,0.9747635110117737,0.96834
ArbiterPUF,40,1.82,0.22492,0.9743772337241875,0.9675
ArbiterPUF,40,1.83,0.2263,0.9740576522978505,0.96681
ArbiterPUF,40,1.84,0.22764,0.9737453621969144,0.96614
ArbiterPUF,40,1.85,0.22898,0.9734311273017728,0.96547
ArbiterPUF,40,1.86,0.23038,0.9731007427805202,0.96477
ArbiterPUF,40,1.87,0.23182,0.9727586995755934,0.96405
ArbiterPUF,40,1.88,0.23338,0.972385610547585,0.96327
ArbiterPUF,40,1.89,0.23496,0.97200504031615,0.96248
ArbiterPUF,40,1.9,0.2364,0.9716558238388735,0.96176
ArbiterPUF,40,1.91,0.23788,0.9712945514106418,0.96102
ArbiterPUF,40,1.92,0.23974,0.9708371296978705,0.96009
ArbiterPUF,40,1.93,0.24146,0.9704107730234657,0.95923
ArbiterPUF,40,1.94,0.24264,0.9701164004386278,0.95864
ArbiterPUF,40,1.95,0.24396,0.969785295000909,0.95798
ArbiterPUF,40,1.96,0.24524,0.969462398651954,0.95732
ArbiterPUF,40,1.97,0.24658,0.969122439942446,0.95665
ArbiterPUF,40,1.98,0.24794,0.9687753900672745,0.95597
ArbiterPUF,40,1.99,0.24924,0.9684417496163616,0.95532
ArbiterPUF,40,2.0,0.2507,0.968064827374696,0.95459
ArbiterPUF,40,2.01,0.25214,0.967690766929188,0.95387
ArbiterPUF,40,2.02,0.25334,0.9673773019871823,0.95327
ArbiterPUF,40,2.03,0.25478,0.9669990442601275,0.95255
ArbiterPUF,40,2.04,0.25616,0.9666343954153506,0.95186
ArbiterPUF,40,2.05,0.25758,0.9662569759644691,0.95115
ArbiterPUF,40,2.06,0.25896,0.9658880465147086,0.95046
ArbiterPUF,40,2.07,0.26034,0.965517003682483,0.94977
ArbiterPUF,40,2.08,0.26188,0.9651004432700255,0.949
ArbiterPUF,40,2.09,0.26334,0.9647030861358329,0.94827
ArbiterPUF,40,2.1,0.26472,0.9643253193813799,0.94758
ArbiterPUF,40,2.11,0.26604,0.9639619901220172,0.94692
ArbiterPUF,40,2.12,0.26752,0.9635523076616028,0.94618
ArbiterPUF,40,2.13,0.26896,0.963151347608464,0.94546
ArbiterPUF,40,2.14,0.2704,0.9627480667339718,0.94474
ArbiterPUF,40,2.15,0.27166,0.9623932898768569,0.94411
ArbiterPUF,40,2.16,0.27306,0.9619970043612402,0.94341
ArbiterPUF,40,2.17,0.27476,0.9615128404758825,0.94256
ArbiterPUF,40,2.18,0.27626,0.9610829373160259,0.94181
ArbiterPUF,40,2.19,0.27774,0.9606562821321684,0.94107
ArbiterPUF,40,2.2,0.27914,0.9602504154646329,0.94037
ArbiterPUF,40,2.21,0.28074,0.9597838571261761,0.93957
ArbiterPUF,40,2.22,0.28266,0.9592201647171519,0.93861
ArbiterPUF,40,2.23,0.28414,0.958782801472784,0.93787
ArbiterPUF,40,2.24,0.28538,0.9584144487642076,0.93725
ArbiterPUF,40,2.25,0.28678,0.9579964674256373,0.93655
ArbiterPUF,40,2.26,0.28788,0.9576664897551758,0.936
ArbiterPUF,40,2.27,0.28912,0.9572928630257306,0.93538
ArbiterPUF,40,2.28,0.2904,0.9569053453712127,0.93474
ArbiterPUF,40,2.29,0.29176,0.9564915589800048,0.93406
ArbiterPUF,40,2.3,0.29326,0.9560327255904997,0.93331
ArbiterPUF,40,2.31,0.29476,0.9555713172756914,0.93256
ArbiterPUF,40,2.32,0.29628,0.9551011263735374,0.9318
ArbiterPUF,40,2.33,0.29768,0.9546657098691668,0.9311
ArbiterPUF,40,2.34,0.29892,0.9542781741190565,0.93048
ArbiterPUF,40,2.35,0.30058,0.9537566060583801,0.92965
ArbiterPUF,40,2.36,0.30194,0.9533269304913189,0.92897
ArbiterPUF,40,2.37,0.30326,0.9529078509488731,0.92831
ArbiterPUF,40,2.38,0.30484,0.9524035774817312,0.92752
ArbiterPUF,40,2.39,0.3063,0.9519350345480514,0.92679
ArbiterPUF,40,2.4,0.30794,0.9514057790448824,0.92597
ArbiterPUF,40,2.41,0.30916,0.9510100390637315,0.92536
ArbiterPUF,40,2.42,0.31016,0.9506843715976402,0.92486
ArbiterPUF,40,2.43,0.31138,0.9502854811055466,0.92425
ArbiterPUF,40,2.44,0.31264,0.9498716915457581,0.92362
ArbiterPUF,40,2.45,0.31392,0.9494494370949935,0.92298
ArbiterPUF,40,2.46,0.31578,0.9488324359969995,0.92205
ArbiterPUF,40,2.47,0.31762,0.9482180844088557,0.92113
ArbiterPUF,40,2.48,0.31882,0.9478152813707954,0.92053
ArbiterPUF,40,2.49,0.32042,0.9472755795437775,0.91973
ArbiterPUF,40,2.5,0.32224,0.9466580070965437,0.91882
ArbiterPUF,40,2.51,0.32404,0.9460433808235221,0.91792
ArbiterPUF,40,2.52,0.32534,0.945597104690999,0.91727
ArbiterPUF,40,2.53,0.32668,0.9451350049596089,0.9166
ArbiterPUF,40,2.54,0.32804,0.9446638335408,0.91592
ArbiterPUF,40,2.55,0.3296,0.9441206702535433,0.91514
ArbiterPUF,40,2.56,0.33082,0.9436938738807198,0.91453
ArbiterPUF,40,2.57,0.33228,0.943180789456613,0.9138
ArbiterPUF,40,2.58,0.33378,0.9426510020150618,0.91305
ArbiterPUF,40,2.59,0.3351,0.9421825672341853,0.91239
ArbiterPUF,40,2.6,0.3368,0.9415762104046597,0.91154
ArbiterPUF,40,2.61,0.33838,0.9410095512799006,0.91075
ArbiterPUF,40,2.62,0.33972,0.9405266192936804,0.91008
ArbiterPUF,40,2.63,0.34108,0.9400342725666976,0.9094
ArbiterPUF,40,2.64,0.34246,0.939532409446316,0.90871
ArbiterPUF,40,2.65,0.34396,0.9389843014662173,0.90796
ArbiterPUF,40,2.66,0.34554,0.9384040219436404,0.90717
ArbiterPUF,40,2.67,0.34722,0.9377837019270487,0.90633
ArbiterPUF,40,2.68,0.34872,0.9372269530908723,0.90558
ArbiterPUF,40,2.69,0.35032,0.9366300751096986,0.90478
ArbiterPUF,40,2.7,0.35144,0.9362104071201088,0.90422
ArbiterPUF,40,2.71,0.35302,0.935615775625871,0.90343
ArbiterPUF,40,2.72,0.35442,0.9350863401846913,0.90273
ArbiterPUF,40,2.73,0.35582,0.9345545075596179,0.90203
ArbiterPUF,40,2.74,0.35712,0.9340585129423101,0.90138
ArbiterPUF,40,2.75,0.35832,0.9335988311903567,0.90078
ArbiterPUF,40,2.76,0.35974,0.9330525882285521,0.90007
ArbiterPUF,40,2.77,0.36102,0.9325580730442474,0.89943
ArbiterPUF,40,2.78,0.36236,0.9320382129505207,0.89876
ArbiterPUF,40,2.79,0.36344,0.9316176073905003,0.89822
ArbiterPUF,40,2.8,0.36478,0.9310937394269172,0.89755
ArbiterPUF,40,2.81,0.36624,0.930520425568402,0.89682
ArbiterPUF,40,2.82,0.36764,0.9299681878430035,0.89612
ArbiterPUF,40,2.83,0.3689,0.9294690903951568,0.89549
ArbiterPUF,40,2.84,0.37038,0.9288803236154807,0.89475
ArbiterPUF,40,2.85,0.37172,0.9283448936682961,0.89408
ArbiterPUF,40,2.86,0.37346,0.9276462840975541,0.89321
ArbiterPUF,40,2.87,0.3752,0.9269438817965197,0.89234
ArbiterPUF,40,2.88,0.37652,0.9264084895984059,0.89168
ArbiterPUF,40,2.89,0.37782,0.9258790674812776,0.89103
ArbiterPUF,40,2.9,0.3794,0.9252327490961395,0.89024
ArbiterPUF,40,2.91,0.38086,0.9246327164880117,0.88951
ArbiterPUF,40,2.92,0.38206,0.9241375202858068,0.88891
ArbiterPUF,40,2.93,0.38382,0.9234079313066356,0.88803
ArbiterPUF,40,2.94,0.38544,0.922732900898196,0.88722
ArbiterPUF,40,2.95,0.38678,0.9221720184434139,0.88655
ArbiterPUF,40,2.96,0.38854,0.9214318577084255,0.88567
ArbiterPUF,40,2.97,0.38972,0.9209333969402997,0.88508
ArbiterPUF,40,2.98,0.39116,0.9203226903646351,0.88436
ArbiterPUF,40,2.99,0.39276,0.9196410073501506,0.88356
ArbiterPUF,40,3.0,0.39426,0.9189989403693566,0.88281
