PUF,Temperature,Vdd,Bias,Std,Reliability
FeedForwardArbiterPUF,0,0.5,0.00548,0.9999849846872703,0.9742
FeedForwardArbiterPUF,0,0.51,0.0054,0.9999854198937103,0.97442
FeedForwardArbiterPUF,0,0.52,0.00546,0.9999850940889069,0.97461
FeedForwardArbiterPUF,0,0.53,0.00566,0.999983982071713,0.97481
FeedForwardArbiterPUF,0,0.54,0.00564,0.9999840950735167,0.97508
FeedForwardArbiterPUF,0,0.55,0.00564,0.9999840950735167,0.9753
FeedForwardArbiterPUF,0,0.56,0.00566,0.999983982071713,0.97557
FeedForwardArbiterPUF,0,0.57,0.00564,0.9999840950735167,0.97578
FeedForwardArbiterPUF,0,0.58,0.0057,0.999983754868048,0.97603
FeedForwardArbiterPUF,0,0.59,0.0058,0.9999831798585413,0.97626
FeedForwardArbiterPUF,0,0.6,0.00572,0.9999836406661862,0.9765
FeedForwardArbiterPUF,0,0.61,0.00566,0.999983982071713,0.97677
FeedForwardArbiterPUF,0,0.62,0.00554,0.9999846540822515,0.97701
FeedForwardArbiterPUF,0,0.63,0.00574,0.9999835260643049,0.97729
FeedForwardArbiterPUF,0,0.64,0.0059,0.9999825948485304,0.97761
FeedForwardArbiterPUF,0,0.65,0.00582,0.99998306365658,0.97789
FeedForwardArbiterPUF,0,0.66,0.00568,0.99998386866989,0.97814
FeedForwardArbiterPUF,0,0.67,0.00566,0.9999839820717131,0.97841
FeedForwardArbiterPUF,0,0.68,0.0053,0.9999859549013679,0.97875
FeedForwardArbiterPUF,0,0.69,0.00506,0.999987198118056,0.97903
FeedForwardArbiterPUF,0,0.7,0.00522,0.9999863757071892,0.97935
FeedForwardArbiterPUF,0,0.71,0.00526,0.9999861661043117,0.97961
FeedForwardArbiterPUF,0,0.72,0.00532,0.9999858486998703,0.97986
FeedForwardArbiterPUF,0,0.73,0.00524,0.9999862711057588,0.98008
FeedForwardArbiterPUF,0,0.74,0.0053,0.9999859549013677,0.98037
FeedForwardArbiterPUF,0,0.75,0.00534,0.9999857420983559,0.98069
FeedForwardArbiterPUF,0,0.76,0.00544,0.999985203090526,0.98108
FeedForwardArbiterPUF,0,0.77,0.00546,0.9999850940889069,0.98139
FeedForwardArbiterPUF,0,0.78,0.0054,0.9999854198937104,0.98172
FeedForwardArbiterPUF,0,0.79,0.00538,0.999985527695276,0.98209
FeedForwardArbiterPUF,0,0.8,0.00536,0.9999856350968247,0.9824
FeedForwardArbiterPUF,0,0.81,0.00532,0.9999858486998704,0.98268
FeedForwardArbiterPUF,0,0.82,0.00516,0.9999866871113835,0.98298
FeedForwardArbiterPUF,0,0.83,0.00522,0.9999863757071892,0.98345
FeedForwardArbiterPUF,0,0.84,0.00502,0.9999873997206163,0.98369
FeedForwardArbiterPUF,0,0.85,0.00478,0.9999885757347432,0.98407
FeedForwardArbiterPUF,0,0.86,0.00458,0.9999895117449983,0.98435
FeedForwardArbiterPUF,0,0.87,0.00456,0.9999896031459526,0.9847
FeedForwardArbiterPUF,0,0.88,0.00486,0.9999881901302636,0.98505
FeedForwardArbiterPUF,0,0.89,0.0047,0.9999889549390033,0.98537
FeedForwardArbiterPUF,0,0.9,0.00482,0.9999883837325311,0.98557
FeedForwardArbiterPUF,0,0.91,0.00496,0.9999876991243444,0.98596
FeedForwardArbiterPUF,0,0.92,0.00532,0.9999858486998704,0.98632
FeedForwardArbiterPUF,0,0.93,0.00512,0.9999868927140995,0.9866
FeedForwardArbiterPUF,0,0.94,0.00526,0.9999861661043117,0.98683
FeedForwardArbiterPUF,0,0.95,0.00518,0.9999865837100015,0.98713
FeedForwardArbiterPUF,0,0.96,0.00514,0.9999867901127493,0.98749
FeedForwardArbiterPUF,0,0.97,0.00526,0.9999861661043117,0.98779
FeedForwardArbiterPUF,0,0.98,0.00528,0.9999860607028479,0.98804
FeedForwardArbiterPUF,0,0.99,0.00532,0.9999858486998704,0.98836
FeedForwardArbiterPUF,0,1.0,0.00506,0.9999871981180561,0.98861
FeedForwardArbiterPUF,0,1.01,0.005,0.9999874999218739,0.98896
FeedForwardArbiterPUF,0,1.02,0.00496,0.9999876991243444,0.98918
FeedForwardArbiterPUF,0,1.03,0.00504,0.9999872991193439,0.98948
FeedForwardArbiterPUF,0,1.04,0.00498,0.9999875997231167,0.98977
FeedForwardArbiterPUF,0,1.05,0.0051,0.9999869949154339,0.99021
FeedForwardArbiterPUF,0,1.06,0.00512,0.9999868927140996,0.99058
FeedForwardArbiterPUF,0,1.07,0.0052,0.9999864799086037,0.99086
FeedForwardArbiterPUF,0,1.08,0.00512,0.9999868927140995,0.99112
FeedForwardArbiterPUF,0,1.09,0.00522,0.9999863757071893,0.99145
FeedForwardArbiterPUF,0,1.1,0.00516,0.9999866871113835,0.99176
FeedForwardArbiterPUF,0,1.11,0.00514,0.9999867901127493,0.99211
FeedForwardArbiterPUF,0,1.12,0.00502,0.9999873997206163,0.99247
FeedForwardArbiterPUF,0,1.13,0.00492,0.9999878967267555,0.99276
FeedForwardArbiterPUF,0,1.14,0.00488,0.9999880927291085,0.99302
FeedForwardArbiterPUF,0,1.15,0.00488,0.9999880927291086,0.9933
FeedForwardArbiterPUF,0,1.16,0.00478,0.9999885757347432,0.99361
FeedForwardArbiterPUF,0,1.17,0.00472,0.9999888607379585,0.99396
FeedForwardArbiterPUF,0,1.18,0.00498,0.9999875997231166,0.99433
FeedForwardArbiterPUF,0,1.19,0.0051,0.999986994915434,0.99473
FeedForwardArbiterPUF,0,1.2,0.00502,0.9999873997206163,0.99499
FeedForwardArbiterPUF,0,1.21,0.00514,0.9999867901127493,0.99537
FeedForwardArbiterPUF,0,1.22,0.00508,0.9999870967167527,0.99572
FeedForwardArbiterPUF,0,1.23,0.00516,0.9999866871113836,0.99594
FeedForwardArbiterPUF,0,1.24,0.00528,0.9999860607028478,0.99628
FeedForwardArbiterPUF,0,1.25,0.0053,0.9999859549013677,0.99659
FeedForwardArbiterPUF,0,1.26,0.0054,0.9999854198937103,0.99692
FeedForwardArbiterPUF,0,1.27,0.0054,0.9999854198937104,0.99714
FeedForwardArbiterPUF,0,1.28,0.0053,0.9999859549013679,0.99751
FeedForwardArbiterPUF,0,1.29,0.00536,0.9999856350968247,0.9978
FeedForwardArbiterPUF,0,1.3,0.00522,0.9999863757071892,0.99815
FeedForwardArbiterPUF,0,1.31,0.00524,0.9999862711057588,0.9985
FeedForwardArbiterPUF,0,1.32,0.0053,0.9999859549013679,0.99889
FeedForwardArbiterPUF,0,1.33,0.00544,0.9999852030905259,0.99918
FeedForwardArbiterPUF,0,1.34,0.0057,0.9999837548680479,0.99953
FeedForwardArbiterPUF,0,1.35,0.00548,0.9999849846872703,1.0
FeedForwardArbiterPUF,0,1.36,0.00532,0.9999858486998703,0.99958
FeedForwardArbiterPUF,0,1.37,0.00562,0.9999842076753012,0.99925
FeedForwardArbiterPUF,0,1.38,0.00582,0.9999830636565801,0.99887
FeedForwardArbiterPUF,0,1.39,0.00572,0.9999836406661861,0.99848
FeedForwardArbiterPUF,0,1.4,0.00572,0.9999836406661862,0.99822
FeedForwardArbiterPUF,0,1.41,0.00576,0.9999834110624035,0.99792
FeedForwardArbiterPUF,0,1.42,0.00574,0.999983526064305,0.99751
FeedForwardArbiterPUF,0,1.43,0.00592,0.999982476646466,0.99718
FeedForwardArbiterPUF,0,1.44,0.00576,0.9999834110624036,0.99678
FeedForwardArbiterPUF,0,1.45,0.0057,0.9999837548680479,0.99645
FeedForwardArbiterPUF,0,1.46,0.00608,0.9999815166291826,0.99606
FeedForwardArbiterPUF,0,1.47,0.00588,0.9999827126505738,0.99574
FeedForwardArbiterPUF,0,1.48,0.00582,0.99998306365658,0.99533
FeedForwardArbiterPUF,0,1.49,0.00606,0.999981638031419,0.99497
FeedForwardArbiterPUF,0,1.5,0.00602,0.9999818796358261,0.99469
FeedForwardArbiterPUF,0,1.51,0.00602,0.9999818796358262,0.99427
FeedForwardArbiterPUF,0,1.52,0.006,0.9999819998379968,0.99386
FeedForwardArbiterPUF,0,1.53,0.0057,0.999983754868048,0.99353
FeedForwardArbiterPUF,0,1.54,0.00554,0.9999846540822513,0.99311
FeedForwardArbiterPUF,0,1.55,0.00538,0.9999855276952762,0.99277
FeedForwardArbiterPUF,0,1.56,0.0054,0.9999854198937103,0.99242
FeedForwardArbiterPUF,0,1.57,0.00564,0.9999840950735167,0.99214
FeedForwardArbiterPUF,0,1.58,0.00564,0.9999840950735168,0.99186
FeedForwardArbiterPUF,0,1.59,0.00564,0.9999840950735169,0.99158
FeedForwardArbiterPUF,0,1.6,0.00578,0.9999832956604824,0.99133
FeedForwardArbiterPUF,0,1.61,0.0059,0.9999825948485305,0.99097
FeedForwardArbiterPUF,0,1.62,0.00596,0.9999822390422741,0.9906
FeedForwardArbiterPUF,0,1.63,0.0059,0.9999825948485304,0.99017
FeedForwardArbiterPUF,0,1.64,0.00598,0.9999821196401464,0.98983
FeedForwardArbiterPUF,0,1.65,0.00596,0.9999822390422742,0.98954
FeedForwardArbiterPUF,0,1.66,0.00602,0.999981879635826,0.98917
FeedForwardArbiterPUF,0,1.67,0.00606,0.999981638031419,0.98873
FeedForwardArbiterPUF,0,1.68,0.00626,0.9999804060080378,0.98835
FeedForwardArbiterPUF,0,1.69,0.00614,0.9999811500223392,0.98797
FeedForwardArbiterPUF,0,1.7,0.00612,0.9999812726246426,0.9876
FeedForwardArbiterPUF,0,1.71,0.00634,0.9999799019980352,0.98719
FeedForwardArbiterPUF,0,1.72,0.00652,0.9999787445741035,0.98684
FeedForwardArbiterPUF,0,1.73,0.00658,0.9999783515656728,0.98651
FeedForwardArbiterPUF,0,1.74,0.00658,0.9999783515656727,0.98607
FeedForwardArbiterPUF,0,1.75,0.00642,0.9999793915876467,0.98575
FeedForwardArbiterPUF,0,1.76,0.0066,0.9999782197628105,0.98536
FeedForwardArbiterPUF,0,1.77,0.00668,0.9999776885510995,0.98506
FeedForwardArbiterPUF,0,1.78,0.0066,0.9999782197628105,0.98472
FeedForwardArbiterPUF,0,1.79,0.00698,0.999975639503283,0.98425
FeedForwardArbiterPUF,0,1.8,0.0072,0.9999740796640679,0.98376
FeedForwardArbiterPUF,0,1.81,0.00704,0.9999752188929483,0.98344
FeedForwardArbiterPUF,0,1.82,0.00684,0.9999766069263818,0.98316
FeedForwardArbiterPUF,0,1.83,0.0067,0.9999775547481052,0.98279
FeedForwardArbiterPUF,0,1.84,0.00656,0.9999784829685087,0.98244
FeedForwardArbiterPUF,0,1.85,0.00662,0.9999780875599226,0.98201
FeedForwardArbiterPUF,0,1.86,0.00638,0.9999796475928897,0.98173
FeedForwardArbiterPUF,0,1.87,0.00638,0.9999796475928896,0.98139
FeedForwardArbiterPUF,0,1.88,0.0065,0.9999788747768623,0.98111
FeedForwardArbiterPUF,0,1.89,0.00652,0.9999787445741035,0.98078
FeedForwardArbiterPUF,0,1.9,0.00656,0.9999784829685086,0.98024
FeedForwardArbiterPUF,0,1.91,0.0064,0.9999795197902804,0.97994
FeedForwardArbiterPUF,0,1.92,0.0064,0.9999795197902804,0.97954
FeedForwardArbiterPUF,0,1.93,0.00622,0.9999806556128975,0.97917
FeedForwardArbiterPUF,0,1.94,0.00606,0.9999816380314192,0.97871
FeedForwardArbiterPUF,0,1.95,0.00606,0.999981638031419,0.97835
FeedForwardArbiterPUF,0,1.96,0.00614,0.9999811500223392,0.97807
FeedForwardArbiterPUF,0,1.97,0.00586,0.9999828300525964,0.97761
FeedForwardArbiterPUF,0,1.98,0.00596,0.9999822390422742,0.97722
FeedForwardArbiterPUF,0,1.99,0.00598,0.9999821196401464,0.97681
FeedForwardArbiterPUF,0,2.0,0.00612,0.9999812726246426,0.9765
FeedForwardArbiterPUF,0,2.01,0.00596,0.9999822390422741,0.97602
FeedForwardArbiterPUF,0,2.02,0.0059,0.9999825948485304,0.97559
FeedForwardArbiterPUF,0,2.03,0.00592,0.999982476646466,0.97518
FeedForwardArbiterPUF,0,2.04,0.006,0.999981999837997,0.97488
FeedForwardArbiterPUF,0,2.05,0.00598,0.9999821196401463,0.97453
FeedForwardArbiterPUF,0,2.06,0.00624,0.9999805310104791,0.97414
FeedForwardArbiterPUF,0,2.07,0.00626,0.9999804060080378,0.97387
FeedForwardArbiterPUF,0,2.08,0.00606,0.999981638031419,0.97349
FeedForwardArbiterPUF,0,2.09,0.00596,0.9999822390422742,0.97312
FeedForwardArbiterPUF,0,2.1,0.00592,0.9999824766464659,0.97268
FeedForwardArbiterPUF,0,2.11,0.00576,0.9999834110624036,0.97224
FeedForwardArbiterPUF,0,2.12,0.00548,0.9999849846872704,0.9719
FeedForwardArbiterPUF,0,2.13,0.00528,0.9999860607028478,0.97144
FeedForwardArbiterPUF,0,2.14,0.00546,0.9999850940889069,0.97091
FeedForwardArbiterPUF,0,2.15,0.00528,0.9999860607028478,0.97048
FeedForwardArbiterPUF,0,2.16,0.00528,0.9999860607028479,0.97008
FeedForwardArbiterPUF,0,2.17,0.00552,0.9999847646839426,0.96972
FeedForwardArbiterPUF,0,2.18,0.00554,0.9999846540822515,0.96933
FeedForwardArbiterPUF,0,2.19,0.00556,0.9999845430805417,0.96892
FeedForwardArbiterPUF,0,2.2,0.0054,0.9999854198937105,0.96858
FeedForwardArbiterPUF,0,2.21,0.00558,0.9999844316788138,0.96823
FeedForwardArbiterPUF,0,2.22,0.00568,0.99998386866989,0.96784
FeedForwardArbiterPUF,0,2.23,0.00564,0.9999840950735168,0.96746
FeedForwardArbiterPUF,0,2.24,0.00552,0.9999847646839426,0.96698
FeedForwardArbiterPUF,0,2.25,0.00574,0.9999835260643049,0.96663
FeedForwardArbiterPUF,0,2.26,0.00578,0.9999832956604826,0.96633
FeedForwardArbiterPUF,0,2.27,0.00562,0.999984207675301,0.96603
FeedForwardArbiterPUF,0,2.28,0.00528,0.9999860607028479,0.9656
FeedForwardArbiterPUF,0,2.29,0.00514,0.9999867901127493,0.96511
FeedForwardArbiterPUF,0,2.3,0.0054,0.9999854198937104,0.96472
FeedForwardArbiterPUF,0,2.31,0.00578,0.9999832956604825,0.96429
FeedForwardArbiterPUF,0,2.32,0.00578,0.9999832956604825,0.96381
FeedForwardArbiterPUF,0,2.33,0.00602,0.9999818796358261,0.96331
FeedForwardArbiterPUF,0,2.34,0.00616,0.9999810270200129,0.96278
FeedForwardArbiterPUF,0,2.35,0.00622,0.9999806556128974,0.96239
FeedForwardArbiterPUF,0,2.36,0.00606,0.999981638031419,0.96209
FeedForwardArbiterPUF,0,2.37,0.00596,0.9999822390422741,0.96168
FeedForwardArbiterPUF,0,2.38,0.00592,0.9999824766464659,0.96134
FeedForwardArbiterPUF,0,2.39,0.00598,0.9999821196401463,0.96093
FeedForwardArbiterPUF,0,2.4,0.00602,0.9999818796358261,0.96047
FeedForwardArbiterPUF,0,2.41,0.00616,0.9999810270200129,0.96004
FeedForwardArbiterPUF,0,2.42,0.00608,0.9999815166291823,0.95972
FeedForwardArbiterPUF,0,2.43,0.00632,0.9999800286005716,0.95938
FeedForwardArbiterPUF,0,2.44,0.00638,0.9999796475928898,0.95895
FeedForwardArbiterPUF,0,2.45,0.00638,0.9999796475928897,0.95837
FeedForwardArbiterPUF,0,2.46,0.00654,0.9999786139713189,0.95791
FeedForwardArbiterPUF,0,2.47,0.00644,0.9999792629849883,0.95748
FeedForwardArbiterPUF,0,2.48,0.0063,0.9999801548030842,0.95719
FeedForwardArbiterPUF,0,2.49,0.00628,0.9999802806055728,0.95674
FeedForwardArbiterPUF,0,2.5,0.00642,0.9999793915876468,0.95621
FeedForwardArbiterPUF,0,2.51,0.00628,0.9999802806055728,0.9558
FeedForwardArbiterPUF,0,2.52,0.0065,0.9999788747768623,0.95539
FeedForwardArbiterPUF,0,2.53,0.00636,0.9999797749954746,0.95488
FeedForwardArbiterPUF,0,2.54,0.00652,0.9999787445741036,0.9544
FeedForwardArbiterPUF,0,2.55,0.00664,0.9999779549570079,0.954
FeedForwardArbiterPUF,0,2.56,0.00668,0.9999776885510997,0.95356
FeedForwardArbiterPUF,0,2.57,0.00666,0.9999778219540671,0.95321
FeedForwardArbiterPUF,0,2.58,0.00658,0.9999783515656728,0.95283
FeedForwardArbiterPUF,0,2.59,0.0066,0.9999782197628106,0.95238
FeedForwardArbiterPUF,0,2.6,0.00648,0.9999790045795961,0.95188
FeedForwardArbiterPUF,0,2.61,0.0066,0.9999782197628106,0.95152
FeedForwardArbiterPUF,0,2.62,0.00648,0.9999790045795961,0.9511
FeedForwardArbiterPUF,0,2.63,0.00632,0.9999800286005716,0.95064
FeedForwardArbiterPUF,0,2.64,0.00642,0.9999793915876469,0.95019
FeedForwardArbiterPUF,0,2.65,0.0064,0.9999795197902804,0.9498
FeedForwardArbiterPUF,0,2.66,0.0064,0.9999795197902804,0.94928
FeedForwardArbiterPUF,0,2.67,0.00654,0.9999786139713188,0.94877
FeedForwardArbiterPUF,0,2.68,0.00654,0.9999786139713189,0.94837
FeedForwardArbiterPUF,0,2.69,0.00652,0.9999787445741036,0.94782
FeedForwardArbiterPUF,0,2.7,0.00636,0.9999797749954745,0.94746
FeedForwardArbiterPUF,0,2.71,0.00628,0.9999802806055728,0.94704
FeedForwardArbiterPUF,0,2.72,0.00626,0.9999804060080378,0.94665
FeedForwardArbiterPUF,0,2.73,0.0062,0.9999807798152922,0.94612
FeedForwardArbiterPUF,0,2.74,0.00614,0.9999811500223392,0.94577
FeedForwardArbiterPUF,0,2.75,0.00614,0.9999811500223392,0.94521
FeedForwardArbiterPUF,0,2.76,0.00628,0.9999802806055726,0.94482
FeedForwardArbiterPUF,0,2.77,0.00626,0.9999804060080378,0.94425
FeedForwardArbiterPUF,0,2.78,0.00638,0.9999796475928898,0.94373
FeedForwardArbiterPUF,0,2.79,0.00646,0.9999791339823048,0.94333
FeedForwardArbiterPUF,0,2.8,0.00634,0.9999799019980352,0.94311
FeedForwardArbiterPUF,0,2.81,0.0067,0.9999775547481053,0.94257
FeedForwardArbiterPUF,0,2.82,0.00664,0.9999779549570079,0.94218
FeedForwardArbiterPUF,0,2.83,0.0067,0.9999775547481052,0.94173
FeedForwardArbiterPUF,0,2.84,0.0068,0.9999768797327265,0.9413
FeedForwardArbiterPUF,0,2.85,0.00666,0.9999778219540673,0.94079
FeedForwardArbiterPUF,0,2.86,0.0065,0.9999788747768625,0.94039
FeedForwardArbiterPUF,0,2.87,0.00622,0.9999806556128973,0.93995
FeedForwardArbiterPUF,0,2.88,0.00606,0.999981638031419,0.93947
FeedForwardArbiterPUF,0,2.89,0.00626,0.9999804060080378,0.93895
FeedForwardArbiterPUF,0,2.9,0.00602,0.9999818796358262,0.93855
FeedForwardArbiterPUF,0,2.91,0.00614,0.9999811500223392,0.93813
FeedForwardArbiterPUF,0,2.92,0.0063,0.9999801548030842,0.93771
FeedForwardArbiterPUF,0,2.93,0.00646,0.9999791339823046,0.93731
FeedForwardArbiterPUF,0,2.94,0.00648,0.9999790045795961,0.93684
FeedForwardArbiterPUF,0,2.95,0.00652,0.9999787445741035,0.93636
FeedForwardArbiterPUF,0,2.96,0.00674,0.9999772859420357,0.93583
FeedForwardArbiterPUF,0,2.97,0.0064,0.9999795197902804,0.93528
FeedForwardArbiterPUF,0,2.98,0.00658,0.9999783515656728,0.93483
FeedForwardArbiterPUF,0,2.99,0.00642,0.9999793915876467,0.93437
FeedForwardArbiterPUF,0,3.0,0.0064,0.9999795197902804,0.93406
FeedForwardArbiterPUF,5,0.5,0.00554,0.9999846540822515,0.9751
FeedForwardArbiterPUF,5,0.51,0.00548,0.9999849846872703,0.97529
FeedForwardArbiterPUF,5,0.52,0.00542,0.9999853116921269,0.97548
FeedForwardArbiterPUF,5,0.53,0.0055,0.9999848748856156,0.97568
FeedForwardArbiterPUF,5,0.54,0.00568,0.99998386866989,0.97589
FeedForwardArbiterPUF,5,0.55,0.00566,0.9999839820717131,0.97614
FeedForwardArbiterPUF,5,0.56,0.00562,0.999984207675301,0.97636
FeedForwardArbiterPUF,5,0.57,0.00564,0.9999840950735168,0.97659
FeedForwardArbiterPUF,5,0.58,0.00566,0.9999839820717131,0.97684
FeedForwardArbiterPUF,5,0.59,0.00572,0.999983640666186,0.97709
FeedForwardArbiterPUF,5,0.6,0.00574,0.999983526064305,0.9773
FeedForwardArbiterPUF,5,0.61,0.00584,0.9999829470545983,0.97751
FeedForwardArbiterPUF,5,0.62,0.00574,0.999983526064305,0.97776
FeedForwardArbiterPUF,5,0.63,0.00566,0.9999839820717131,0.978
FeedForwardArbiterPUF,5,0.64,0.00568,0.99998386866989,0.97825
FeedForwardArbiterPUF,5,0.65,0.00584,0.9999829470545983,0.97859
FeedForwardArbiterPUF,5,0.66,0.00582,0.99998306365658,0.97886
FeedForwardArbiterPUF,5,0.67,0.00582,0.99998306365658,0.97912
FeedForwardArbiterPUF,5,0.68,0.00566,0.9999839820717131,0.9794
FeedForwardArbiterPUF,5,0.69,0.00546,0.9999850940889069,0.9797
FeedForwardArbiterPUF,5,0.7,0.0052,0.9999864799086036,0.97999
FeedForwardArbiterPUF,5,0.71,0.00506,0.9999871981180559,0.98026
FeedForwardArbiterPUF,5,0.72,0.00522,0.9999863757071892,0.98052
FeedForwardArbiterPUF,5,0.73,0.00534,0.999985742098356,0.98082
FeedForwardArbiterPUF,5,0.74,0.00524,0.9999862711057588,0.98105
FeedForwardArbiterPUF,5,0.75,0.00528,0.9999860607028478,0.98127
FeedForwardArbiterPUF,5,0.76,0.00538,0.999985527695276,0.98156
FeedForwardArbiterPUF,5,0.77,0.00538,0.999985527695276,0.9819
FeedForwardArbiterPUF,5,0.78,0.00546,0.9999850940889069,0.98226
FeedForwardArbiterPUF,5,0.79,0.00542,0.9999853116921269,0.98254
FeedForwardArbiterPUF,5,0.8,0.0054,0.9999854198937104,0.98291
FeedForwardArbiterPUF,5,0.81,0.0054,0.9999854198937103,0.98325
FeedForwardArbiterPUF,5,0.82,0.0053,0.9999859549013678,0.98356
FeedForwardArbiterPUF,5,0.83,0.0053,0.9999859549013678,0.98386
FeedForwardArbiterPUF,5,0.84,0.0052,0.9999864799086036,0.98417
FeedForwardArbiterPUF,5,0.85,0.00522,0.9999863757071892,0.98462
FeedForwardArbiterPUF,5,0.86,0.00504,0.9999872991193439,0.98481
FeedForwardArbiterPUF,5,0.87,0.00476,0.9999886711358286,0.98519
FeedForwardArbiterPUF,5,0.88,0.00456,0.9999896031459526,0.98547
FeedForwardArbiterPUF,5,0.89,0.00456,0.9999896031459526,0.98581
FeedForwardArbiterPUF,5,0.9,0.00486,0.9999881901302636,0.98616
FeedForwardArbiterPUF,5,0.91,0.00468,0.9999890487400349,0.98647
FeedForwardArbiterPUF,5,0.92,0.00482,0.9999883837325311,0.98664
FeedForwardArbiterPUF,5,0.93,0.00494,0.9999877981255572,0.98706
FeedForwardArbiterPUF,5,0.94,0.00528,0.9999860607028478,0.98739
FeedForwardArbiterPUF,5,0.95,0.00512,0.9999868927140995,0.98765
FeedForwardArbiterPUF,5,0.96,0.0052,0.9999864799086036,0.98791
FeedForwardArbiterPUF,5,0.97,0.0051,0.9999869949154339,0.98816
FeedForwardArbiterPUF,5,0.98,0.00512,0.9999868927140995,0.98851
FeedForwardArbiterPUF,5,0.99,0.00522,0.9999863757071892,0.98884
FeedForwardArbiterPUF,5,1.0,0.00526,0.9999861661043116,0.98908
FeedForwardArbiterPUF,5,1.01,0.00532,0.9999858486998704,0.98941
FeedForwardArbiterPUF,5,1.02,0.00516,0.9999866871113836,0.98965
FeedForwardArbiterPUF,5,1.03,0.00496,0.9999876991243445,0.98995
FeedForwardArbiterPUF,5,1.04,0.005,0.9999874999218739,0.99023
FeedForwardArbiterPUF,5,1.05,0.00488,0.9999880927291086,0.99047
FeedForwardArbiterPUF,5,1.06,0.005,0.9999874999218736,0.99077
FeedForwardArbiterPUF,5,1.07,0.005,0.9999874999218737,0.99119
FeedForwardArbiterPUF,5,1.08,0.00514,0.9999867901127493,0.99154
FeedForwardArbiterPUF,5,1.09,0.00518,0.9999865837100015,0.99182
FeedForwardArbiterPUF,5,1.1,0.00516,0.9999866871113835,0.99213
FeedForwardArbiterPUF,5,1.11,0.00522,0.9999863757071892,0.9924
FeedForwardArbiterPUF,5,1.12,0.00518,0.9999865837100015,0.9927
FeedForwardArbiterPUF,5,1.13,0.00516,0.9999866871113836,0.99301
FeedForwardArbiterPUF,5,1.14,0.0051,0.9999869949154337,0.99338
FeedForwardArbiterPUF,5,1.15,0.00504,0.9999872991193439,0.99371
FeedForwardArbiterPUF,5,1.16,0.00492,0.9999878967267554,0.99399
FeedForwardArbiterPUF,5,1.17,0.00482,0.9999883837325311,0.99422
FeedForwardArbiterPUF,5,1.18,0.00482,0.9999883837325311,0.99452
FeedForwardArbiterPUF,5,1.19,0.0048,0.9999884799336439,0.99485
FeedForwardArbiterPUF,5,1.2,0.00486,0.9999881901302635,0.99524
FeedForwardArbiterPUF,5,1.21,0.0051,0.9999869949154339,0.99558
FeedForwardArbiterPUF,5,1.22,0.00508,0.9999870967167528,0.99593
FeedForwardArbiterPUF,5,1.23,0.00502,0.9999873997206163,0.99618
FeedForwardArbiterPUF,5,1.24,0.00516,0.9999866871113835,0.99655
FeedForwardArbiterPUF,5,1.25,0.00506,0.9999871981180559,0.99684
FeedForwardArbiterPUF,5,1.26,0.00522,0.9999863757071893,0.99712
FeedForwardArbiterPUF,5,1.27,0.00528,0.9999860607028479,0.99743
FeedForwardArbiterPUF,5,1.28,0.00538,0.999985527695276,0.99778
FeedForwardArbiterPUF,5,1.29,0.0054,0.9999854198937103,0.99807
FeedForwardArbiterPUF,5,1.3,0.00538,0.9999855276952759,0.99832
FeedForwardArbiterPUF,5,1.31,0.0053,0.9999859549013679,0.99864
FeedForwardArbiterPUF,5,1.32,0.00536,0.9999856350968247,0.99893
FeedForwardArbiterPUF,5,1.33,0.00526,0.9999861661043118,0.9993
FeedForwardArbiterPUF,5,1.34,0.00524,0.9999862711057588,0.99963
FeedForwardArbiterPUF,5,1.35,0.0053,0.9999859549013679,1.0
FeedForwardArbiterPUF,5,1.36,0.0054,0.9999854198937104,0.99971
FeedForwardArbiterPUF,5,1.37,0.00566,0.9999839820717131,0.99938
FeedForwardArbiterPUF,5,1.38,0.00548,0.9999849846872703,0.99891
FeedForwardArbiterPUF,5,1.39,0.00528,0.9999860607028478,0.99851
FeedForwardArbiterPUF,5,1.4,0.00566,0.9999839820717131,0.99814
FeedForwardArbiterPUF,5,1.41,0.00584,0.9999829470545982,0.99777
FeedForwardArbiterPUF,5,1.42,0.00578,0.9999832956604824,0.99742
FeedForwardArbiterPUF,5,1.43,0.00564,0.9999840950735168,0.99715
FeedForwardArbiterPUF,5,1.44,0.00574,0.999983526064305,0.99686
FeedForwardArbiterPUF,5,1.45,0.00578,0.9999832956604825,0.99646
FeedForwardArbiterPUF,5,1.46,0.00596,0.9999822390422741,0.99613
FeedForwardArbiterPUF,5,1.47,0.00582,0.99998306365658,0.9958
FeedForwardArbiterPUF,5,1.48,0.00584,0.9999829470545983,0.99541
FeedForwardArbiterPUF,5,1.49,0.00594,0.9999823580443806,0.99508
FeedForwardArbiterPUF,5,1.5,0.00592,0.9999824766464659,0.99473
FeedForwardArbiterPUF,5,1.51,0.00586,0.9999828300525965,0.99436
FeedForwardArbiterPUF,5,1.52,0.00592,0.9999824766464661,0.99401
FeedForwardArbiterPUF,5,1.53,0.0061,0.9999813948269239,0.99366
FeedForwardArbiterPUF,5,1.54,0.00598,0.9999821196401463,0.9933
FeedForwardArbiterPUF,5,1.55,0.00604,0.9999817590336335,0.99293
FeedForwardArbiterPUF,5,1.56,0.0058,0.9999831798585413,0.99257
FeedForwardArbiterPUF,5,1.57,0.00562,0.9999842076753013,0.99214
FeedForwardArbiterPUF,5,1.58,0.00546,0.9999850940889069,0.99186
FeedForwardArbiterPUF,5,1.59,0.00546,0.9999850940889069,0.9915
FeedForwardArbiterPUF,5,1.6,0.00548,0.9999849846872703,0.99113
FeedForwardArbiterPUF,5,1.61,0.00558,0.9999844316788138,0.9909
FeedForwardArbiterPUF,5,1.62,0.0056,0.9999843198770668,0.99063
FeedForwardArbiterPUF,5,1.63,0.00566,0.9999839820717131,0.99032
FeedForwardArbiterPUF,5,1.64,0.0058,0.9999831798585413,0.99005
FeedForwardArbiterPUF,5,1.65,0.0058,0.9999831798585413,0.98969
FeedForwardArbiterPUF,5,1.66,0.00608,0.9999815166291826,0.98937
FeedForwardArbiterPUF,5,1.67,0.00584,0.9999829470545984,0.98901
FeedForwardArbiterPUF,5,1.68,0.00596,0.9999822390422742,0.98861
FeedForwardArbiterPUF,5,1.69,0.00592,0.9999824766464659,0.98835
FeedForwardArbiterPUF,5,1.7,0.00602,0.9999818796358262,0.98796
FeedForwardArbiterPUF,5,1.71,0.00604,0.9999817590336335,0.98755
FeedForwardArbiterPUF,5,1.72,0.00624,0.9999805310104791,0.98719
FeedForwardArbiterPUF,5,1.73,0.00616,0.9999810270200129,0.98677
FeedForwardArbiterPUF,5,1.74,0.00618,0.9999809036176641,0.98642
FeedForwardArbiterPUF,5,1.75,0.00634,0.9999799019980352,0.98604
FeedForwardArbiterPUF,5,1.76,0.00648,0.9999790045795961,0.98569
FeedForwardArbiterPUF,5,1.77,0.00654,0.9999786139713188,0.98536
FeedForwardArbiterPUF,5,1.78,0.00658,0.9999783515656727,0.98494
FeedForwardArbiterPUF,5,1.79,0.00642,0.9999793915876467,0.98462
FeedForwardArbiterPUF,5,1.8,0.00654,0.9999786139713189,0.98428
FeedForwardArbiterPUF,5,1.81,0.00672,0.9999774205450841,0.98397
FeedForwardArbiterPUF,5,1.82,0.00656,0.9999784829685087,0.98363
FeedForwardArbiterPUF,5,1.83,0.007,0.9999754996998675,0.98319
FeedForwardArbiterPUF,5,1.84,0.00716,0.9999743668714712,0.98269
FeedForwardArbiterPUF,5,1.85,0.00704,0.9999752188929483,0.98239
FeedForwardArbiterPUF,5,1.86,0.0069,0.9999761947166541,0.9821
FeedForwardArbiterPUF,5,1.87,0.00674,0.9999772859420358,0.98178
FeedForwardArbiterPUF,5,1.88,0.00662,0.9999780875599226,0.9814
FeedForwardArbiterPUF,5,1.89,0.00662,0.9999780875599226,0.981
FeedForwardArbiterPUF,5,1.9,0.00642,0.9999793915876468,0.98068
FeedForwardArbiterPUF,5,1.91,0.00632,0.9999800286005716,0.98039
FeedForwardArbiterPUF,5,1.92,0.00634,0.9999799019980352,0.9801
FeedForwardArbiterPUF,5,1.93,0.00638,0.9999796475928897,0.97978
FeedForwardArbiterPUF,5,1.94,0.00652,0.9999787445741036,0.97927
FeedForwardArbiterPUF,5,1.95,0.00644,0.9999792629849883,0.97895
FeedForwardArbiterPUF,5,1.96,0.00638,0.9999796475928897,0.97862
FeedForwardArbiterPUF,5,1.97,0.00626,0.9999804060080378,0.97822
FeedForwardArbiterPUF,5,1.98,0.00606,0.9999816380314192,0.97782
FeedForwardArbiterPUF,5,1.99,0.00606,0.999981638031419,0.97734
FeedForwardArbiterPUF,5,2.0,0.0061,0.9999813948269238,0.97712
FeedForwardArbiterPUF,5,2.01,0.00602,0.9999818796358262,0.97676
FeedForwardArbiterPUF,5,2.02,0.00588,0.9999827126505738,0.97627
FeedForwardArbiterPUF,5,2.03,0.00604,0.9999817590336334,0.97591
FeedForwardArbiterPUF,5,2.04,0.00602,0.999981879635826,0.97558
FeedForwardArbiterPUF,5,2.05,0.006,0.9999819998379968,0.97519
FeedForwardArbiterPUF,5,2.06,0.00598,0.9999821196401463,0.97474
FeedForwardArbiterPUF,5,2.07,0.00584,0.9999829470545983,0.97431
FeedForwardArbiterPUF,5,2.08,0.00582,0.99998306365658,0.97402
FeedForwardArbiterPUF,5,2.09,0.00602,0.9999818796358261,0.97366
FeedForwardArbiterPUF,5,2.1,0.00596,0.9999822390422741,0.97331
FeedForwardArbiterPUF,5,2.11,0.0063,0.9999801548030842,0.97298
FeedForwardArbiterPUF,5,2.12,0.00622,0.9999806556128973,0.97268
FeedForwardArbiterPUF,5,2.13,0.00606,0.999981638031419,0.97224
FeedForwardArbiterPUF,5,2.14,0.00594,0.9999823580443807,0.97192
FeedForwardArbiterPUF,5,2.15,0.00586,0.9999828300525965,0.9715
FeedForwardArbiterPUF,5,2.16,0.00568,0.99998386866989,0.97105
FeedForwardArbiterPUF,5,2.17,0.00538,0.999985527695276,0.97072
FeedForwardArbiterPUF,5,2.18,0.00544,0.9999852030905259,0.97023
FeedForwardArbiterPUF,5,2.19,0.00542,0.9999853116921269,0.96976
FeedForwardArbiterPUF,5,2.2,0.00522,0.9999863757071893,0.96932
FeedForwardArbiterPUF,5,2.21,0.00526,0.9999861661043117,0.96898
FeedForwardArbiterPUF,5,2.22,0.00554,0.9999846540822515,0.9686
FeedForwardArbiterPUF,5,2.23,0.00554,0.9999846540822515,0.96822
FeedForwardArbiterPUF,5,2.24,0.00558,0.9999844316788138,0.96782
FeedForwardArbiterPUF,5,2.25,0.00538,0.9999855276952759,0.96748
FeedForwardArbiterPUF,5,2.26,0.00556,0.9999845430805419,0.96713
FeedForwardArbiterPUF,5,2.27,0.00574,0.999983526064305,0.9668
FeedForwardArbiterPUF,5,2.28,0.0056,0.9999843198770668,0.96637
FeedForwardArbiterPUF,5,2.29,0.00556,0.9999845430805419,0.96595
FeedForwardArbiterPUF,5,2.3,0.00572,0.9999836406661861,0.96555
FeedForwardArbiterPUF,5,2.31,0.00576,0.9999834110624035,0.96529
FeedForwardArbiterPUF,5,2.32,0.00562,0.999984207675301,0.96494
FeedForwardArbiterPUF,5,2.33,0.0053,0.9999859549013678,0.9646
FeedForwardArbiterPUF,5,2.34,0.0052,0.9999864799086036,0.96409
FeedForwardArbiterPUF,5,2.35,0.00522,0.9999863757071893,0.9637
FeedForwardArbiterPUF,5,2.36,0.00566,0.9999839820717131,0.96332
FeedForwardArbiterPUF,5,2.37,0.00572,0.9999836406661862,0.96287
FeedForwardArbiterPUF,5,2.38,0.0059,0.9999825948485302,0.96236
FeedForwardArbiterPUF,5,2.39,0.00614,0.9999811500223392,0.96188
FeedForwardArbiterPUF,5,2.4,0.00624,0.9999805310104791,0.96139
FeedForwardArbiterPUF,5,2.41,0.0061,0.9999813948269238,0.9611
FeedForwardArbiterPUF,5,2.42,0.00596,0.9999822390422741,0.96075
FeedForwardArbiterPUF,5,2.43,0.00598,0.9999821196401464,0.96038
FeedForwardArbiterPUF,5,2.44,0.0059,0.9999825948485302,0.95998
FeedForwardArbiterPUF,5,2.45,0.00598,0.9999821196401463,0.95962
FeedForwardArbiterPUF,5,2.46,0.00602,0.9999818796358261,0.9592
FeedForwardArbiterPUF,5,2.47,0.0061,0.9999813948269238,0.95882
FeedForwardArbiterPUF,5,2.48,0.00614,0.9999811500223392,0.95846
FeedForwardArbiterPUF,5,2.49,0.00636,0.9999797749954745,0.95813
FeedForwardArbiterPUF,5,2.5,0.0064,0.9999795197902804,0.95765
FeedForwardArbiterPUF,5,2.51,0.0064,0.9999795197902805,0.95715
FeedForwardArbiterPUF,5,2.52,0.00648,0.9999790045795961,0.95671
FeedForwardArbiterPUF,5,2.53,0.0065,0.9999788747768623,0.95632
FeedForwardArbiterPUF,5,2.54,0.00632,0.9999800286005716,0.95599
FeedForwardArbiterPUF,5,2.55,0.00626,0.9999804060080378,0.9555
FeedForwardArbiterPUF,5,2.56,0.00642,0.9999793915876468,0.955
FeedForwardArbiterPUF,5,2.57,0.0064,0.9999795197902804,0.95461
FeedForwardArbiterPUF,5,2.58,0.0064,0.9999795197902803,0.95423
FeedForwardArbiterPUF,5,2.59,0.00644,0.9999792629849883,0.95367
FeedForwardArbiterPUF,5,2.6,0.00646,0.9999791339823048,0.95326
FeedForwardArbiterPUF,5,2.61,0.00662,0.9999780875599227,0.95282
FeedForwardArbiterPUF,5,2.62,0.00666,0.9999778219540673,0.95242
FeedForwardArbiterPUF,5,2.63,0.00668,0.9999776885510996,0.95209
FeedForwardArbiterPUF,5,2.64,0.0066,0.9999782197628105,0.95171
FeedForwardArbiterPUF,5,2.65,0.00662,0.9999780875599227,0.95126
FeedForwardArbiterPUF,5,2.66,0.0065,0.9999788747768624,0.95078
FeedForwardArbiterPUF,5,2.67,0.0066,0.9999782197628106,0.95043
FeedForwardArbiterPUF,5,2.68,0.00648,0.9999790045795961,0.95001
FeedForwardArbiterPUF,5,2.69,0.0063,0.9999801548030842,0.94956
FeedForwardArbiterPUF,5,2.7,0.0064,0.9999795197902804,0.94915
FeedForwardArbiterPUF,5,2.71,0.00646,0.9999791339823046,0.94874
FeedForwardArbiterPUF,5,2.72,0.0064,0.9999795197902804,0.94821
FeedForwardArbiterPUF,5,2.73,0.00652,0.9999787445741036,0.94773
FeedForwardArbiterPUF,5,2.74,0.00656,0.9999784829685087,0.94733
FeedForwardArbiterPUF,5,2.75,0.0064,0.9999795197902804,0.94685
FeedForwardArbiterPUF,5,2.76,0.00648,0.9999790045795961,0.94649
FeedForwardArbiterPUF,5,2.77,0.00632,0.9999800286005716,0.94607
FeedForwardArbiterPUF,5,2.78,0.00624,0.999980531010479,0.94567
FeedForwardArbiterPUF,5,2.79,0.0061,0.9999813948269238,0.9452
FeedForwardArbiterPUF,5,2.8,0.00616,0.9999810270200129,0.94487
FeedForwardArbiterPUF,5,2.81,0.00624,0.999980531010479,0.94433
FeedForwardArbiterPUF,5,2.82,0.00628,0.9999802806055728,0.94391
FeedForwardArbiterPUF,5,2.83,0.00632,0.9999800286005716,0.94331
FeedForwardArbiterPUF,5,2.84,0.00638,0.9999796475928897,0.94284
FeedForwardArbiterPUF,5,2.85,0.00628,0.9999802806055726,0.94237
FeedForwardArbiterPUF,5,2.86,0.00642,0.9999793915876468,0.9421
FeedForwardArbiterPUF,5,2.87,0.0065,0.9999788747768623,0.94178
FeedForwardArbiterPUF,5,2.88,0.00662,0.9999780875599226,0.9413
FeedForwardArbiterPUF,5,2.89,0.00658,0.9999783515656728,0.9409
FeedForwardArbiterPUF,5,2.9,0.00682,0.9999767435295683,0.94038
FeedForwardArbiterPUF,5,2.91,0.00672,0.9999774205450841,0.94005
FeedForwardArbiterPUF,5,2.92,0.00654,0.9999786139713188,0.93952
FeedForwardArbiterPUF,5,2.93,0.00628,0.9999802806055728,0.93913
FeedForwardArbiterPUF,5,2.94,0.00606,0.999981638031419,0.9386
FeedForwardArbiterPUF,5,2.95,0.00622,0.9999806556128974,0.93816
FeedForwardArbiterPUF,5,2.96,0.00626,0.9999804060080378,0.93774
FeedForwardArbiterPUF,5,2.97,0.0061,0.9999813948269238,0.93732
FeedForwardArbiterPUF,5,2.98,0.00624,0.9999805310104791,0.93691
FeedForwardArbiterPUF,5,2.99,0.00638,0.9999796475928897,0.93648
FeedForwardArbiterPUF,5,3.0,0.00652,0.9999787445741035,0.93603
FeedForwardArbiterPUF,10,0.5,0.00554,0.9999846540822515,0.97595
FeedForwardArbiterPUF,10,0.51,0.00554,0.9999846540822515,0.97611
FeedForwardArbiterPUF,10,0.52,0.0055,0.9999848748856156,0.97625
FeedForwardArbiterPUF,10,0.53,0.00548,0.9999849846872703,0.97644
FeedForwardArbiterPUF,10,0.54,0.0055,0.9999848748856156,0.97667
FeedForwardArbiterPUF,10,0.55,0.0056,0.9999843198770668,0.97684
FeedForwardArbiterPUF,10,0.56,0.00562,0.999984207675301,0.97713
FeedForwardArbiterPUF,10,0.57,0.00558,0.9999844316788139,0.97733
FeedForwardArbiterPUF,10,0.58,0.00568,0.99998386866989,0.97754
FeedForwardArbiterPUF,10,0.59,0.00568,0.99998386866989,0.97778
FeedForwardArbiterPUF,10,0.6,0.00572,0.9999836406661861,0.97798
FeedForwardArbiterPUF,10,0.61,0.00566,0.9999839820717131,0.97823
FeedForwardArbiterPUF,10,0.62,0.00578,0.9999832956604825,0.97845
FeedForwardArbiterPUF,10,0.63,0.00576,0.9999834110624036,0.97866
FeedForwardArbiterPUF,10,0.64,0.00572,0.9999836406661862,0.97892
FeedForwardArbiterPUF,10,0.65,0.00562,0.9999842076753012,0.97917
FeedForwardArbiterPUF,10,0.66,0.00566,0.9999839820717131,0.97945
FeedForwardArbiterPUF,10,0.67,0.00588,0.9999827126505738,0.97974
FeedForwardArbiterPUF,10,0.68,0.00582,0.99998306365658,0.98001
FeedForwardArbiterPUF,10,0.69,0.00572,0.9999836406661861,0.98024
FeedForwardArbiterPUF,10,0.7,0.0056,0.9999843198770668,0.9805
FeedForwardArbiterPUF,10,0.71,0.00534,0.9999857420983559,0.98081
FeedForwardArbiterPUF,10,0.72,0.00512,0.9999868927140995,0.98112
FeedForwardArbiterPUF,10,0.73,0.00518,0.9999865837100015,0.98141
FeedForwardArbiterPUF,10,0.74,0.00528,0.9999860607028478,0.98168
FeedForwardArbiterPUF,10,0.75,0.0054,0.9999854198937103,0.98192
FeedForwardArbiterPUF,10,0.76,0.00526,0.9999861661043117,0.98209
FeedForwardArbiterPUF,10,0.77,0.0054,0.9999854198937104,0.98238
FeedForwardArbiterPUF,10,0.78,0.00538,0.999985527695276,0.98267
FeedForwardArbiterPUF,10,0.79,0.00542,0.9999853116921269,0.98301
FeedForwardArbiterPUF,10,0.8,0.00548,0.9999849846872703,0.9834
FeedForwardArbiterPUF,10,0.81,0.00544,0.9999852030905259,0.98364
FeedForwardArbiterPUF,10,0.82,0.00538,0.999985527695276,0.98397
FeedForwardArbiterPUF,10,0.83,0.00544,0.999985203090526,0.98434
FeedForwardArbiterPUF,10,0.84,0.00532,0.9999858486998703,0.9846
FeedForwardArbiterPUF,10,0.85,0.00528,0.9999860607028479,0.98488
FeedForwardArbiterPUF,10,0.86,0.00518,0.9999865837100015,0.98521
FeedForwardArbiterPUF,10,0.87,0.00522,0.9999863757071892,0.98565
FeedForwardArbiterPUF,10,0.88,0.00504,0.9999872991193439,0.98586
FeedForwardArbiterPUF,10,0.89,0.00474,0.9999887661369004,0.98621
FeedForwardArbiterPUF,10,0.9,0.00456,0.9999896031459526,0.98648
FeedForwardArbiterPUF,10,0.91,0.00456,0.9999896031459526,0.98682
FeedForwardArbiterPUF,10,0.92,0.00486,0.9999881901302636,0.98717
FeedForwardArbiterPUF,10,0.93,0.00468,0.9999890487400349,0.98748
FeedForwardArbiterPUF,10,0.94,0.00484,0.9999882871314044,0.98764
FeedForwardArbiterPUF,10,0.95,0.00494,0.9999877981255573,0.98805
FeedForwardArbiterPUF,10,0.96,0.0052,0.9999864799086036,0.98834
FeedForwardArbiterPUF,10,0.97,0.00516,0.9999866871113835,0.98864
FeedForwardArbiterPUF,10,0.98,0.00516,0.9999866871113836,0.98888
FeedForwardArbiterPUF,10,0.99,0.00514,0.9999867901127492,0.98911
FeedForwardArbiterPUF,10,1.0,0.00512,0.9999868927140996,0.98948
FeedForwardArbiterPUF,10,1.01,0.0052,0.9999864799086036,0.98978
FeedForwardArbiterPUF,10,1.02,0.00524,0.9999862711057588,0.99004
FeedForwardArbiterPUF,10,1.03,0.00528,0.9999860607028479,0.99036
FeedForwardArbiterPUF,10,1.04,0.00526,0.9999861661043118,0.99063
FeedForwardArbiterPUF,10,1.05,0.005,0.9999874999218737,0.9909
FeedForwardArbiterPUF,10,1.06,0.00496,0.9999876991243445,0.99122
FeedForwardArbiterPUF,10,1.07,0.00492,0.9999878967267554,0.99138
FeedForwardArbiterPUF,10,1.08,0.00502,0.9999873997206163,0.99171
FeedForwardArbiterPUF,10,1.09,0.0049,0.9999879949279391,0.99201
FeedForwardArbiterPUF,10,1.1,0.00512,0.9999868927140996,0.99238
FeedForwardArbiterPUF,10,1.11,0.00514,0.9999867901127493,0.99275
FeedForwardArbiterPUF,10,1.12,0.00524,0.9999862711057587,0.99304
FeedForwardArbiterPUF,10,1.13,0.00514,0.9999867901127493,0.99327
FeedForwardArbiterPUF,10,1.14,0.00522,0.9999863757071893,0.99359
FeedForwardArbiterPUF,10,1.15,0.00518,0.9999865837100015,0.99389
FeedForwardArbiterPUF,10,1.16,0.00514,0.9999867901127493,0.99421
FeedForwardArbiterPUF,10,1.17,0.00506,0.9999871981180559,0.99457
FeedForwardArbiterPUF,10,1.18,0.005,0.9999874999218737,0.99486
FeedForwardArbiterPUF,10,1.19,0.00492,0.9999878967267554,0.99512
FeedForwardArbiterPUF,10,1.2,0.00492,0.9999878967267554,0.99536
FeedForwardArbiterPUF,10,1.21,0.00482,0.999988383732531,0.99565
FeedForwardArbiterPUF,10,1.22,0.00478,0.9999885757347432,0.99599
FeedForwardArbiterPUF,10,1.23,0.0049,0.9999879949279391,0.99635
FeedForwardArbiterPUF,10,1.24,0.00516,0.9999866871113835,0.99672
FeedForwardArbiterPUF,10,1.25,0.00504,0.9999872991193439,0.99704
FeedForwardArbiterPUF,10,1.26,0.005,0.9999874999218737,0.9973
FeedForwardArbiterPUF,10,1.27,0.00516,0.9999866871113835,0.9977
FeedForwardArbiterPUF,10,1.28,0.00512,0.9999868927140997,0.99792
FeedForwardArbiterPUF,10,1.29,0.00532,0.9999858486998703,0.99824
FeedForwardArbiterPUF,10,1.3,0.00522,0.9999863757071892,0.99853
FeedForwardArbiterPUF,10,1.31,0.00532,0.9999858486998704,0.99886
FeedForwardArbiterPUF,10,1.32,0.0054,0.9999854198937103,0.99914
FeedForwardArbiterPUF,10,1.33,0.0053,0.9999859549013679,0.99941
FeedForwardArbiterPUF,10,1.34,0.00534,0.9999857420983559,0.99971
FeedForwardArbiterPUF,10,1.35,0.00536,0.9999856350968247,1.0
FeedForwardArbiterPUF,10,1.36,0.00526,0.9999861661043118,0.99965
FeedForwardArbiterPUF,10,1.37,0.00524,0.9999862711057588,0.99932
FeedForwardArbiterPUF,10,1.38,0.00524,0.9999862711057588,0.99898
FeedForwardArbiterPUF,10,1.39,0.0054,0.9999854198937104,0.99868
FeedForwardArbiterPUF,10,1.4,0.00566,0.9999839820717131,0.99833
FeedForwardArbiterPUF,10,1.41,0.00554,0.9999846540822515,0.99791
FeedForwardArbiterPUF,10,1.42,0.00532,0.9999858486998704,0.99752
FeedForwardArbiterPUF,10,1.43,0.00568,0.99998386866989,0.99712
FeedForwardArbiterPUF,10,1.44,0.00574,0.9999835260643049,0.99683
FeedForwardArbiterPUF,10,1.45,0.00576,0.9999834110624035,0.99642
FeedForwardArbiterPUF,10,1.46,0.00566,0.9999839820717131,0.99617
FeedForwardArbiterPUF,10,1.47,0.00578,0.9999832956604825,0.99587
FeedForwardArbiterPUF,10,1.48,0.00576,0.9999834110624035,0.99554
FeedForwardArbiterPUF,10,1.49,0.00596,0.9999822390422741,0.99516
FeedForwardArbiterPUF,10,1.5,0.00584,0.9999829470545983,0.99486
FeedForwardArbiterPUF,10,1.51,0.00576,0.9999834110624036,0.99448
FeedForwardArbiterPUF,10,1.52,0.00582,0.99998306365658,0.99421
FeedForwardArbiterPUF,10,1.53,0.00604,0.9999817590336334,0.99382
FeedForwardArbiterPUF,10,1.54,0.00586,0.9999828300525964,0.99349
FeedForwardArbiterPUF,10,1.55,0.00584,0.9999829470545984,0.99308
FeedForwardArbiterPUF,10,1.56,0.00608,0.9999815166291826,0.99276
FeedForwardArbiterPUF,10,1.57,0.00606,0.999981638031419,0.99249
FeedForwardArbiterPUF,10,1.58,0.00606,0.999981638031419,0.99209
FeedForwardArbiterPUF,10,1.59,0.00598,0.9999821196401463,0.99169
FeedForwardArbiterPUF,10,1.6,0.00564,0.9999840950735167,0.99142
FeedForwardArbiterPUF,10,1.61,0.00554,0.9999846540822513,0.99097
FeedForwardArbiterPUF,10,1.62,0.00546,0.9999850940889069,0.99067
FeedForwardArbiterPUF,10,1.63,0.00544,0.9999852030905259,0.99032
FeedForwardArbiterPUF,10,1.64,0.0056,0.9999843198770668,0.99002
FeedForwardArbiterPUF,10,1.65,0.0057,0.9999837548680479,0.98981
FeedForwardArbiterPUF,10,1.66,0.00562,0.9999842076753012,0.98953
FeedForwardArbiterPUF,10,1.67,0.00574,0.9999835260643049,0.98923
FeedForwardArbiterPUF,10,1.68,0.00588,0.9999827126505738,0.9889
FeedForwardArbiterPUF,10,1.69,0.00586,0.9999828300525965,0.98859
FeedForwardArbiterPUF,10,1.7,0.00606,0.999981638031419,0.98819
FeedForwardArbiterPUF,10,1.71,0.00596,0.9999822390422742,0.98786
FeedForwardArbiterPUF,10,1.72,0.0059,0.9999825948485304,0.98753
FeedForwardArbiterPUF,10,1.73,0.00586,0.9999828300525965,0.98727
FeedForwardArbiterPUF,10,1.74,0.00608,0.9999815166291826,0.98684
FeedForwardArbiterPUF,10,1.75,0.0061,0.9999813948269238,0.98649
FeedForwardArbiterPUF,10,1.76,0.00622,0.9999806556128974,0.98615
FeedForwardArbiterPUF,10,1.77,0.0061,0.9999813948269238,0.98571
FeedForwardArbiterPUF,10,1.78,0.00618,0.9999809036176641,0.98535
FeedForwardArbiterPUF,10,1.79,0.00634,0.9999799019980352,0.98501
FeedForwardArbiterPUF,10,1.8,0.00646,0.9999791339823046,0.98465
FeedForwardArbiterPUF,10,1.81,0.00652,0.9999787445741035,0.98432
FeedForwardArbiterPUF,10,1.82,0.00658,0.9999783515656727,0.98391
FeedForwardArbiterPUF,10,1.83,0.0064,0.9999795197902804,0.9836
FeedForwardArbiterPUF,10,1.84,0.00658,0.9999783515656727,0.98327
FeedForwardArbiterPUF,10,1.85,0.00672,0.9999774205450841,0.98294
FeedForwardArbiterPUF,10,1.86,0.0065,0.9999788747768623,0.98267
FeedForwardArbiterPUF,10,1.87,0.00698,0.999975639503283,0.98217
FeedForwardArbiterPUF,10,1.88,0.0071,0.999974794682346,0.98177
FeedForwardArbiterPUF,10,1.89,0.00706,0.9999750778894444,0.98141
FeedForwardArbiterPUF,10,1.9,0.007,0.9999754996998675,0.9811
FeedForwardArbiterPUF,10,1.91,0.0068,0.9999768797327265,0.98082
FeedForwardArbiterPUF,10,1.92,0.00666,0.9999778219540671,0.98045
FeedForwardArbiterPUF,10,1.93,0.0066,0.9999782197628105,0.98008
FeedForwardArbiterPUF,10,1.94,0.00656,0.9999784829685087,0.97972
FeedForwardArbiterPUF,10,1.95,0.00636,0.9999797749954746,0.97942
FeedForwardArbiterPUF,10,1.96,0.0064,0.9999795197902804,0.97918
FeedForwardArbiterPUF,10,1.97,0.00658,0.9999783515656726,0.97887
FeedForwardArbiterPUF,10,1.98,0.00644,0.9999792629849882,0.97844
FeedForwardArbiterPUF,10,1.99,0.00652,0.9999787445741035,0.97808
FeedForwardArbiterPUF,10,2.0,0.00638,0.9999796475928898,0.97779
FeedForwardArbiterPUF,10,2.01,0.00634,0.9999799019980353,0.97741
FeedForwardArbiterPUF,10,2.02,0.00622,0.9999806556128973,0.97705
FeedForwardArbiterPUF,10,2.03,0.00606,0.9999816380314192,0.97659
FeedForwardArbiterPUF,10,2.04,0.00606,0.999981638031419,0.97625
FeedForwardArbiterPUF,10,2.05,0.00614,0.9999811500223392,0.97597
FeedForwardArbiterPUF,10,2.06,0.0059,0.9999825948485304,0.97557
FeedForwardArbiterPUF,10,2.07,0.00598,0.9999821196401463,0.97513
FeedForwardArbiterPUF,10,2.08,0.00596,0.9999822390422741,0.97476
FeedForwardArbiterPUF,10,2.09,0.00608,0.9999815166291826,0.97446
FeedForwardArbiterPUF,10,2.1,0.006,0.999981999837997,0.97402
FeedForwardArbiterPUF,10,2.11,0.00592,0.9999824766464659,0.9736
FeedForwardArbiterPUF,10,2.12,0.00592,0.999982476646466,0.97324
FeedForwardArbiterPUF,10,2.13,0.00588,0.9999827126505738,0.97298
FeedForwardArbiterPUF,10,2.14,0.0061,0.9999813948269238,0.97257
FeedForwardArbiterPUF,10,2.15,0.00602,0.9999818796358261,0.97231
FeedForwardArbiterPUF,10,2.16,0.00628,0.9999802806055726,0.97198
FeedForwardArbiterPUF,10,2.17,0.00614,0.9999811500223392,0.97163
FeedForwardArbiterPUF,10,2.18,0.0061,0.9999813948269238,0.97125
FeedForwardArbiterPUF,10,2.19,0.00598,0.9999821196401463,0.97087
FeedForwardArbiterPUF,10,2.2,0.00584,0.9999829470545983,0.9705
FeedForwardArbiterPUF,10,2.21,0.0057,0.9999837548680479,0.97007
FeedForwardArbiterPUF,10,2.22,0.0053,0.9999859549013679,0.96971
FeedForwardArbiterPUF,10,2.23,0.00552,0.9999847646839427,0.96924
FeedForwardArbiterPUF,10,2.24,0.00536,0.9999856350968247,0.96876
FeedForwardArbiterPUF,10,2.25,0.00522,0.9999863757071893,0.96837
FeedForwardArbiterPUF,10,2.26,0.00526,0.9999861661043117,0.96801
FeedForwardArbiterPUF,10,2.27,0.00554,0.9999846540822515,0.96769
FeedForwardArbiterPUF,10,2.28,0.00552,0.9999847646839427,0.96732
FeedForwardArbiterPUF,10,2.29,0.00558,0.9999844316788138,0.96691
FeedForwardArbiterPUF,10,2.3,0.00538,0.999985527695276,0.96659
FeedForwardArbiterPUF,10,2.31,0.00552,0.9999847646839427,0.96626
FeedForwardArbiterPUF,10,2.32,0.00572,0.9999836406661862,0.96592
FeedForwardArbiterPUF,10,2.33,0.00554,0.9999846540822515,0.96551
FeedForwardArbiterPUF,10,2.34,0.00558,0.9999844316788137,0.96517
FeedForwardArbiterPUF,10,2.35,0.00566,0.9999839820717131,0.96469
FeedForwardArbiterPUF,10,2.36,0.00568,0.99998386866989,0.96452
FeedForwardArbiterPUF,10,2.37,0.00574,0.9999835260643049,0.96411
FeedForwardArbiterPUF,10,2.38,0.00542,0.9999853116921269,0.96375
FeedForwardArbiterPUF,10,2.39,0.00528,0.9999860607028478,0.9634
FeedForwardArbiterPUF,10,2.4,0.00524,0.9999862711057588,0.96288
FeedForwardArbiterPUF,10,2.41,0.00546,0.9999850940889068,0.96257
FeedForwardArbiterPUF,10,2.42,0.0057,0.999983754868048,0.96213
FeedForwardArbiterPUF,10,2.43,0.00584,0.9999829470545983,0.96166
FeedForwardArbiterPUF,10,2.44,0.00616,0.9999810270200129,0.96108
FeedForwardArbiterPUF,10,2.45,0.00624,0.9999805310104791,0.96064
FeedForwardArbiterPUF,10,2.46,0.0062,0.9999807798152922,0.9603
FeedForwardArbiterPUF,10,2.47,0.00598,0.9999821196401464,0.96003
FeedForwardArbiterPUF,10,2.48,0.00596,0.9999822390422741,0.95966
FeedForwardArbiterPUF,10,2.49,0.00598,0.9999821196401463,0.95927
FeedForwardArbiterPUF,10,2.5,0.006,0.999981999837997,0.95892
FeedForwardArbiterPUF,10,2.51,0.006,0.9999819998379968,0.95848
FeedForwardArbiterPUF,10,2.52,0.00614,0.9999811500223392,0.95807
FeedForwardArbiterPUF,10,2.53,0.00612,0.9999812726246426,0.95778
FeedForwardArbiterPUF,10,2.54,0.00628,0.9999802806055728,0.95744
FeedForwardArbiterPUF,10,2.55,0.00636,0.9999797749954745,0.95702
FeedForwardArbiterPUF,10,2.56,0.00652,0.9999787445741035,0.95654
FeedForwardArbiterPUF,10,2.57,0.00656,0.9999784829685088,0.95606
FeedForwardArbiterPUF,10,2.58,0.00632,0.9999800286005714,0.9556
FeedForwardArbiterPUF,10,2.59,0.0064,0.9999795197902805,0.9553
FeedForwardArbiterPUF,10,2.6,0.0063,0.9999801548030842,0.95491
FeedForwardArbiterPUF,10,2.61,0.00622,0.9999806556128974,0.95445
FeedForwardArbiterPUF,10,2.62,0.00638,0.9999796475928897,0.95397
FeedForwardArbiterPUF,10,2.63,0.00644,0.9999792629849883,0.95364
FeedForwardArbiterPUF,10,2.64,0.00646,0.9999791339823048,0.95323
FeedForwardArbiterPUF,10,2.65,0.00646,0.9999791339823048,0.95271
FeedForwardArbiterPUF,10,2.66,0.00644,0.9999792629849883,0.95234
FeedForwardArbiterPUF,10,2.67,0.00664,0.9999779549570079,0.95188
FeedForwardArbiterPUF,10,2.68,0.00668,0.9999776885510997,0.95152
FeedForwardArbiterPUF,10,2.69,0.00668,0.9999776885510996,0.9512
FeedForwardArbiterPUF,10,2.7,0.00658,0.9999783515656728,0.95079
FeedForwardArbiterPUF,10,2.71,0.0066,0.9999782197628106,0.95034
FeedForwardArbiterPUF,10,2.72,0.00652,0.9999787445741034,0.94988
FeedForwardArbiterPUF,10,2.73,0.0066,0.9999782197628106,0.94954
FeedForwardArbiterPUF,10,2.74,0.0065,0.9999788747768623,0.94915
FeedForwardArbiterPUF,10,2.75,0.00634,0.9999799019980352,0.94869
FeedForwardArbiterPUF,10,2.76,0.0064,0.9999795197902804,0.9483
FeedForwardArbiterPUF,10,2.77,0.00648,0.9999790045795961,0.94788
FeedForwardArbiterPUF,10,2.78,0.00638,0.9999796475928896,0.94739
FeedForwardArbiterPUF,10,2.79,0.00648,0.9999790045795961,0.94688
FeedForwardArbiterPUF,10,2.8,0.0066,0.9999782197628105,0.94652
FeedForwardArbiterPUF,10,2.81,0.0065,0.9999788747768623,0.94609
FeedForwardArbiterPUF,10,2.82,0.00654,0.9999786139713188,0.94567
FeedForwardArbiterPUF,10,2.83,0.00642,0.9999793915876467,0.94529
FeedForwardArbiterPUF,10,2.84,0.00612,0.9999812726246426,0.94486
FeedForwardArbiterPUF,10,2.85,0.00626,0.9999804060080378,0.94445
FeedForwardArbiterPUF,10,2.86,0.0061,0.9999813948269238,0.94407
FeedForwardArbiterPUF,10,2.87,0.0062,0.9999807798152922,0.9436
FeedForwardArbiterPUF,10,2.88,0.0062,0.9999807798152922,0.9431
FeedForwardArbiterPUF,10,2.89,0.0063,0.9999801548030842,0.94269
FeedForwardArbiterPUF,10,2.9,0.00632,0.9999800286005716,0.94212
FeedForwardArbiterPUF,10,2.91,0.00638,0.9999796475928898,0.94167
FeedForwardArbiterPUF,10,2.92,0.00648,0.9999790045795961,0.9413
FeedForwardArbiterPUF,10,2.93,0.00636,0.9999797749954745,0.9411
FeedForwardArbiterPUF,10,2.94,0.0067,0.9999775547481053,0.94061
FeedForwardArbiterPUF,10,2.95,0.00664,0.9999779549570079,0.9402
FeedForwardArbiterPUF,10,2.96,0.00668,0.9999776885510996,0.93978
FeedForwardArbiterPUF,10,2.97,0.0068,0.9999768797327265,0.93934
FeedForwardArbiterPUF,10,2.98,0.00662,0.9999780875599227,0.93891
FeedForwardArbiterPUF,10,2.99,0.00648,0.9999790045795961,0.9385
FeedForwardArbiterPUF,10,3.0,0.00624,0.999980531010479,0.93808
FeedForwardArbiterPUF,15,0.5,0.00566,0.9999839820717131,0.97648
FeedForwardArbiterPUF,15,0.51,0.00556,0.9999845430805419,0.97673
FeedForwardArbiterPUF,15,0.52,0.00556,0.9999845430805419,0.97691
FeedForwardArbiterPUF,15,0.53,0.00558,0.9999844316788138,0.97702
FeedForwardArbiterPUF,15,0.54,0.00546,0.999985094088907,0.97722
FeedForwardArbiterPUF,15,0.55,0.00548,0.9999849846872702,0.97743
FeedForwardArbiterPUF,15,0.56,0.00548,0.9999849846872703,0.97759
FeedForwardArbiterPUF,15,0.57,0.00574,0.999983526064305,0.97784
FeedForwardArbiterPUF,15,0.58,0.00556,0.9999845430805417,0.97807
FeedForwardArbiterPUF,15,0.59,0.00562,0.999984207675301,0.97826
FeedForwardArbiterPUF,15,0.6,0.00572,0.9999836406661862,0.97853
FeedForwardArbiterPUF,15,0.61,0.00566,0.999983982071713,0.97874
FeedForwardArbiterPUF,15,0.62,0.0057,0.999983754868048,0.97896
FeedForwardArbiterPUF,15,0.63,0.00582,0.99998306365658,0.97918
FeedForwardArbiterPUF,15,0.64,0.00578,0.9999832956604826,0.9794
FeedForwardArbiterPUF,15,0.65,0.00568,0.9999838686698899,0.97965
FeedForwardArbiterPUF,15,0.66,0.00556,0.9999845430805419,0.97987
FeedForwardArbiterPUF,15,0.67,0.0057,0.9999837548680479,0.98008
FeedForwardArbiterPUF,15,0.68,0.00586,0.9999828300525966,0.98042
FeedForwardArbiterPUF,15,0.69,0.00582,0.99998306365658,0.98068
FeedForwardArbiterPUF,15,0.7,0.0058,0.9999831798585413,0.98093
FeedForwardArbiterPUF,15,0.71,0.0057,0.9999837548680479,0.9812
FeedForwardArbiterPUF,15,0.72,0.00544,0.9999852030905259,0.98147
FeedForwardArbiterPUF,15,0.73,0.00528,0.9999860607028478,0.98175
FeedForwardArbiterPUF,15,0.74,0.0051,0.999986994915434,0.98202
FeedForwardArbiterPUF,15,0.75,0.00522,0.9999863757071892,0.98228
FeedForwardArbiterPUF,15,0.76,0.0053,0.9999859549013678,0.98258
FeedForwardArbiterPUF,15,0.77,0.00532,0.9999858486998703,0.98279
FeedForwardArbiterPUF,15,0.78,0.0052,0.9999864799086036,0.98299
FeedForwardArbiterPUF,15,0.79,0.00534,0.9999857420983559,0.98326
FeedForwardArbiterPUF,15,0.8,0.00532,0.9999858486998704,0.98355
FeedForwardArbiterPUF,15,0.81,0.00544,0.999985203090526,0.98389
FeedForwardArbiterPUF,15,0.82,0.00544,0.9999852030905259,0.98425
FeedForwardArbiterPUF,15,0.83,0.00544,0.9999852030905259,0.98455
FeedForwardArbiterPUF,15,0.84,0.0053,0.9999859549013678,0.98482
FeedForwardArbiterPUF,15,0.85,0.00542,0.9999853116921269,0.98522
FeedForwardArbiterPUF,15,0.86,0.00538,0.999985527695276,0.98544
FeedForwardArbiterPUF,15,0.87,0.00522,0.9999863757071892,0.98572
FeedForwardArbiterPUF,15,0.88,0.00516,0.9999866871113836,0.98607
FeedForwardArbiterPUF,15,0.89,0.0052,0.9999864799086036,0.98645
FeedForwardArbiterPUF,15,0.9,0.00502,0.9999873997206163,0.98668
FeedForwardArbiterPUF,15,0.91,0.00472,0.9999888607379585,0.98703
FeedForwardArbiterPUF,15,0.92,0.00456,0.9999896031459526,0.98729
FeedForwardArbiterPUF,15,0.93,0.00456,0.9999896031459526,0.98763
FeedForwardArbiterPUF,15,0.94,0.00486,0.9999881901302636,0.98794
FeedForwardArbiterPUF,15,0.95,0.00464,0.9999892351420587,0.98825
FeedForwardArbiterPUF,15,0.96,0.00488,0.9999880927291086,0.98843
FeedForwardArbiterPUF,15,0.97,0.00496,0.9999876991243444,0.98883
FeedForwardArbiterPUF,15,0.98,0.0052,0.9999864799086036,0.98915
FeedForwardArbiterPUF,15,0.99,0.00518,0.9999865837100015,0.9894
FeedForwardArbiterPUF,15,1.0,0.00516,0.9999866871113835,0.98965
FeedForwardArbiterPUF,15,1.01,0.00514,0.9999867901127493,0.98984
FeedForwardArbiterPUF,15,1.02,0.00512,0.9999868927140995,0.99021
FeedForwardArbiterPUF,15,1.03,0.00518,0.9999865837100015,0.99052
FeedForwardArbiterPUF,15,1.04,0.00526,0.9999861661043117,0.9908
FeedForwardArbiterPUF,15,1.05,0.00528,0.9999860607028479,0.99105
FeedForwardArbiterPUF,15,1.06,0.00532,0.9999858486998704,0.99139
FeedForwardArbiterPUF,15,1.07,0.00508,0.9999870967167526,0.99161
FeedForwardArbiterPUF,15,1.08,0.00504,0.9999872991193439,0.99193
FeedForwardArbiterPUF,15,1.09,0.00496,0.9999876991243444,0.99213
FeedForwardArbiterPUF,15,1.1,0.00498,0.9999875997231168,0.9924
FeedForwardArbiterPUF,15,1.11,0.005,0.9999874999218739,0.99265
FeedForwardArbiterPUF,15,1.12,0.00508,0.9999870967167526,0.99311
FeedForwardArbiterPUF,15,1.13,0.00516,0.9999866871113835,0.99349
FeedForwardArbiterPUF,15,1.14,0.00514,0.9999867901127493,0.9937
FeedForwardArbiterPUF,15,1.15,0.00518,0.9999865837100015,0.994
FeedForwardArbiterPUF,15,1.16,0.00522,0.9999863757071892,0.99426
FeedForwardArbiterPUF,15,1.17,0.00518,0.9999865837100015,0.99454
FeedForwardArbiterPUF,15,1.18,0.0052,0.9999864799086036,0.99485
FeedForwardArbiterPUF,15,1.19,0.0051,0.9999869949154337,0.99518
FeedForwardArbiterPUF,15,1.2,0.00502,0.9999873997206163,0.9955
FeedForwardArbiterPUF,15,1.21,0.00496,0.9999876991243444,0.99579
FeedForwardArbiterPUF,15,1.22,0.00486,0.9999881901302636,0.996
FeedForwardArbiterPUF,15,1.23,0.00486,0.9999881901302636,0.9963
FeedForwardArbiterPUF,15,1.24,0.00476,0.9999886711358287,0.99657
FeedForwardArbiterPUF,15,1.25,0.00478,0.9999885757347432,0.99692
FeedForwardArbiterPUF,15,1.26,0.00502,0.9999873997206165,0.99728
FeedForwardArbiterPUF,15,1.27,0.00512,0.9999868927140997,0.99761
FeedForwardArbiterPUF,15,1.28,0.00498,0.9999875997231168,0.99792
FeedForwardArbiterPUF,15,1.29,0.0051,0.9999869949154339,0.99822
FeedForwardArbiterPUF,15,1.3,0.0051,0.9999869949154339,0.99856
FeedForwardArbiterPUF,15,1.31,0.00518,0.9999865837100016,0.99882
FeedForwardArbiterPUF,15,1.32,0.00534,0.9999857420983559,0.9991
FeedForwardArbiterPUF,15,1.33,0.00522,0.9999863757071893,0.9994
FeedForwardArbiterPUF,15,1.34,0.0052,0.9999864799086037,0.99975
FeedForwardArbiterPUF,15,1.35,0.00542,0.9999853116921269,1.0
FeedForwardArbiterPUF,15,1.36,0.0053,0.9999859549013679,0.99974
FeedForwardArbiterPUF,15,1.37,0.00534,0.9999857420983559,0.99946
FeedForwardArbiterPUF,15,1.38,0.00536,0.9999856350968247,0.99917
FeedForwardArbiterPUF,15,1.39,0.00524,0.9999862711057588,0.99883
FeedForwardArbiterPUF,15,1.4,0.00526,0.9999861661043117,0.99852
FeedForwardArbiterPUF,15,1.41,0.00526,0.9999861661043117,0.99818
FeedForwardArbiterPUF,15,1.42,0.00544,0.999985203090526,0.99787
FeedForwardArbiterPUF,15,1.43,0.00558,0.9999844316788137,0.99756
FeedForwardArbiterPUF,15,1.44,0.0056,0.9999843198770669,0.99715
FeedForwardArbiterPUF,15,1.45,0.00538,0.999985527695276,0.99676
FeedForwardArbiterPUF,15,1.46,0.0056,0.9999843198770669,0.99635
FeedForwardArbiterPUF,15,1.47,0.00572,0.9999836406661862,0.99603
FeedForwardArbiterPUF,15,1.48,0.00574,0.9999835260643047,0.99564
FeedForwardArbiterPUF,15,1.49,0.00566,0.999983982071713,0.9954
FeedForwardArbiterPUF,15,1.5,0.00574,0.9999835260643049,0.99514
FeedForwardArbiterPUF,15,1.51,0.0057,0.9999837548680479,0.99476
FeedForwardArbiterPUF,15,1.52,0.00588,0.9999827126505738,0.99441
FeedForwardArbiterPUF,15,1.53,0.00592,0.999982476646466,0.99415
FeedForwardArbiterPUF,15,1.54,0.0057,0.999983754868048,0.99376
FeedForwardArbiterPUF,15,1.55,0.0057,0.9999837548680479,0.99346
FeedForwardArbiterPUF,15,1.56,0.00606,0.999981638031419,0.99308
FeedForwardArbiterPUF,15,1.57,0.00596,0.9999822390422741,0.99281
FeedForwardArbiterPUF,15,1.58,0.0059,0.9999825948485304,0.99242
FeedForwardArbiterPUF,15,1.59,0.00604,0.9999817590336335,0.99209
FeedForwardArbiterPUF,15,1.6,0.00608,0.9999815166291824,0.99179
FeedForwardArbiterPUF,15,1.61,0.00598,0.9999821196401463,0.99144
FeedForwardArbiterPUF,15,1.62,0.00604,0.9999817590336335,0.99107
FeedForwardArbiterPUF,15,1.63,0.0058,0.9999831798585413,0.99071
FeedForwardArbiterPUF,15,1.64,0.00558,0.9999844316788138,0.99032
FeedForwardArbiterPUF,15,1.65,0.0055,0.9999848748856156,0.99004
FeedForwardArbiterPUF,15,1.66,0.00546,0.9999850940889069,0.98968
FeedForwardArbiterPUF,15,1.67,0.0054,0.9999854198937103,0.98935
FeedForwardArbiterPUF,15,1.68,0.00564,0.9999840950735167,0.98915
FeedForwardArbiterPUF,15,1.69,0.00564,0.9999840950735168,0.98887
FeedForwardArbiterPUF,15,1.7,0.00564,0.9999840950735169,0.98861
FeedForwardArbiterPUF,15,1.71,0.00576,0.9999834110624036,0.98837
FeedForwardArbiterPUF,15,1.72,0.00588,0.9999827126505738,0.98803
FeedForwardArbiterPUF,15,1.73,0.00586,0.9999828300525966,0.9877
FeedForwardArbiterPUF,15,1.74,0.00598,0.9999821196401463,0.98728
FeedForwardArbiterPUF,15,1.75,0.00598,0.9999821196401464,0.987
FeedForwardArbiterPUF,15,1.76,0.006,0.9999819998379971,0.98667
FeedForwardArbiterPUF,15,1.77,0.006,0.9999819998379971,0.98637
FeedForwardArbiterPUF,15,1.78,0.00602,0.9999818796358262,0.98596
FeedForwardArbiterPUF,15,1.79,0.00614,0.9999811500223392,0.98564
FeedForwardArbiterPUF,15,1.8,0.00614,0.9999811500223392,0.9853
FeedForwardArbiterPUF,15,1.81,0.00612,0.9999812726246426,0.98487
FeedForwardArbiterPUF,15,1.82,0.00618,0.9999809036176641,0.98454
FeedForwardArbiterPUF,15,1.83,0.0063,0.9999801548030843,0.98418
FeedForwardArbiterPUF,15,1.84,0.00646,0.9999791339823048,0.98382
FeedForwardArbiterPUF,15,1.85,0.00652,0.9999787445741035,0.98351
FeedForwardArbiterPUF,15,1.86,0.00658,0.9999783515656727,0.9831
FeedForwardArbiterPUF,15,1.87,0.0064,0.9999795197902804,0.98279
FeedForwardArbiterPUF,15,1.88,0.00652,0.9999787445741036,0.98251
FeedForwardArbiterPUF,15,1.89,0.0067,0.9999775547481052,0.98218
FeedForwardArbiterPUF,15,1.9,0.00644,0.9999792629849883,0.98189
FeedForwardArbiterPUF,15,1.91,0.00702,0.9999753594964228,0.98144
FeedForwardArbiterPUF,15,1.92,0.00704,0.9999752188929483,0.98101
FeedForwardArbiterPUF,15,1.93,0.00712,0.9999746524787514,0.98067
FeedForwardArbiterPUF,15,1.94,0.00702,0.9999753594964228,0.98032
FeedForwardArbiterPUF,15,1.95,0.00688,0.999976332519925,0.98007
FeedForwardArbiterPUF,15,1.96,0.00664,0.999977954957008,0.97969
FeedForwardArbiterPUF,15,1.97,0.0065,0.9999788747768623,0.97938
FeedForwardArbiterPUF,15,1.98,0.00656,0.9999784829685087,0.97899
FeedForwardArbiterPUF,15,1.99,0.0064,0.9999795197902805,0.97869
FeedForwardArbiterPUF,15,2.0,0.0064,0.9999795197902804,0.97843
FeedForwardArbiterPUF,15,2.01,0.0065,0.9999788747768623,0.97816
FeedForwardArbiterPUF,15,2.02,0.00648,0.9999790045795961,0.97785
FeedForwardArbiterPUF,15,2.03,0.00648,0.9999790045795961,0.97737
FeedForwardArbiterPUF,15,2.04,0.00646,0.9999791339823046,0.9771
FeedForwardArbiterPUF,15,2.05,0.0064,0.9999795197902804,0.97679
FeedForwardArbiterPUF,15,2.06,0.00626,0.9999804060080378,0.97636
FeedForwardArbiterPUF,15,2.07,0.0061,0.9999813948269238,0.976
FeedForwardArbiterPUF,15,2.08,0.00606,0.999981638031419,0.97554
FeedForwardArbiterPUF,15,2.09,0.00608,0.9999815166291824,0.97535
FeedForwardArbiterPUF,15,2.1,0.00604,0.9999817590336334,0.97501
FeedForwardArbiterPUF,15,2.11,0.00584,0.9999829470545984,0.97455
FeedForwardArbiterPUF,15,2.12,0.00598,0.9999821196401464,0.97418
FeedForwardArbiterPUF,15,2.13,0.00596,0.9999822390422741,0.97387
FeedForwardArbiterPUF,15,2.14,0.00594,0.9999823580443807,0.9735
FeedForwardArbiterPUF,15,2.15,0.00596,0.9999822390422741,0.97307
FeedForwardArbiterPUF,15,2.16,0.00588,0.9999827126505738,0.97267
FeedForwardArbiterPUF,15,2.17,0.0059,0.9999825948485304,0.97232
FeedForwardArbiterPUF,15,2.18,0.00598,0.9999821196401463,0.97206
FeedForwardArbiterPUF,15,2.19,0.00602,0.9999818796358261,0.9717
FeedForwardArbiterPUF,15,2.2,0.00606,0.999981638031419,0.97142
FeedForwardArbiterPUF,15,2.21,0.00622,0.9999806556128974,0.97112
FeedForwardArbiterPUF,15,2.22,0.00606,0.999981638031419,0.97078
FeedForwardArbiterPUF,15,2.23,0.00606,0.999981638031419,0.9704
FeedForwardArbiterPUF,15,2.24,0.006,0.999981999837997,0.97005
FeedForwardArbiterPUF,15,2.25,0.00582,0.99998306365658,0.96964
FeedForwardArbiterPUF,15,2.26,0.00568,0.99998386866989,0.96927
FeedForwardArbiterPUF,15,2.27,0.0053,0.9999859549013678,0.9689
FeedForwardArbiterPUF,15,2.28,0.00556,0.9999845430805419,0.96843
FeedForwardArbiterPUF,15,2.29,0.00536,0.9999856350968247,0.96797
FeedForwardArbiterPUF,15,2.3,0.00522,0.9999863757071893,0.96758
FeedForwardArbiterPUF,15,2.31,0.00526,0.9999861661043117,0.96722
FeedForwardArbiterPUF,15,2.32,0.00552,0.9999847646839426,0.96691
FeedForwardArbiterPUF,15,2.33,0.00548,0.9999849846872703,0.96655
FeedForwardArbiterPUF,15,2.34,0.00558,0.9999844316788138,0.96612
FeedForwardArbiterPUF,15,2.35,0.0054,0.9999854198937104,0.96581
FeedForwardArbiterPUF,15,2.36,0.0055,0.9999848748856156,0.96552
FeedForwardArbiterPUF,15,2.37,0.00572,0.999983640666186,0.96515
FeedForwardArbiterPUF,15,2.38,0.00558,0.9999844316788137,0.96478
FeedForwardArbiterPUF,15,2.39,0.00554,0.9999846540822513,0.96446
FeedForwardArbiterPUF,15,2.4,0.00566,0.9999839820717131,0.96394
FeedForwardArbiterPUF,15,2.41,0.00572,0.9999836406661861,0.96377
FeedForwardArbiterPUF,15,2.42,0.0058,0.9999831798585413,0.96337
FeedForwardArbiterPUF,15,2.43,0.00556,0.9999845430805419,0.96307
FeedForwardArbiterPUF,15,2.44,0.00526,0.9999861661043117,0.9627
FeedForwardArbiterPUF,15,2.45,0.00516,0.9999866871113835,0.96221
FeedForwardArbiterPUF,15,2.46,0.00542,0.9999853116921269,0.96188
FeedForwardArbiterPUF,15,2.47,0.00576,0.9999834110624035,0.96147
FeedForwardArbiterPUF,15,2.48,0.0058,0.9999831798585413,0.96101
FeedForwardArbiterPUF,15,2.49,0.006,0.9999819998379968,0.96053
FeedForwardArbiterPUF,15,2.5,0.0061,0.9999813948269237,0.96008
FeedForwardArbiterPUF,15,2.51,0.00624,0.9999805310104791,0.95963
FeedForwardArbiterPUF,15,2.52,0.00612,0.9999812726246428,0.95935
FeedForwardArbiterPUF,15,2.53,0.00592,0.999982476646466,0.95901
FeedForwardArbiterPUF,15,2.54,0.00598,0.9999821196401464,0.95866
FeedForwardArbiterPUF,15,2.55,0.00594,0.9999823580443807,0.9583
FeedForwardArbiterPUF,15,2.56,0.00594,0.9999823580443807,0.95794
FeedForwardArbiterPUF,15,2.57,0.00602,0.999981879635826,0.95754
FeedForwardArbiterPUF,15,2.58,0.0061,0.9999813948269238,0.95716
FeedForwardArbiterPUF,15,2.59,0.00616,0.9999810270200129,0.95685
FeedForwardArbiterPUF,15,2.6,0.00636,0.9999797749954745,0.95653
FeedForwardArbiterPUF,15,2.61,0.0064,0.9999795197902804,0.95603
FeedForwardArbiterPUF,15,2.62,0.00638,0.9999796475928897,0.95556
FeedForwardArbiterPUF,15,2.63,0.00654,0.9999786139713189,0.95512
FeedForwardArbiterPUF,15,2.64,0.00638,0.9999796475928897,0.95472
FeedForwardArbiterPUF,15,2.65,0.00634,0.9999799019980352,0.95444
FeedForwardArbiterPUF,15,2.66,0.0063,0.9999801548030842,0.95406
FeedForwardArbiterPUF,15,2.67,0.00632,0.9999800286005716,0.95353
FeedForwardArbiterPUF,15,2.68,0.00638,0.9999796475928898,0.95314
FeedForwardArbiterPUF,15,2.69,0.00646,0.9999791339823046,0.95278
FeedForwardArbiterPUF,15,2.7,0.00642,0.9999793915876468,0.9523
FeedForwardArbiterPUF,15,2.71,0.00646,0.9999791339823048,0.95186
FeedForwardArbiterPUF,15,2.72,0.00642,0.9999793915876467,0.9515
FeedForwardArbiterPUF,15,2.73,0.0067,0.9999775547481053,0.95108
FeedForwardArbiterPUF,15,2.74,0.00666,0.9999778219540673,0.9507
FeedForwardArbiterPUF,15,2.75,0.00664,0.9999779549570078,0.95037
FeedForwardArbiterPUF,15,2.76,0.0066,0.9999782197628105,0.94999
FeedForwardArbiterPUF,15,2.77,0.0066,0.9999782197628106,0.94955
FeedForwardArbiterPUF,15,2.78,0.0065,0.9999788747768624,0.9491
FeedForwardArbiterPUF,15,2.79,0.0066,0.9999782197628106,0.94877
FeedForwardArbiterPUF,15,2.8,0.00654,0.9999786139713189,0.94838
FeedForwardArbiterPUF,15,2.81,0.0064,0.9999795197902804,0.94793
FeedForwardArbiterPUF,15,2.82,0.00638,0.9999796475928898,0.94754
FeedForwardArbiterPUF,15,2.83,0.00648,0.9999790045795961,0.94713
FeedForwardArbiterPUF,15,2.84,0.00642,0.9999793915876468,0.94668
FeedForwardArbiterPUF,15,2.85,0.00648,0.9999790045795961,0.94623
FeedForwardArbiterPUF,15,2.86,0.0066,0.9999782197628105,0.94579
FeedForwardArbiterPUF,15,2.87,0.00648,0.9999790045795961,0.94539
FeedForwardArbiterPUF,15,2.88,0.00652,0.9999787445741035,0.94501
FeedForwardArbiterPUF,15,2.89,0.0064,0.9999795197902804,0.94461
FeedForwardArbiterPUF,15,2.9,0.00614,0.9999811500223392,0.9442
FeedForwardArbiterPUF,15,2.91,0.00624,0.9999805310104791,0.94385
FeedForwardArbiterPUF,15,2.92,0.0062,0.9999807798152922,0.94339
FeedForwardArbiterPUF,15,2.93,0.00614,0.9999811500223392,0.94302
FeedForwardArbiterPUF,15,2.94,0.00614,0.9999811500223392,0.94248
FeedForwardArbiterPUF,15,2.95,0.00632,0.9999800286005716,0.94211
FeedForwardArbiterPUF,15,2.96,0.0063,0.9999801548030842,0.94156
FeedForwardArbiterPUF,15,2.97,0.00638,0.9999796475928898,0.94112
FeedForwardArbiterPUF,15,2.98,0.00638,0.9999796475928897,0.94068
FeedForwardArbiterPUF,15,2.99,0.0064,0.9999795197902804,0.94043
FeedForwardArbiterPUF,15,3.0,0.00658,0.9999783515656727,0.94008
FeedForwardArbiterPUF,25,0.5,0.00538,0.999985527695276,0.9777
FeedForwardArbiterPUF,25,0.51,0.00556,0.9999845430805417,0.97791
FeedForwardArbiterPUF,25,0.52,0.00564,0.9999840950735168,0.97799
FeedForwardArbiterPUF,25,0.53,0.00564,0.9999840950735167,0.97817
FeedForwardArbiterPUF,25,0.54,0.00554,0.9999846540822515,0.9784
FeedForwardArbiterPUF,25,0.55,0.00556,0.9999845430805417,0.97853
FeedForwardArbiterPUF,25,0.56,0.00546,0.999985094088907,0.97874
FeedForwardArbiterPUF,25,0.57,0.0054,0.9999854198937103,0.97889
FeedForwardArbiterPUF,25,0.58,0.00546,0.9999850940889069,0.97908
FeedForwardArbiterPUF,25,0.59,0.00566,0.999983982071713,0.97926
FeedForwardArbiterPUF,25,0.6,0.00566,0.9999839820717131,0.9795
FeedForwardArbiterPUF,25,0.61,0.0056,0.9999843198770669,0.97971
FeedForwardArbiterPUF,25,0.62,0.00562,0.999984207675301,0.97994
FeedForwardArbiterPUF,25,0.63,0.00568,0.99998386866989,0.98015
FeedForwardArbiterPUF,25,0.64,0.00572,0.9999836406661861,0.98033
FeedForwardArbiterPUF,25,0.65,0.0057,0.9999837548680479,0.98056
FeedForwardArbiterPUF,25,0.66,0.00578,0.9999832956604825,0.98078
FeedForwardArbiterPUF,25,0.67,0.00572,0.9999836406661862,0.98097
FeedForwardArbiterPUF,25,0.68,0.00566,0.999983982071713,0.98122
FeedForwardArbiterPUF,25,0.69,0.00554,0.9999846540822515,0.98144
FeedForwardArbiterPUF,25,0.7,0.00574,0.999983526064305,0.98164
FeedForwardArbiterPUF,25,0.71,0.0059,0.9999825948485304,0.98198
FeedForwardArbiterPUF,25,0.72,0.00582,0.99998306365658,0.98222
FeedForwardArbiterPUF,25,0.73,0.00576,0.9999834110624036,0.98245
FeedForwardArbiterPUF,25,0.74,0.00564,0.9999840950735167,0.98269
FeedForwardArbiterPUF,25,0.75,0.00556,0.9999845430805419,0.98293
FeedForwardArbiterPUF,25,0.76,0.0053,0.9999859549013679,0.98324
FeedForwardArbiterPUF,25,0.77,0.00506,0.999987198118056,0.9835
FeedForwardArbiterPUF,25,0.78,0.00522,0.9999863757071892,0.9838
FeedForwardArbiterPUF,25,0.79,0.0053,0.9999859549013677,0.98406
FeedForwardArbiterPUF,25,0.8,0.0054,0.9999854198937103,0.98429
FeedForwardArbiterPUF,25,0.81,0.00526,0.9999861661043117,0.98446
FeedForwardArbiterPUF,25,0.82,0.0054,0.9999854198937103,0.98473
FeedForwardArbiterPUF,25,0.83,0.00538,0.9999855276952759,0.98496
FeedForwardArbiterPUF,25,0.84,0.00536,0.9999856350968247,0.98531
FeedForwardArbiterPUF,25,0.85,0.0055,0.9999848748856156,0.98564
FeedForwardArbiterPUF,25,0.86,0.00546,0.9999850940889069,0.9859
FeedForwardArbiterPUF,25,0.87,0.0054,0.9999854198937104,0.98623
FeedForwardArbiterPUF,25,0.88,0.00536,0.9999856350968247,0.98651
FeedForwardArbiterPUF,25,0.89,0.00542,0.9999853116921269,0.98686
FeedForwardArbiterPUF,25,0.9,0.0053,0.9999859549013679,0.9871
FeedForwardArbiterPUF,25,0.91,0.0051,0.999986994915434,0.98736
FeedForwardArbiterPUF,25,0.92,0.00518,0.9999865837100015,0.98776
FeedForwardArbiterPUF,25,0.93,0.00518,0.9999865837100015,0.98806
FeedForwardArbiterPUF,25,0.94,0.00498,0.9999875997231166,0.9883
FeedForwardArbiterPUF,25,0.95,0.00472,0.9999888607379585,0.98861
FeedForwardArbiterPUF,25,0.96,0.00456,0.9999896031459526,0.98891
FeedForwardArbiterPUF,25,0.97,0.00456,0.9999896031459526,0.98925
FeedForwardArbiterPUF,25,0.98,0.00484,0.9999882871314043,0.98955
FeedForwardArbiterPUF,25,0.99,0.00466,0.9999891421410535,0.98984
FeedForwardArbiterPUF,25,1.0,0.00478,0.9999885757347432,0.99
FeedForwardArbiterPUF,25,1.01,0.00494,0.9999877981255573,0.99036
FeedForwardArbiterPUF,25,1.02,0.00516,0.9999866871113836,0.99067
FeedForwardArbiterPUF,25,1.03,0.00528,0.9999860607028479,0.99097
FeedForwardArbiterPUF,25,1.04,0.0051,0.9999869949154339,0.99124
FeedForwardArbiterPUF,25,1.05,0.00524,0.9999862711057587,0.99139
FeedForwardArbiterPUF,25,1.06,0.00516,0.9999866871113835,0.99169
FeedForwardArbiterPUF,25,1.07,0.00518,0.9999865837100015,0.99202
FeedForwardArbiterPUF,25,1.08,0.00522,0.9999863757071892,0.99228
FeedForwardArbiterPUF,25,1.09,0.00526,0.9999861661043116,0.99252
FeedForwardArbiterPUF,25,1.1,0.0053,0.9999859549013677,0.9928
FeedForwardArbiterPUF,25,1.11,0.00524,0.9999862711057588,0.99307
FeedForwardArbiterPUF,25,1.12,0.005,0.9999874999218737,0.99333
FeedForwardArbiterPUF,25,1.13,0.00498,0.9999875997231167,0.99364
FeedForwardArbiterPUF,25,1.14,0.00498,0.9999875997231167,0.99378
FeedForwardArbiterPUF,25,1.15,0.00504,0.9999872991193439,0.99411
FeedForwardArbiterPUF,25,1.16,0.00496,0.9999876991243444,0.99437
FeedForwardArbiterPUF,25,1.17,0.00506,0.999987198118056,0.9948
FeedForwardArbiterPUF,25,1.18,0.00512,0.9999868927140995,0.99515
FeedForwardArbiterPUF,25,1.19,0.0051,0.9999869949154339,0.99536
FeedForwardArbiterPUF,25,1.2,0.00518,0.9999865837100015,0.99564
FeedForwardArbiterPUF,25,1.21,0.00522,0.9999863757071892,0.9959
FeedForwardArbiterPUF,25,1.22,0.00518,0.9999865837100015,0.99614
FeedForwardArbiterPUF,25,1.23,0.00524,0.9999862711057587,0.99645
FeedForwardArbiterPUF,25,1.24,0.00512,0.9999868927140995,0.99677
FeedForwardArbiterPUF,25,1.25,0.00502,0.9999873997206163,0.99708
FeedForwardArbiterPUF,25,1.26,0.00494,0.9999877981255573,0.99736
FeedForwardArbiterPUF,25,1.27,0.00492,0.9999878967267554,0.99761
FeedForwardArbiterPUF,25,1.28,0.00492,0.9999878967267554,0.99783
FeedForwardArbiterPUF,25,1.29,0.00484,0.9999882871314044,0.99811
FeedForwardArbiterPUF,25,1.3,0.00486,0.9999881901302636,0.99842
FeedForwardArbiterPUF,25,1.31,0.00488,0.9999880927291086,0.99877
FeedForwardArbiterPUF,25,1.32,0.0051,0.9999869949154339,0.9991
FeedForwardArbiterPUF,25,1.33,0.00508,0.9999870967167528,0.99943
FeedForwardArbiterPUF,25,1.34,0.005,0.9999874999218739,0.99965
FeedForwardArbiterPUF,25,1.35,0.00514,0.9999867901127493,1.0
FeedForwardArbiterPUF,25,1.36,0.0051,0.999986994915434,0.99968
FeedForwardArbiterPUF,25,1.37,0.0052,0.9999864799086037,0.99947
FeedForwardArbiterPUF,25,1.38,0.00534,0.9999857420983561,0.9992
FeedForwardArbiterPUF,25,1.39,0.00522,0.9999863757071892,0.99892
FeedForwardArbiterPUF,25,1.4,0.00522,0.9999863757071892,0.9986
FeedForwardArbiterPUF,25,1.41,0.0054,0.9999854198937104,0.99831
FeedForwardArbiterPUF,25,1.42,0.00532,0.9999858486998703,0.99805
FeedForwardArbiterPUF,25,1.43,0.00538,0.999985527695276,0.9978
FeedForwardArbiterPUF,25,1.44,0.00536,0.9999856350968247,0.99753
FeedForwardArbiterPUF,25,1.45,0.00524,0.9999862711057588,0.99721
FeedForwardArbiterPUF,25,1.46,0.00526,0.9999861661043117,0.99688
FeedForwardArbiterPUF,25,1.47,0.00526,0.9999861661043116,0.99658
FeedForwardArbiterPUF,25,1.48,0.0054,0.9999854198937103,0.99629
FeedForwardArbiterPUF,25,1.49,0.00552,0.9999847646839427,0.99601
FeedForwardArbiterPUF,25,1.5,0.00564,0.9999840950735168,0.99563
FeedForwardArbiterPUF,25,1.51,0.00542,0.9999853116921269,0.99522
FeedForwardArbiterPUF,25,1.52,0.00544,0.9999852030905257,0.99489
FeedForwardArbiterPUF,25,1.53,0.00562,0.9999842076753013,0.99458
FeedForwardArbiterPUF,25,1.54,0.00582,0.9999830636565801,0.99422
FeedForwardArbiterPUF,25,1.55,0.00574,0.9999835260643047,0.99388
FeedForwardArbiterPUF,25,1.56,0.00564,0.9999840950735168,0.99365
FeedForwardArbiterPUF,25,1.57,0.00574,0.999983526064305,0.99338
FeedForwardArbiterPUF,25,1.58,0.00578,0.9999832956604825,0.99306
FeedForwardArbiterPUF,25,1.59,0.00594,0.9999823580443807,0.9927
FeedForwardArbiterPUF,25,1.6,0.00584,0.9999829470545983,0.99241
FeedForwardArbiterPUF,25,1.61,0.00572,0.999983640666186,0.99205
FeedForwardArbiterPUF,25,1.62,0.0058,0.9999831798585413,0.99179
FeedForwardArbiterPUF,25,1.63,0.0061,0.9999813948269238,0.99142
FeedForwardArbiterPUF,25,1.64,0.00588,0.9999827126505738,0.99113
FeedForwardArbiterPUF,25,1.65,0.00586,0.9999828300525965,0.99074
FeedForwardArbiterPUF,25,1.66,0.00606,0.999981638031419,0.99044
FeedForwardArbiterPUF,25,1.67,0.00608,0.9999815166291824,0.99017
FeedForwardArbiterPUF,25,1.68,0.00598,0.9999821196401463,0.98982
FeedForwardArbiterPUF,25,1.69,0.00606,0.999981638031419,0.98946
FeedForwardArbiterPUF,25,1.7,0.0058,0.9999831798585413,0.98909
FeedForwardArbiterPUF,25,1.71,0.00566,0.9999839820717131,0.98878
FeedForwardArbiterPUF,25,1.72,0.00552,0.9999847646839427,0.98849
FeedForwardArbiterPUF,25,1.73,0.00538,0.9999855276952762,0.9882
FeedForwardArbiterPUF,25,1.74,0.00542,0.9999853116921269,0.98786
FeedForwardArbiterPUF,25,1.75,0.00562,0.9999842076753012,0.9876
FeedForwardArbiterPUF,25,1.76,0.0057,0.9999837548680479,0.98742
FeedForwardArbiterPUF,25,1.77,0.00562,0.9999842076753012,0.98714
FeedForwardArbiterPUF,25,1.78,0.00572,0.9999836406661862,0.98687
FeedForwardArbiterPUF,25,1.79,0.0058,0.9999831798585413,0.98661
FeedForwardArbiterPUF,25,1.8,0.00582,0.99998306365658,0.98626
FeedForwardArbiterPUF,25,1.81,0.00608,0.9999815166291826,0.98597
FeedForwardArbiterPUF,25,1.82,0.00584,0.9999829470545984,0.98559
FeedForwardArbiterPUF,25,1.83,0.00598,0.9999821196401464,0.98528
FeedForwardArbiterPUF,25,1.84,0.00594,0.9999823580443807,0.98504
FeedForwardArbiterPUF,25,1.85,0.006,0.999981999837997,0.98467
FeedForwardArbiterPUF,25,1.86,0.006,0.9999819998379968,0.98427
FeedForwardArbiterPUF,25,1.87,0.00612,0.9999812726246426,0.98397
FeedForwardArbiterPUF,25,1.88,0.0062,0.9999807798152922,0.98365
FeedForwardArbiterPUF,25,1.89,0.00614,0.9999811500223391,0.98328
FeedForwardArbiterPUF,25,1.9,0.00614,0.9999811500223392,0.98294
FeedForwardArbiterPUF,25,1.91,0.00632,0.9999800286005718,0.98259
FeedForwardArbiterPUF,25,1.92,0.00646,0.9999791339823046,0.98226
FeedForwardArbiterPUF,25,1.93,0.0066,0.9999782197628106,0.98197
FeedForwardArbiterPUF,25,1.94,0.00646,0.9999791339823048,0.9816
FeedForwardArbiterPUF,25,1.95,0.00638,0.9999796475928898,0.98124
FeedForwardArbiterPUF,25,1.96,0.00646,0.9999791339823048,0.98098
FeedForwardArbiterPUF,25,1.97,0.00664,0.9999779549570079,0.98065
FeedForwardArbiterPUF,25,1.98,0.00646,0.9999791339823046,0.98034
FeedForwardArbiterPUF,25,1.99,0.00688,0.9999763325199251,0.97999
FeedForwardArbiterPUF,25,2.0,0.00704,0.9999752188929483,0.97961
FeedForwardArbiterPUF,25,2.01,0.00718,0.9999742234677853,0.97922
FeedForwardArbiterPUF,25,2.02,0.007,0.9999754996998675,0.97889
FeedForwardArbiterPUF,25,2.03,0.00684,0.9999766069263818,0.97865
FeedForwardArbiterPUF,25,2.04,0.00674,0.9999772859420358,0.9784
FeedForwardArbiterPUF,25,2.05,0.0066,0.9999782197628105,0.97803
FeedForwardArbiterPUF,25,2.06,0.00664,0.9999779549570079,0.97769
FeedForwardArbiterPUF,25,2.07,0.00652,0.9999787445741036,0.97737
FeedForwardArbiterPUF,25,2.08,0.00636,0.9999797749954746,0.97709
FeedForwardArbiterPUF,25,2.09,0.0064,0.9999795197902804,0.97685
FeedForwardArbiterPUF,25,2.1,0.00662,0.9999780875599227,0.97658
FeedForwardArbiterPUF,25,2.11,0.0065,0.9999788747768623,0.97624
FeedForwardArbiterPUF,25,2.12,0.00656,0.9999784829685086,0.97579
FeedForwardArbiterPUF,25,2.13,0.00646,0.9999791339823048,0.97554
FeedForwardArbiterPUF,25,2.14,0.00644,0.9999792629849883,0.97523
FeedForwardArbiterPUF,25,2.15,0.00626,0.9999804060080378,0.97484
FeedForwardArbiterPUF,25,2.16,0.0061,0.9999813948269238,0.97448
FeedForwardArbiterPUF,25,2.17,0.00604,0.9999817590336334,0.97405
FeedForwardArbiterPUF,25,2.18,0.00612,0.9999812726246428,0.97385
FeedForwardArbiterPUF,25,2.19,0.00604,0.9999817590336335,0.97353
FeedForwardArbiterPUF,25,2.2,0.00578,0.9999832956604825,0.97312
FeedForwardArbiterPUF,25,2.21,0.00594,0.9999823580443807,0.97276
FeedForwardArbiterPUF,25,2.22,0.00598,0.9999821196401464,0.9724
FeedForwardArbiterPUF,25,2.23,0.00606,0.999981638031419,0.97214
FeedForwardArbiterPUF,25,2.24,0.006,0.999981999837997,0.97171
FeedForwardArbiterPUF,25,2.25,0.00598,0.9999821196401463,0.9713
FeedForwardArbiterPUF,25,2.26,0.00592,0.999982476646466,0.97093
FeedForwardArbiterPUF,25,2.27,0.0058,0.9999831798585413,0.97071
FeedForwardArbiterPUF,25,2.28,0.00604,0.9999817590336334,0.97037
FeedForwardArbiterPUF,25,2.29,0.00594,0.9999823580443807,0.97006
FeedForwardArbiterPUF,25,2.3,0.0063,0.9999801548030842,0.96972
FeedForwardArbiterPUF,25,2.31,0.00628,0.9999802806055726,0.96951
FeedForwardArbiterPUF,25,2.32,0.00606,0.999981638031419,0.96916
FeedForwardArbiterPUF,25,2.33,0.00598,0.9999821196401463,0.9688
FeedForwardArbiterPUF,25,2.34,0.00592,0.999982476646466,0.96847
FeedForwardArbiterPUF,25,2.35,0.00578,0.9999832956604825,0.96804
FeedForwardArbiterPUF,25,2.36,0.00564,0.9999840950735167,0.96773
FeedForwardArbiterPUF,25,2.37,0.00528,0.9999860607028479,0.96737
FeedForwardArbiterPUF,25,2.38,0.00548,0.9999849846872703,0.96687
FeedForwardArbiterPUF,25,2.39,0.00538,0.999985527695276,0.96648
FeedForwardArbiterPUF,25,2.4,0.00522,0.9999863757071893,0.9661
FeedForwardArbiterPUF,25,2.41,0.00528,0.9999860607028479,0.96575
FeedForwardArbiterPUF,25,2.42,0.00552,0.9999847646839428,0.96549
FeedForwardArbiterPUF,25,2.43,0.00544,0.9999852030905259,0.96511
FeedForwardArbiterPUF,25,2.44,0.00564,0.9999840950735167,0.96475
FeedForwardArbiterPUF,25,2.45,0.00548,0.9999849846872703,0.96443
FeedForwardArbiterPUF,25,2.46,0.00536,0.9999856350968247,0.96415
FeedForwardArbiterPUF,25,2.47,0.00562,0.999984207675301,0.96384
FeedForwardArbiterPUF,25,2.48,0.00568,0.99998386866989,0.96341
FeedForwardArbiterPUF,25,2.49,0.00558,0.9999844316788137,0.96308
FeedForwardArbiterPUF,25,2.5,0.00544,0.9999852030905259,0.96267
FeedForwardArbiterPUF,25,2.51,0.00574,0.9999835260643049,0.96236
FeedForwardArbiterPUF,25,2.52,0.00578,0.9999832956604826,0.96212
FeedForwardArbiterPUF,25,2.53,0.00564,0.9999840950735167,0.96179
FeedForwardArbiterPUF,25,2.54,0.00534,0.999985742098356,0.96146
FeedForwardArbiterPUF,25,2.55,0.00526,0.9999861661043117,0.9611
FeedForwardArbiterPUF,25,2.56,0.00524,0.9999862711057588,0.96063
FeedForwardArbiterPUF,25,2.57,0.00544,0.9999852030905259,0.96033
FeedForwardArbiterPUF,25,2.58,0.00572,0.9999836406661862,0.95993
FeedForwardArbiterPUF,25,2.59,0.0058,0.9999831798585413,0.95945
FeedForwardArbiterPUF,25,2.6,0.00602,0.999981879635826,0.95902
FeedForwardArbiterPUF,25,2.61,0.00612,0.9999812726246426,0.95857
FeedForwardArbiterPUF,25,2.62,0.00624,0.9999805310104791,0.95815
FeedForwardArbiterPUF,25,2.63,0.00612,0.9999812726246428,0.95789
FeedForwardArbiterPUF,25,2.64,0.00596,0.9999822390422741,0.95757
FeedForwardArbiterPUF,25,2.65,0.00596,0.9999822390422741,0.95723
FeedForwardArbiterPUF,25,2.66,0.006,0.9999819998379968,0.95689
FeedForwardArbiterPUF,25,2.67,0.00594,0.9999823580443807,0.95656
FeedForwardArbiterPUF,25,2.68,0.00602,0.999981879635826,0.95614
FeedForwardArbiterPUF,25,2.69,0.00616,0.9999810270200129,0.95573
FeedForwardArbiterPUF,25,2.7,0.00608,0.9999815166291823,0.95547
FeedForwardArbiterPUF,25,2.71,0.0063,0.9999801548030841,0.95514
FeedForwardArbiterPUF,25,2.72,0.00636,0.9999797749954745,0.95477
FeedForwardArbiterPUF,25,2.73,0.00652,0.9999787445741035,0.95431
FeedForwardArbiterPUF,25,2.74,0.00656,0.9999784829685086,0.95385
FeedForwardArbiterPUF,25,2.75,0.00648,0.9999790045795961,0.95347
FeedForwardArbiterPUF,25,2.76,0.0065,0.9999788747768624,0.95312
FeedForwardArbiterPUF,25,2.77,0.00632,0.9999800286005716,0.95283
FeedForwardArbiterPUF,25,2.78,0.00632,0.9999800286005716,0.95239
FeedForwardArbiterPUF,25,2.79,0.00646,0.9999791339823048,0.95192
FeedForwardArbiterPUF,25,2.8,0.00628,0.9999802806055728,0.95155
FeedForwardArbiterPUF,25,2.81,0.00656,0.9999784829685087,0.95121
FeedForwardArbiterPUF,25,2.82,0.00642,0.9999793915876468,0.95074
FeedForwardArbiterPUF,25,2.83,0.00642,0.9999793915876467,0.95034
FeedForwardArbiterPUF,25,2.84,0.00652,0.9999787445741035,0.94997
FeedForwardArbiterPUF,25,2.85,0.00666,0.9999778219540671,0.9496
FeedForwardArbiterPUF,25,2.86,0.00666,0.9999778219540673,0.9492
FeedForwardArbiterPUF,25,2.87,0.00664,0.9999779549570078,0.94891
FeedForwardArbiterPUF,25,2.88,0.0066,0.9999782197628105,0.94853
FeedForwardArbiterPUF,25,2.89,0.00664,0.9999779549570078,0.94813
FeedForwardArbiterPUF,25,2.9,0.00654,0.9999786139713189,0.9477
FeedForwardArbiterPUF,25,2.91,0.00656,0.9999784829685086,0.94735
FeedForwardArbiterPUF,25,2.92,0.00652,0.9999787445741035,0.94695
FeedForwardArbiterPUF,25,2.93,0.0064,0.9999795197902804,0.94655
FeedForwardArbiterPUF,25,2.94,0.00636,0.9999797749954745,0.94615
FeedForwardArbiterPUF,25,2.95,0.0065,0.9999788747768623,0.9458
FeedForwardArbiterPUF,25,2.96,0.00652,0.9999787445741035,0.94545
FeedForwardArbiterPUF,25,2.97,0.0064,0.9999795197902804,0.94493
FeedForwardArbiterPUF,25,2.98,0.00654,0.9999786139713188,0.94456
FeedForwardArbiterPUF,25,2.99,0.00654,0.9999786139713189,0.9442
FeedForwardArbiterPUF,25,3.0,0.00646,0.9999791339823046,0.94372
FeedForwardArbiterPUF,30,0.5,0.00524,0.9999862711057588,0.97836
FeedForwardArbiterPUF,30,0.51,0.00536,0.9999856350968247,0.9785
FeedForwardArbiterPUF,30,0.52,0.00554,0.9999846540822516,0.97869
FeedForwardArbiterPUF,30,0.53,0.00564,0.9999840950735168,0.9788
FeedForwardArbiterPUF,30,0.54,0.00564,0.9999840950735167,0.97898
FeedForwardArbiterPUF,30,0.55,0.00554,0.9999846540822515,0.97917
FeedForwardArbiterPUF,30,0.56,0.00556,0.9999845430805417,0.97932
FeedForwardArbiterPUF,30,0.57,0.00546,0.999985094088907,0.97949
FeedForwardArbiterPUF,30,0.58,0.00544,0.9999852030905259,0.97966
FeedForwardArbiterPUF,30,0.59,0.0055,0.9999848748856156,0.97985
FeedForwardArbiterPUF,30,0.6,0.00564,0.9999840950735168,0.98002
FeedForwardArbiterPUF,30,0.61,0.00562,0.999984207675301,0.98029
FeedForwardArbiterPUF,30,0.62,0.00558,0.9999844316788138,0.98047
FeedForwardArbiterPUF,30,0.63,0.00566,0.9999839820717131,0.98063
FeedForwardArbiterPUF,30,0.64,0.00572,0.9999836406661862,0.9809
FeedForwardArbiterPUF,30,0.65,0.00566,0.999983982071713,0.98109
FeedForwardArbiterPUF,30,0.66,0.0057,0.999983754868048,0.98129
FeedForwardArbiterPUF,30,0.67,0.00576,0.9999834110624036,0.98148
FeedForwardArbiterPUF,30,0.68,0.00584,0.9999829470545983,0.98168
FeedForwardArbiterPUF,30,0.69,0.0058,0.9999831798585413,0.9819
FeedForwardArbiterPUF,30,0.7,0.00568,0.9999838686698899,0.98212
FeedForwardArbiterPUF,30,0.71,0.0057,0.9999837548680479,0.98237
FeedForwardArbiterPUF,30,0.72,0.00566,0.9999839820717131,0.98263
FeedForwardArbiterPUF,30,0.73,0.00584,0.9999829470545983,0.98292
FeedForwardArbiterPUF,30,0.74,0.00582,0.99998306365658,0.98317
FeedForwardArbiterPUF,30,0.75,0.00576,0.9999834110624036,0.98336
FeedForwardArbiterPUF,30,0.76,0.0056,0.9999843198770668,0.98362
FeedForwardArbiterPUF,30,0.77,0.00542,0.9999853116921269,0.98393
FeedForwardArbiterPUF,30,0.78,0.00522,0.9999863757071894,0.98419
FeedForwardArbiterPUF,30,0.79,0.00506,0.9999871981180559,0.98441
FeedForwardArbiterPUF,30,0.8,0.00524,0.9999862711057587,0.9847
FeedForwardArbiterPUF,30,0.81,0.00528,0.9999860607028479,0.98496
FeedForwardArbiterPUF,30,0.82,0.00532,0.9999858486998703,0.98516
FeedForwardArbiterPUF,30,0.83,0.0052,0.9999864799086036,0.98536
FeedForwardArbiterPUF,30,0.84,0.00534,0.9999857420983559,0.98559
FeedForwardArbiterPUF,30,0.85,0.00538,0.999985527695276,0.98587
FeedForwardArbiterPUF,30,0.86,0.0054,0.9999854198937104,0.9862
FeedForwardArbiterPUF,30,0.87,0.0055,0.9999848748856156,0.98653
FeedForwardArbiterPUF,30,0.88,0.00544,0.9999852030905259,0.98676
FeedForwardArbiterPUF,30,0.89,0.00542,0.9999853116921269,0.98709
FeedForwardArbiterPUF,30,0.9,0.00538,0.999985527695276,0.98741
FeedForwardArbiterPUF,30,0.91,0.00534,0.9999857420983559,0.98771
FeedForwardArbiterPUF,30,0.92,0.00526,0.9999861661043117,0.98793
FeedForwardArbiterPUF,30,0.93,0.0051,0.999986994915434,0.98821
FeedForwardArbiterPUF,30,0.94,0.0052,0.9999864799086036,0.9886
FeedForwardArbiterPUF,30,0.95,0.00518,0.9999865837100015,0.98887
FeedForwardArbiterPUF,30,0.96,0.00498,0.9999875997231166,0.98911
FeedForwardArbiterPUF,30,0.97,0.00472,0.9999888607379585,0.98942
FeedForwardArbiterPUF,30,0.98,0.00456,0.9999896031459526,0.98972
FeedForwardArbiterPUF,30,0.99,0.00456,0.9999896031459526,0.99004
FeedForwardArbiterPUF,30,1.0,0.00486,0.9999881901302636,0.99035
FeedForwardArbiterPUF,30,1.01,0.00464,0.9999892351420587,0.99062
FeedForwardArbiterPUF,30,1.02,0.00478,0.9999885757347432,0.99081
FeedForwardArbiterPUF,30,1.03,0.00492,0.9999878967267554,0.99116
FeedForwardArbiterPUF,30,1.04,0.00508,0.9999870967167526,0.99144
FeedForwardArbiterPUF,30,1.05,0.00524,0.9999862711057588,0.99176
FeedForwardArbiterPUF,30,1.06,0.00508,0.9999870967167526,0.99198
FeedForwardArbiterPUF,30,1.07,0.00526,0.9999861661043117,0.99219
FeedForwardArbiterPUF,30,1.08,0.0051,0.9999869949154339,0.99241
FeedForwardArbiterPUF,30,1.09,0.0051,0.9999869949154339,0.99273
FeedForwardArbiterPUF,30,1.1,0.0052,0.9999864799086036,0.99302
FeedForwardArbiterPUF,30,1.11,0.00524,0.9999862711057588,0.99328
FeedForwardArbiterPUF,30,1.12,0.00532,0.9999858486998704,0.99354
FeedForwardArbiterPUF,30,1.13,0.00532,0.9999858486998704,0.99384
FeedForwardArbiterPUF,30,1.14,0.00508,0.9999870967167526,0.99406
FeedForwardArbiterPUF,30,1.15,0.00504,0.9999872991193439,0.99436
FeedForwardArbiterPUF,30,1.16,0.005,0.9999874999218737,0.99458
FeedForwardArbiterPUF,30,1.17,0.00496,0.9999876991243444,0.99482
FeedForwardArbiterPUF,30,1.18,0.005,0.9999874999218736,0.99506
FeedForwardArbiterPUF,30,1.19,0.00496,0.9999876991243444,0.99546
FeedForwardArbiterPUF,30,1.2,0.00514,0.9999867901127493,0.99575
FeedForwardArbiterPUF,30,1.21,0.00516,0.9999866871113836,0.99608
FeedForwardArbiterPUF,30,1.22,0.00524,0.9999862711057587,0.99634
FeedForwardArbiterPUF,30,1.23,0.00514,0.9999867901127493,0.99653
FeedForwardArbiterPUF,30,1.24,0.0052,0.9999864799086036,0.99684
FeedForwardArbiterPUF,30,1.25,0.0052,0.9999864799086036,0.9971
FeedForwardArbiterPUF,30,1.26,0.0052,0.9999864799086037,0.99742
FeedForwardArbiterPUF,30,1.27,0.0051,0.9999869949154337,0.99771
FeedForwardArbiterPUF,30,1.28,0.00502,0.9999873997206163,0.99803
FeedForwardArbiterPUF,30,1.29,0.00498,0.9999875997231168,0.99827
FeedForwardArbiterPUF,30,1.3,0.00486,0.9999881901302636,0.99847
FeedForwardArbiterPUF,30,1.31,0.00488,0.9999880927291086,0.99874
FeedForwardArbiterPUF,30,1.32,0.00484,0.9999882871314044,0.999
FeedForwardArbiterPUF,30,1.33,0.00482,0.999988383732531,0.99931
FeedForwardArbiterPUF,30,1.34,0.00492,0.9999878967267554,0.99968
FeedForwardArbiterPUF,30,1.35,0.00512,0.9999868927140995,1.0
FeedForwardArbiterPUF,30,1.36,0.00504,0.9999872991193439,0.9997
FeedForwardArbiterPUF,30,1.37,0.00502,0.9999873997206163,0.99947
FeedForwardArbiterPUF,30,1.38,0.00516,0.9999866871113835,0.99914
FeedForwardArbiterPUF,30,1.39,0.00508,0.9999870967167527,0.99882
FeedForwardArbiterPUF,30,1.4,0.00518,0.9999865837100016,0.99861
FeedForwardArbiterPUF,30,1.41,0.0053,0.9999859549013679,0.99835
FeedForwardArbiterPUF,30,1.42,0.0052,0.9999864799086037,0.99808
FeedForwardArbiterPUF,30,1.43,0.00522,0.9999863757071892,0.99777
FeedForwardArbiterPUF,30,1.44,0.00536,0.9999856350968247,0.99746
FeedForwardArbiterPUF,30,1.45,0.0053,0.9999859549013679,0.99721
FeedForwardArbiterPUF,30,1.46,0.00538,0.999985527695276,0.99697
FeedForwardArbiterPUF,30,1.47,0.00536,0.9999856350968247,0.99672
FeedForwardArbiterPUF,30,1.48,0.00526,0.9999861661043118,0.99639
FeedForwardArbiterPUF,30,1.49,0.00526,0.9999861661043117,0.99607
FeedForwardArbiterPUF,30,1.5,0.00526,0.9999861661043116,0.99577
FeedForwardArbiterPUF,30,1.51,0.00538,0.9999855276952759,0.99549
FeedForwardArbiterPUF,30,1.52,0.00554,0.9999846540822513,0.99521
FeedForwardArbiterPUF,30,1.53,0.00572,0.9999836406661862,0.99486
FeedForwardArbiterPUF,30,1.54,0.00544,0.9999852030905259,0.99444
FeedForwardArbiterPUF,30,1.55,0.00536,0.9999856350968247,0.9941
FeedForwardArbiterPUF,30,1.56,0.00562,0.9999842076753012,0.99379
FeedForwardArbiterPUF,30,1.57,0.00584,0.9999829470545982,0.99344
FeedForwardArbiterPUF,30,1.58,0.00576,0.9999834110624035,0.99314
FeedForwardArbiterPUF,30,1.59,0.00566,0.9999839820717131,0.99291
FeedForwardArbiterPUF,30,1.6,0.00582,0.99998306365658,0.99265
FeedForwardArbiterPUF,30,1.61,0.00572,0.9999836406661861,0.9923
FeedForwardArbiterPUF,30,1.62,0.00588,0.9999827126505738,0.99198
FeedForwardArbiterPUF,30,1.63,0.00592,0.999982476646466,0.99172
FeedForwardArbiterPUF,30,1.64,0.00578,0.9999832956604825,0.99137
FeedForwardArbiterPUF,30,1.65,0.00574,0.9999835260643049,0.99107
FeedForwardArbiterPUF,30,1.66,0.00596,0.9999822390422742,0.99072
FeedForwardArbiterPUF,30,1.67,0.00592,0.9999824766464659,0.99046
FeedForwardArbiterPUF,30,1.68,0.00586,0.9999828300525966,0.99017
FeedForwardArbiterPUF,30,1.69,0.00586,0.9999828300525966,0.98979
FeedForwardArbiterPUF,30,1.7,0.0061,0.9999813948269238,0.98949
FeedForwardArbiterPUF,30,1.71,0.00606,0.999981638031419,0.98925
FeedForwardArbiterPUF,30,1.72,0.00602,0.9999818796358262,0.98887
FeedForwardArbiterPUF,30,1.73,0.00606,0.999981638031419,0.98851
FeedForwardArbiterPUF,30,1.74,0.0057,0.9999837548680479,0.98821
FeedForwardArbiterPUF,30,1.75,0.00558,0.9999844316788138,0.98783
FeedForwardArbiterPUF,30,1.76,0.00546,0.9999850940889069,0.98761
FeedForwardArbiterPUF,30,1.77,0.00546,0.9999850940889069,0.98727
FeedForwardArbiterPUF,30,1.78,0.00546,0.9999850940889069,0.98693
FeedForwardArbiterPUF,30,1.79,0.00564,0.9999840950735167,0.98678
FeedForwardArbiterPUF,30,1.8,0.00564,0.9999840950735168,0.98652
FeedForwardArbiterPUF,30,1.81,0.00562,0.9999842076753012,0.98625
FeedForwardArbiterPUF,30,1.82,0.00576,0.9999834110624036,0.98602
FeedForwardArbiterPUF,30,1.83,0.00588,0.9999827126505738,0.98574
FeedForwardArbiterPUF,30,1.84,0.00584,0.9999829470545983,0.98544
FeedForwardArbiterPUF,30,1.85,0.00604,0.9999817590336334,0.9851
FeedForwardArbiterPUF,30,1.86,0.00588,0.9999827126505738,0.9848
FeedForwardArbiterPUF,30,1.87,0.00594,0.9999823580443807,0.98445
FeedForwardArbiterPUF,30,1.88,0.00594,0.9999823580443806,0.98421
FeedForwardArbiterPUF,30,1.89,0.006,0.999981999837997,0.98388
FeedForwardArbiterPUF,30,1.9,0.00602,0.9999818796358261,0.98347
FeedForwardArbiterPUF,30,1.91,0.00614,0.9999811500223392,0.98317
FeedForwardArbiterPUF,30,1.92,0.0062,0.9999807798152922,0.98286
FeedForwardArbiterPUF,30,1.93,0.00616,0.9999810270200129,0.98248
FeedForwardArbiterPUF,30,1.94,0.00612,0.9999812726246426,0.98216
FeedForwardArbiterPUF,30,1.95,0.00632,0.9999800286005718,0.98182
FeedForwardArbiterPUF,30,1.96,0.00648,0.9999790045795961,0.9815
FeedForwardArbiterPUF,30,1.97,0.0066,0.9999782197628106,0.98122
FeedForwardArbiterPUF,30,1.98,0.00646,0.9999791339823048,0.98085
FeedForwardArbiterPUF,30,1.99,0.00636,0.9999797749954745,0.98048
FeedForwardArbiterPUF,30,2.0,0.0065,0.9999788747768624,0.98025
FeedForwardArbiterPUF,30,2.01,0.00658,0.9999783515656726,0.97993
FeedForwardArbiterPUF,30,2.02,0.00656,0.9999784829685087,0.97962
FeedForwardArbiterPUF,30,2.03,0.00678,0.9999770155358573,0.97931
FeedForwardArbiterPUF,30,2.04,0.00698,0.9999756395032829,0.97893
FeedForwardArbiterPUF,30,2.05,0.00718,0.9999742234677853,0.97851
FeedForwardArbiterPUF,30,2.06,0.00704,0.9999752188929483,0.97822
FeedForwardArbiterPUF,30,2.07,0.00696,0.9999757789066693,0.97796
FeedForwardArbiterPUF,30,2.08,0.0068,0.9999768797327265,0.9777
FeedForwardArbiterPUF,30,2.09,0.00666,0.9999778219540671,0.97735
FeedForwardArbiterPUF,30,2.1,0.00658,0.9999783515656727,0.97701
FeedForwardArbiterPUF,30,2.11,0.00658,0.9999783515656727,0.97669
FeedForwardArbiterPUF,30,2.12,0.00642,0.9999793915876469,0.97641
FeedForwardArbiterPUF,30,2.13,0.00638,0.9999796475928896,0.97615
FeedForwardArbiterPUF,30,2.14,0.00636,0.9999797749954745,0.97592
FeedForwardArbiterPUF,30,2.15,0.00644,0.9999792629849883,0.97562
FeedForwardArbiterPUF,30,2.16,0.00652,0.9999787445741036,0.97514
FeedForwardArbiterPUF,30,2.17,0.00648,0.9999790045795961,0.9749
FeedForwardArbiterPUF,30,2.18,0.00642,0.9999793915876468,0.97463
FeedForwardArbiterPUF,30,2.19,0.00636,0.9999797749954745,0.97428
FeedForwardArbiterPUF,30,2.2,0.0062,0.9999807798152922,0.97394
FeedForwardArbiterPUF,30,2.21,0.00606,0.9999816380314192,0.97351
FeedForwardArbiterPUF,30,2.22,0.00612,0.9999812726246426,0.97318
FeedForwardArbiterPUF,30,2.23,0.00614,0.9999811500223391,0.97297
FeedForwardArbiterPUF,30,2.24,0.00594,0.9999823580443807,0.97261
FeedForwardArbiterPUF,30,2.25,0.0059,0.9999825948485304,0.97219
FeedForwardArbiterPUF,30,2.26,0.00602,0.9999818796358262,0.97187
FeedForwardArbiterPUF,30,2.27,0.00596,0.9999822390422741,0.97158
FeedForwardArbiterPUF,30,2.28,0.00594,0.9999823580443807,0.97121
FeedForwardArbiterPUF,30,2.29,0.00596,0.9999822390422741,0.97082
FeedForwardArbiterPUF,30,2.3,0.0059,0.9999825948485304,0.97045
FeedForwardArbiterPUF,30,2.31,0.00586,0.9999828300525965,0.97007
FeedForwardArbiterPUF,30,2.32,0.00588,0.9999827126505738,0.9699
FeedForwardArbiterPUF,30,2.33,0.00608,0.9999815166291826,0.96954
FeedForwardArbiterPUF,30,2.34,0.00602,0.9999818796358261,0.96925
FeedForwardArbiterPUF,30,2.35,0.00628,0.9999802806055729,0.96894
FeedForwardArbiterPUF,30,2.36,0.00624,0.9999805310104791,0.96868
FeedForwardArbiterPUF,30,2.37,0.00608,0.9999815166291826,0.96836
FeedForwardArbiterPUF,30,2.38,0.00598,0.9999821196401463,0.96801
FeedForwardArbiterPUF,30,2.39,0.00596,0.9999822390422741,0.96764
FeedForwardArbiterPUF,30,2.4,0.00576,0.9999834110624036,0.96726
FeedForwardArbiterPUF,30,2.41,0.00566,0.9999839820717131,0.96695
FeedForwardArbiterPUF,30,2.42,0.00526,0.9999861661043118,0.96659
FeedForwardArbiterPUF,30,2.43,0.00548,0.9999849846872703,0.9661
FeedForwardArbiterPUF,30,2.44,0.00536,0.9999856350968247,0.96572
FeedForwardArbiterPUF,30,2.45,0.00522,0.9999863757071893,0.96535
FeedForwardArbiterPUF,30,2.46,0.00524,0.9999862711057588,0.96504
FeedForwardArbiterPUF,30,2.47,0.00552,0.9999847646839426,0.96476
FeedForwardArbiterPUF,30,2.48,0.0055,0.9999848748856157,0.96441
FeedForwardArbiterPUF,30,2.49,0.0056,0.9999843198770669,0.96404
FeedForwardArbiterPUF,30,2.5,0.00548,0.9999849846872703,0.96374
FeedForwardArbiterPUF,30,2.51,0.00542,0.9999853116921269,0.96349
FeedForwardArbiterPUF,30,2.52,0.00558,0.9999844316788138,0.96321
FeedForwardArbiterPUF,30,2.53,0.00568,0.99998386866989,0.96278
FeedForwardArbiterPUF,30,2.54,0.00564,0.9999840950735168,0.96246
FeedForwardArbiterPUF,30,2.55,0.00558,0.9999844316788137,0.96207
FeedForwardArbiterPUF,30,2.56,0.00568,0.99998386866989,0.96168
FeedForwardArbiterPUF,30,2.57,0.0057,0.9999837548680479,0.96153
FeedForwardArbiterPUF,30,2.58,0.00572,0.9999836406661862,0.96112
FeedForwardArbiterPUF,30,2.59,0.00552,0.9999847646839427,0.96086
FeedForwardArbiterPUF,30,2.6,0.00528,0.9999860607028477,0.9605
FeedForwardArbiterPUF,30,2.61,0.00514,0.9999867901127493,0.96005
FeedForwardArbiterPUF,30,2.62,0.0054,0.9999854198937104,0.95974
FeedForwardArbiterPUF,30,2.63,0.00576,0.9999834110624035,0.95934
FeedForwardArbiterPUF,30,2.64,0.00578,0.9999832956604826,0.95897
FeedForwardArbiterPUF,30,2.65,0.00588,0.9999827126505737,0.9585
FeedForwardArbiterPUF,30,2.66,0.00612,0.9999812726246426,0.95804
FeedForwardArbiterPUF,30,2.67,0.00624,0.9999805310104792,0.9576
FeedForwardArbiterPUF,30,2.68,0.00622,0.9999806556128974,0.95733
FeedForwardArbiterPUF,30,2.69,0.00598,0.9999821196401464,0.95707
FeedForwardArbiterPUF,30,2.7,0.00596,0.9999822390422741,0.9567
FeedForwardArbiterPUF,30,2.71,0.0059,0.9999825948485302,0.95639
FeedForwardArbiterPUF,30,2.72,0.00592,0.9999824766464661,0.95604
FeedForwardArbiterPUF,30,2.73,0.00596,0.9999822390422741,0.9557
FeedForwardArbiterPUF,30,2.74,0.006,0.9999819998379968,0.95532
FeedForwardArbiterPUF,30,2.75,0.00612,0.9999812726246426,0.95502
FeedForwardArbiterPUF,30,2.76,0.00616,0.9999810270200129,0.95472
FeedForwardArbiterPUF,30,2.77,0.00634,0.9999799019980353,0.95443
FeedForwardArbiterPUF,30,2.78,0.00642,0.9999793915876467,0.95401
FeedForwardArbiterPUF,30,2.79,0.00646,0.9999791339823048,0.95351
FeedForwardArbiterPUF,30,2.8,0.00656,0.9999784829685086,0.95312
FeedForwardArbiterPUF,30,2.81,0.00632,0.9999800286005714,0.9527
FeedForwardArbiterPUF,30,2.82,0.00646,0.9999791339823048,0.95243
FeedForwardArbiterPUF,30,2.83,0.00632,0.9999800286005716,0.95212
FeedForwardArbiterPUF,30,2.84,0.00628,0.9999802806055728,0.95168
FeedForwardArbiterPUF,30,2.85,0.00642,0.9999793915876468,0.95121
FeedForwardArbiterPUF,30,2.86,0.0063,0.9999801548030842,0.95089
FeedForwardArbiterPUF,30,2.87,0.00652,0.9999787445741035,0.9505
FeedForwardArbiterPUF,30,2.88,0.00638,0.9999796475928897,0.95005
FeedForwardArbiterPUF,30,2.89,0.00644,0.9999792629849883,0.94964
FeedForwardArbiterPUF,30,2.9,0.00652,0.9999787445741034,0.94928
FeedForwardArbiterPUF,30,2.91,0.00666,0.9999778219540671,0.94895
FeedForwardArbiterPUF,30,2.92,0.00666,0.9999778219540673,0.94855
FeedForwardArbiterPUF,30,2.93,0.00662,0.9999780875599227,0.94827
FeedForwardArbiterPUF,30,2.94,0.00658,0.9999783515656727,0.94791
FeedForwardArbiterPUF,30,2.95,0.00658,0.9999783515656727,0.94751
FeedForwardArbiterPUF,30,2.96,0.00656,0.9999784829685086,0.94708
FeedForwardArbiterPUF,30,2.97,0.00662,0.9999780875599227,0.94673
FeedForwardArbiterPUF,30,2.98,0.0066,0.9999782197628106,0.94638
FeedForwardArbiterPUF,30,2.99,0.00646,0.9999791339823046,0.94607
FeedForwardArbiterPUF,30,3.0,0.00626,0.9999804060080378,0.94559
FeedForwardArbiterPUF,35,0.5,0.0052,0.9999864799086036,0.97914
FeedForwardArbiterPUF,35,0.51,0.00524,0.9999862711057588,0.97928
FeedForwardArbiterPUF,35,0.52,0.00536,0.9999856350968247,0.97942
FeedForwardArbiterPUF,35,0.53,0.00554,0.9999846540822516,0.97961
FeedForwardArbiterPUF,35,0.54,0.00564,0.9999840950735168,0.97972
FeedForwardArbiterPUF,35,0.55,0.00562,0.999984207675301,0.97987
FeedForwardArbiterPUF,35,0.56,0.00554,0.9999846540822515,0.98009
FeedForwardArbiterPUF,35,0.57,0.00556,0.9999845430805417,0.98022
FeedForwardArbiterPUF,35,0.58,0.00548,0.9999849846872703,0.98038
FeedForwardArbiterPUF,35,0.59,0.00544,0.9999852030905259,0.98054
FeedForwardArbiterPUF,35,0.6,0.0055,0.9999848748856156,0.98075
FeedForwardArbiterPUF,35,0.61,0.00558,0.9999844316788139,0.98089
FeedForwardArbiterPUF,35,0.62,0.00572,0.9999836406661862,0.98112
FeedForwardArbiterPUF,35,0.63,0.0056,0.9999843198770668,0.98132
FeedForwardArbiterPUF,35,0.64,0.00564,0.9999840950735167,0.9815
FeedForwardArbiterPUF,35,0.65,0.00568,0.99998386866989,0.98172
FeedForwardArbiterPUF,35,0.66,0.00562,0.999984207675301,0.98195
FeedForwardArbiterPUF,35,0.67,0.00578,0.9999832956604826,0.98215
FeedForwardArbiterPUF,35,0.68,0.0057,0.999983754868048,0.98235
FeedForwardArbiterPUF,35,0.69,0.0058,0.9999831798585413,0.98254
FeedForwardArbiterPUF,35,0.7,0.00574,0.999983526064305,0.98273
FeedForwardArbiterPUF,35,0.71,0.0057,0.9999837548680479,0.98299
FeedForwardArbiterPUF,35,0.72,0.00554,0.9999846540822515,0.98319
FeedForwardArbiterPUF,35,0.73,0.00578,0.9999832956604826,0.98339
FeedForwardArbiterPUF,35,0.74,0.0059,0.9999825948485304,0.98371
FeedForwardArbiterPUF,35,0.75,0.0058,0.9999831798585413,0.98394
FeedForwardArbiterPUF,35,0.76,0.00576,0.9999834110624036,0.98418
FeedForwardArbiterPUF,35,0.77,0.00568,0.99998386866989,0.98436
FeedForwardArbiterPUF,35,0.78,0.00562,0.999984207675301,0.98463
FeedForwardArbiterPUF,35,0.79,0.00532,0.9999858486998703,0.98492
FeedForwardArbiterPUF,35,0.8,0.00514,0.9999867901127494,0.98519
FeedForwardArbiterPUF,35,0.81,0.0051,0.999986994915434,0.98547
FeedForwardArbiterPUF,35,0.82,0.00522,0.9999863757071892,0.98571
FeedForwardArbiterPUF,35,0.83,0.00534,0.999985742098356,0.98595
FeedForwardArbiterPUF,35,0.84,0.00528,0.9999860607028477,0.98614
FeedForwardArbiterPUF,35,0.85,0.00528,0.9999860607028478,0.98634
FeedForwardArbiterPUF,35,0.86,0.00534,0.9999857420983559,0.98657
FeedForwardArbiterPUF,35,0.87,0.00532,0.9999858486998704,0.98686
FeedForwardArbiterPUF,35,0.88,0.00544,0.999985203090526,0.98718
FeedForwardArbiterPUF,35,0.89,0.00548,0.9999849846872703,0.98752
FeedForwardArbiterPUF,35,0.9,0.00542,0.9999853116921269,0.98775
FeedForwardArbiterPUF,35,0.91,0.00542,0.9999853116921269,0.98805
FeedForwardArbiterPUF,35,0.92,0.00538,0.999985527695276,0.98835
FeedForwardArbiterPUF,35,0.93,0.00536,0.9999856350968247,0.98864
FeedForwardArbiterPUF,35,0.94,0.00528,0.9999860607028479,0.98888
FeedForwardArbiterPUF,35,0.95,0.0051,0.999986994915434,0.98913
FeedForwardArbiterPUF,35,0.96,0.00522,0.9999863757071892,0.98953
FeedForwardArbiterPUF,35,0.97,0.00516,0.9999866871113836,0.9898
FeedForwardArbiterPUF,35,0.98,0.005,0.9999874999218737,0.99004
FeedForwardArbiterPUF,35,0.99,0.00472,0.9999888607379585,0.99034
FeedForwardArbiterPUF,35,1.0,0.00458,0.9999895117449983,0.99063
FeedForwardArbiterPUF,35,1.01,0.00458,0.9999895117449984,0.99095
FeedForwardArbiterPUF,35,1.02,0.00484,0.9999882871314043,0.99124
FeedForwardArbiterPUF,35,1.03,0.00466,0.9999891421410535,0.99153
FeedForwardArbiterPUF,35,1.04,0.00476,0.9999886711358286,0.99172
FeedForwardArbiterPUF,35,1.05,0.00494,0.999987798125557,0.99201
FeedForwardArbiterPUF,35,1.06,0.00502,0.9999873997206163,0.99229
FeedForwardArbiterPUF,35,1.07,0.00534,0.9999857420983559,0.99261
FeedForwardArbiterPUF,35,1.08,0.00512,0.9999868927140995,0.99282
FeedForwardArbiterPUF,35,1.09,0.00516,0.9999866871113836,0.99304
FeedForwardArbiterPUF,35,1.1,0.00516,0.9999866871113836,0.99326
FeedForwardArbiterPUF,35,1.11,0.00514,0.9999867901127493,0.99357
FeedForwardArbiterPUF,35,1.12,0.00518,0.9999865837100015,0.99387
FeedForwardArbiterPUF,35,1.13,0.00526,0.9999861661043117,0.99417
FeedForwardArbiterPUF,35,1.14,0.0053,0.9999859549013679,0.99435
FeedForwardArbiterPUF,35,1.15,0.0053,0.9999859549013678,0.99465
FeedForwardArbiterPUF,35,1.16,0.00516,0.9999866871113835,0.9949
FeedForwardArbiterPUF,35,1.17,0.00492,0.9999878967267554,0.99516
FeedForwardArbiterPUF,35,1.18,0.00498,0.9999875997231167,0.99545
FeedForwardArbiterPUF,35,1.19,0.00492,0.9999878967267554,0.99558
FeedForwardArbiterPUF,35,1.2,0.005,0.9999874999218739,0.9959
FeedForwardArbiterPUF,35,1.21,0.00498,0.9999875997231166,0.99615
FeedForwardArbiterPUF,35,1.22,0.00506,0.999987198118056,0.99655
FeedForwardArbiterPUF,35,1.23,0.00512,0.9999868927140995,0.99692
FeedForwardArbiterPUF,35,1.24,0.0051,0.9999869949154339,0.99713
FeedForwardArbiterPUF,35,1.25,0.00516,0.9999866871113835,0.9974
FeedForwardArbiterPUF,35,1.26,0.00522,0.9999863757071892,0.99761
FeedForwardArbiterPUF,35,1.27,0.00516,0.9999866871113835,0.99788
FeedForwardArbiterPUF,35,1.28,0.00518,0.9999865837100015,0.99815
FeedForwardArbiterPUF,35,1.29,0.0051,0.9999869949154339,0.99847
FeedForwardArbiterPUF,35,1.3,0.00506,0.9999871981180559,0.99877
FeedForwardArbiterPUF,35,1.31,0.005,0.9999874999218737,0.99906
FeedForwardArbiterPUF,35,1.32,0.0049,0.9999879949279391,0.99929
FeedForwardArbiterPUF,35,1.33,0.00482,0.9999883837325311,0.99949
FeedForwardArbiterPUF,35,1.34,0.0048,0.9999884799336439,0.99974
FeedForwardArbiterPUF,35,1.35,0.00476,0.9999886711358286,1.0
FeedForwardArbiterPUF,35,1.36,0.00472,0.9999888607379585,0.99964
FeedForwardArbiterPUF,35,1.37,0.005,0.9999874999218737,0.99932
FeedForwardArbiterPUF,35,1.38,0.00508,0.9999870967167526,0.999
FeedForwardArbiterPUF,35,1.39,0.00504,0.9999872991193439,0.99872
FeedForwardArbiterPUF,35,1.4,0.005,0.9999874999218737,0.99846
FeedForwardArbiterPUF,35,1.41,0.00514,0.9999867901127493,0.99815
FeedForwardArbiterPUF,35,1.42,0.00508,0.9999870967167527,0.99788
FeedForwardArbiterPUF,35,1.43,0.00516,0.9999866871113836,0.99764
FeedForwardArbiterPUF,35,1.44,0.00524,0.9999862711057587,0.99738
FeedForwardArbiterPUF,35,1.45,0.00522,0.9999863757071892,0.99711
FeedForwardArbiterPUF,35,1.46,0.00522,0.9999863757071892,0.99681
FeedForwardArbiterPUF,35,1.47,0.00536,0.9999856350968247,0.99652
FeedForwardArbiterPUF,35,1.48,0.0053,0.9999859549013679,0.99627
FeedForwardArbiterPUF,35,1.49,0.00538,0.999985527695276,0.99603
FeedForwardArbiterPUF,35,1.5,0.00536,0.9999856350968247,0.99578
FeedForwardArbiterPUF,35,1.51,0.00524,0.9999862711057588,0.99548
FeedForwardArbiterPUF,35,1.52,0.00524,0.9999862711057587,0.99516
FeedForwardArbiterPUF,35,1.53,0.00524,0.9999862711057588,0.99488
FeedForwardArbiterPUF,35,1.54,0.00536,0.9999856350968247,0.99462
FeedForwardArbiterPUF,35,1.55,0.00554,0.9999846540822515,0.99431
FeedForwardArbiterPUF,35,1.56,0.00568,0.99998386866989,0.99404
FeedForwardArbiterPUF,35,1.57,0.00548,0.9999849846872703,0.9936
FeedForwardArbiterPUF,35,1.58,0.00526,0.9999861661043118,0.99325
FeedForwardArbiterPUF,35,1.59,0.00568,0.99998386866989,0.99292
FeedForwardArbiterPUF,35,1.6,0.00572,0.9999836406661862,0.99264
FeedForwardArbiterPUF,35,1.61,0.0057,0.9999837548680479,0.99227
FeedForwardArbiterPUF,35,1.62,0.00566,0.999983982071713,0.99205
FeedForwardArbiterPUF,35,1.63,0.00574,0.999983526064305,0.99181
FeedForwardArbiterPUF,35,1.64,0.00576,0.9999834110624035,0.99154
FeedForwardArbiterPUF,35,1.65,0.00574,0.9999835260643049,0.99119
FeedForwardArbiterPUF,35,1.66,0.00598,0.9999821196401463,0.99089
FeedForwardArbiterPUF,35,1.67,0.00584,0.9999829470545984,0.9906
FeedForwardArbiterPUF,35,1.68,0.00582,0.99998306365658,0.99023
FeedForwardArbiterPUF,35,1.69,0.00586,0.9999828300525966,0.98999
FeedForwardArbiterPUF,35,1.7,0.0061,0.9999813948269238,0.98967
FeedForwardArbiterPUF,35,1.71,0.00584,0.9999829470545983,0.98938
FeedForwardArbiterPUF,35,1.72,0.00584,0.9999829470545983,0.98902
FeedForwardArbiterPUF,35,1.73,0.00604,0.9999817590336335,0.98872
FeedForwardArbiterPUF,35,1.74,0.00608,0.9999815166291824,0.98846
FeedForwardArbiterPUF,35,1.75,0.00598,0.9999821196401463,0.98811
FeedForwardArbiterPUF,35,1.76,0.00602,0.9999818796358262,0.98781
FeedForwardArbiterPUF,35,1.77,0.00584,0.9999829470545983,0.9874
FeedForwardArbiterPUF,35,1.78,0.00566,0.9999839820717131,0.98717
FeedForwardArbiterPUF,35,1.79,0.00552,0.9999847646839426,0.98682
FeedForwardArbiterPUF,35,1.8,0.00546,0.9999850940889069,0.98655
FeedForwardArbiterPUF,35,1.81,0.00546,0.9999850940889069,0.98625
FeedForwardArbiterPUF,35,1.82,0.00554,0.9999846540822515,0.98595
FeedForwardArbiterPUF,35,1.83,0.00558,0.9999844316788138,0.98577
FeedForwardArbiterPUF,35,1.84,0.0056,0.9999843198770669,0.98552
FeedForwardArbiterPUF,35,1.85,0.00566,0.999983982071713,0.98527
FeedForwardArbiterPUF,35,1.86,0.00578,0.9999832956604824,0.98507
FeedForwardArbiterPUF,35,1.87,0.00588,0.9999827126505738,0.98476
FeedForwardArbiterPUF,35,1.88,0.00586,0.9999828300525965,0.98447
FeedForwardArbiterPUF,35,1.89,0.00606,0.999981638031419,0.98409
FeedForwardArbiterPUF,35,1.9,0.0059,0.9999825948485305,0.98381
FeedForwardArbiterPUF,35,1.91,0.00594,0.9999823580443807,0.98349
FeedForwardArbiterPUF,35,1.92,0.00598,0.9999821196401464,0.98325
FeedForwardArbiterPUF,35,1.93,0.00602,0.999981879635826,0.98293
FeedForwardArbiterPUF,35,1.94,0.00606,0.999981638031419,0.98255
FeedForwardArbiterPUF,35,1.95,0.00622,0.9999806556128974,0.98223
FeedForwardArbiterPUF,35,1.96,0.0062,0.9999807798152922,0.98194
FeedForwardArbiterPUF,35,1.97,0.00614,0.9999811500223391,0.98157
FeedForwardArbiterPUF,35,1.98,0.00614,0.9999811500223392,0.98127
FeedForwardArbiterPUF,35,1.99,0.00632,0.9999800286005716,0.98094
FeedForwardArbiterPUF,35,2.0,0.00652,0.9999787445741035,0.98062
FeedForwardArbiterPUF,35,2.01,0.00656,0.9999784829685086,0.98034
FeedForwardArbiterPUF,35,2.02,0.00646,0.9999791339823048,0.97999
FeedForwardArbiterPUF,35,2.03,0.00642,0.9999793915876468,0.97967
FeedForwardArbiterPUF,35,2.04,0.00652,0.9999787445741035,0.97936
FeedForwardArbiterPUF,35,2.05,0.00656,0.9999784829685087,0.97908
FeedForwardArbiterPUF,35,2.06,0.00664,0.9999779549570079,0.9788
FeedForwardArbiterPUF,35,2.07,0.00664,0.9999779549570079,0.9785
FeedForwardArbiterPUF,35,2.08,0.007,0.9999754996998675,0.97812
FeedForwardArbiterPUF,35,2.09,0.00714,0.9999745098751268,0.97771
FeedForwardArbiterPUF,35,2.1,0.00708,0.9999749364859101,0.97742
FeedForwardArbiterPUF,35,2.11,0.00702,0.9999753594964228,0.97709
FeedForwardArbiterPUF,35,2.12,0.00692,0.9999760565133545,0.97688
FeedForwardArbiterPUF,35,2.13,0.00668,0.9999776885510995,0.97654
FeedForwardArbiterPUF,35,2.14,0.00654,0.9999786139713188,0.97629
FeedForwardArbiterPUF,35,2.15,0.0066,0.9999782197628105,0.97592
FeedForwardArbiterPUF,35,2.16,0.00642,0.9999793915876468,0.97567
FeedForwardArbiterPUF,35,2.17,0.00634,0.9999799019980352,0.97541
FeedForwardArbiterPUF,35,2.18,0.0064,0.9999795197902804,0.97518
FeedForwardArbiterPUF,35,2.19,0.00658,0.9999783515656726,0.97489
FeedForwardArbiterPUF,35,2.2,0.00646,0.9999791339823046,0.97449
FeedForwardArbiterPUF,35,2.21,0.00652,0.9999787445741035,0.9741
FeedForwardArbiterPUF,35,2.22,0.00646,0.9999791339823048,0.97389
FeedForwardArbiterPUF,35,2.23,0.00642,0.9999793915876468,0.97359
FeedForwardArbiterPUF,35,2.24,0.00626,0.9999804060080378,0.97323
FeedForwardArbiterPUF,35,2.25,0.00608,0.9999815166291824,0.97288
FeedForwardArbiterPUF,35,2.26,0.00606,0.999981638031419,0.97243
FeedForwardArbiterPUF,35,2.27,0.0061,0.9999813948269238,0.97223
FeedForwardArbiterPUF,35,2.28,0.00608,0.9999815166291826,0.9719
FeedForwardArbiterPUF,35,2.29,0.0059,0.9999825948485304,0.97159
FeedForwardArbiterPUF,35,2.3,0.006,0.999981999837997,0.9712
FeedForwardArbiterPUF,35,2.31,0.00602,0.9999818796358261,0.97091
FeedForwardArbiterPUF,35,2.32,0.00602,0.999981879635826,0.97057
FeedForwardArbiterPUF,35,2.33,0.006,0.9999819998379968,0.97024
FeedForwardArbiterPUF,35,2.34,0.00602,0.9999818796358261,0.96983
FeedForwardArbiterPUF,35,2.35,0.0059,0.9999825948485304,0.96947
FeedForwardArbiterPUF,35,2.36,0.00592,0.999982476646466,0.96914
FeedForwardArbiterPUF,35,2.37,0.00594,0.9999823580443807,0.96891
FeedForwardArbiterPUF,35,2.38,0.00604,0.9999817590336334,0.96856
FeedForwardArbiterPUF,35,2.39,0.00602,0.9999818796358261,0.96835
FeedForwardArbiterPUF,35,2.4,0.00628,0.9999802806055729,0.96804
FeedForwardArbiterPUF,35,2.41,0.0062,0.9999807798152922,0.96778
FeedForwardArbiterPUF,35,2.42,0.00606,0.999981638031419,0.96737
FeedForwardArbiterPUF,35,2.43,0.00598,0.9999821196401463,0.96711
FeedForwardArbiterPUF,35,2.44,0.0059,0.9999825948485304,0.96673
FeedForwardArbiterPUF,35,2.45,0.00572,0.9999836406661861,0.96636
FeedForwardArbiterPUF,35,2.46,0.00566,0.9999839820717131,0.96607
FeedForwardArbiterPUF,35,2.47,0.00528,0.9999860607028479,0.9657
FeedForwardArbiterPUF,35,2.48,0.00552,0.9999847646839426,0.96524
FeedForwardArbiterPUF,35,2.49,0.00536,0.9999856350968247,0.96484
FeedForwardArbiterPUF,35,2.5,0.00526,0.9999861661043116,0.96451
FeedForwardArbiterPUF,35,2.51,0.00526,0.9999861661043117,0.96419
FeedForwardArbiterPUF,35,2.52,0.00546,0.9999850940889069,0.96393
FeedForwardArbiterPUF,35,2.53,0.0055,0.9999848748856156,0.96357
FeedForwardArbiterPUF,35,2.54,0.00564,0.9999840950735167,0.96318
FeedForwardArbiterPUF,35,2.55,0.00548,0.9999849846872704,0.96292
FeedForwardArbiterPUF,35,2.56,0.00538,0.9999855276952759,0.96265
FeedForwardArbiterPUF,35,2.57,0.0056,0.9999843198770669,0.96234
FeedForwardArbiterPUF,35,2.58,0.00574,0.999983526064305,0.96203
FeedForwardArbiterPUF,35,2.59,0.00554,0.9999846540822515,0.96165
FeedForwardArbiterPUF,35,2.6,0.00556,0.9999845430805419,0.96136
FeedForwardArbiterPUF,35,2.61,0.00566,0.9999839820717131,0.96087
FeedForwardArbiterPUF,35,2.62,0.00572,0.9999836406661861,0.9607
FeedForwardArbiterPUF,35,2.63,0.00582,0.9999830636565801,0.96037
FeedForwardArbiterPUF,35,2.64,0.00556,0.9999845430805417,0.96012
FeedForwardArbiterPUF,35,2.65,0.00532,0.9999858486998703,0.95978
FeedForwardArbiterPUF,35,2.66,0.00516,0.9999866871113836,0.9593
FeedForwardArbiterPUF,35,2.67,0.00524,0.9999862711057588,0.959
FeedForwardArbiterPUF,35,2.68,0.00558,0.9999844316788139,0.95867
FeedForwardArbiterPUF,35,2.69,0.00568,0.99998386866989,0.95828
FeedForwardArbiterPUF,35,2.7,0.0058,0.9999831798585413,0.95784
FeedForwardArbiterPUF,35,2.71,0.0061,0.9999813948269238,0.95739
FeedForwardArbiterPUF,35,2.72,0.00612,0.9999812726246426,0.95698
FeedForwardArbiterPUF,35,2.73,0.00622,0.9999806556128974,0.95657
FeedForwardArbiterPUF,35,2.74,0.00612,0.9999812726246428,0.9563
FeedForwardArbiterPUF,35,2.75,0.00594,0.9999823580443807,0.95601
FeedForwardArbiterPUF,35,2.76,0.0059,0.9999825948485302,0.95569
FeedForwardArbiterPUF,35,2.77,0.00596,0.9999822390422742,0.95536
FeedForwardArbiterPUF,35,2.78,0.00594,0.9999823580443807,0.95507
FeedForwardArbiterPUF,35,2.79,0.006,0.9999819998379968,0.95466
FeedForwardArbiterPUF,35,2.8,0.00618,0.999980903617664,0.95431
FeedForwardArbiterPUF,35,2.81,0.00612,0.9999812726246426,0.95404
FeedForwardArbiterPUF,35,2.82,0.00614,0.9999811500223392,0.95375
FeedForwardArbiterPUF,35,2.83,0.00636,0.9999797749954745,0.95344
FeedForwardArbiterPUF,35,2.84,0.00638,0.9999796475928897,0.95301
FeedForwardArbiterPUF,35,2.85,0.00642,0.9999793915876469,0.95253
FeedForwardArbiterPUF,35,2.86,0.00654,0.9999786139713189,0.95213
FeedForwardArbiterPUF,35,2.87,0.0064,0.9999795197902804,0.95178
FeedForwardArbiterPUF,35,2.88,0.00636,0.9999797749954745,0.9515
FeedForwardArbiterPUF,35,2.89,0.0063,0.9999801548030842,0.95113
FeedForwardArbiterPUF,35,2.9,0.00614,0.9999811500223392,0.95071
FeedForwardArbiterPUF,35,2.91,0.00642,0.9999793915876468,0.95031
FeedForwardArbiterPUF,35,2.92,0.00634,0.9999799019980351,0.94997
FeedForwardArbiterPUF,35,2.93,0.00648,0.9999790045795961,0.9496
FeedForwardArbiterPUF,35,2.94,0.00638,0.9999796475928897,0.94915
FeedForwardArbiterPUF,35,2.95,0.00648,0.9999790045795961,0.94876
FeedForwardArbiterPUF,35,2.96,0.0065,0.9999788747768624,0.94839
FeedForwardArbiterPUF,35,2.97,0.00666,0.9999778219540671,0.94807
FeedForwardArbiterPUF,35,2.98,0.00666,0.9999778219540673,0.94769
FeedForwardArbiterPUF,35,2.99,0.00668,0.9999776885510996,0.94742
FeedForwardArbiterPUF,35,3.0,0.0066,0.9999782197628108,0.94706
FeedForwardArbiterPUF,40,0.5,0.0052,0.9999864799086036,0.97957
FeedForwardArbiterPUF,40,0.51,0.00522,0.9999863757071893,0.97976
FeedForwardArbiterPUF,40,0.52,0.00524,0.9999862711057588,0.97989
FeedForwardArbiterPUF,40,0.53,0.00536,0.9999856350968247,0.98005
FeedForwardArbiterPUF,40,0.54,0.00554,0.9999846540822516,0.98024
FeedForwardArbiterPUF,40,0.55,0.0056,0.9999843198770668,0.98033
FeedForwardArbiterPUF,40,0.56,0.00564,0.9999840950735167,0.98047
FeedForwardArbiterPUF,40,0.57,0.00558,0.9999844316788137,0.9807
FeedForwardArbiterPUF,40,0.58,0.00556,0.9999845430805417,0.98083
FeedForwardArbiterPUF,40,0.59,0.00552,0.9999847646839427,0.98097
FeedForwardArbiterPUF,40,0.6,0.00548,0.9999849846872703,0.98113
FeedForwardArbiterPUF,40,0.61,0.00548,0.9999849846872702,0.98133
FeedForwardArbiterPUF,40,0.62,0.00548,0.9999849846872703,0.98149
FeedForwardArbiterPUF,40,0.63,0.0057,0.9999837548680479,0.98168
FeedForwardArbiterPUF,40,0.64,0.00564,0.9999840950735167,0.98191
FeedForwardArbiterPUF,40,0.65,0.00558,0.9999844316788137,0.9821
FeedForwardArbiterPUF,40,0.66,0.00562,0.999984207675301,0.9823
FeedForwardArbiterPUF,40,0.67,0.00568,0.99998386866989,0.98251
FeedForwardArbiterPUF,40,0.68,0.0057,0.9999837548680479,0.98268
FeedForwardArbiterPUF,40,0.69,0.00572,0.9999836406661862,0.98291
FeedForwardArbiterPUF,40,0.7,0.0058,0.9999831798585413,0.98309
FeedForwardArbiterPUF,40,0.71,0.00576,0.9999834110624036,0.98329
FeedForwardArbiterPUF,40,0.72,0.00572,0.9999836406661861,0.98351
FeedForwardArbiterPUF,40,0.73,0.00568,0.9999838686698899,0.98371
FeedForwardArbiterPUF,40,0.74,0.00566,0.999983982071713,0.98394
FeedForwardArbiterPUF,40,0.75,0.00568,0.99998386866989,0.98419
FeedForwardArbiterPUF,40,0.76,0.00588,0.9999827126505738,0.98445
FeedForwardArbiterPUF,40,0.77,0.00576,0.9999834110624036,0.98467
FeedForwardArbiterPUF,40,0.78,0.00578,0.9999832956604825,0.98488
FeedForwardArbiterPUF,40,0.79,0.00562,0.999984207675301,0.98516
FeedForwardArbiterPUF,40,0.8,0.00544,0.9999852030905259,0.98541
FeedForwardArbiterPUF,40,0.81,0.00528,0.9999860607028478,0.98565
FeedForwardArbiterPUF,40,0.82,0.00508,0.9999870967167526,0.98587
FeedForwardArbiterPUF,40,0.83,0.00524,0.9999862711057588,0.98619
FeedForwardArbiterPUF,40,0.84,0.0053,0.9999859549013677,0.98642
FeedForwardArbiterPUF,40,0.85,0.00538,0.999985527695276,0.98662
FeedForwardArbiterPUF,40,0.86,0.00526,0.9999861661043117,0.98682
FeedForwardArbiterPUF,40,0.87,0.00532,0.9999858486998704,0.98703
FeedForwardArbiterPUF,40,0.88,0.00538,0.9999855276952759,0.98728
FeedForwardArbiterPUF,40,0.89,0.00534,0.9999857420983559,0.98756
FeedForwardArbiterPUF,40,0.9,0.0054,0.9999854198937105,0.98787
FeedForwardArbiterPUF,40,0.91,0.00544,0.9999852030905259,0.98819
FeedForwardArbiterPUF,40,0.92,0.00544,0.9999852030905259,0.98845
FeedForwardArbiterPUF,40,0.93,0.00538,0.999985527695276,0.98872
FeedForwardArbiterPUF,40,0.94,0.00542,0.9999853116921269,0.98904
FeedForwardArbiterPUF,40,0.95,0.00534,0.9999857420983559,0.9893
FeedForwardArbiterPUF,40,0.96,0.00528,0.9999860607028479,0.98953
FeedForwardArbiterPUF,40,0.97,0.00514,0.9999867901127493,0.98978
FeedForwardArbiterPUF,40,0.98,0.00522,0.9999863757071892,0.99018
FeedForwardArbiterPUF,40,0.99,0.00516,0.9999866871113836,0.99043
FeedForwardArbiterPUF,40,1.0,0.00498,0.9999875997231167,0.99068
FeedForwardArbiterPUF,40,1.01,0.00472,0.9999888607379585,0.99097
FeedForwardArbiterPUF,40,1.02,0.00458,0.9999895117449983,0.99126
FeedForwardArbiterPUF,40,1.03,0.00456,0.9999896031459526,0.99157
FeedForwardArbiterPUF,40,1.04,0.00484,0.9999882871314044,0.99181
FeedForwardArbiterPUF,40,1.05,0.0047,0.9999889549390033,0.99214
FeedForwardArbiterPUF,40,1.06,0.00476,0.9999886711358286,0.99235
FeedForwardArbiterPUF,40,1.07,0.00486,0.9999881901302637,0.99256
FeedForwardArbiterPUF,40,1.08,0.005,0.9999874999218739,0.99289
FeedForwardArbiterPUF,40,1.09,0.00528,0.9999860607028478,0.99319
FeedForwardArbiterPUF,40,1.1,0.00518,0.9999865837100015,0.99342
FeedForwardArbiterPUF,40,1.11,0.00518,0.9999865837100015,0.99364
FeedForwardArbiterPUF,40,1.12,0.00516,0.9999866871113835,0.99379
FeedForwardArbiterPUF,40,1.13,0.00512,0.9999868927140996,0.99415
FeedForwardArbiterPUF,40,1.14,0.00512,0.9999868927140995,0.99447
FeedForwardArbiterPUF,40,1.15,0.00522,0.9999863757071892,0.9947
FeedForwardArbiterPUF,40,1.16,0.00526,0.9999861661043116,0.9949
FeedForwardArbiterPUF,40,1.17,0.00528,0.9999860607028479,0.99519
FeedForwardArbiterPUF,40,1.18,0.00524,0.9999862711057588,0.99545
FeedForwardArbiterPUF,40,1.19,0.00502,0.9999873997206163,0.99568
FeedForwardArbiterPUF,40,1.2,0.00498,0.9999875997231168,0.99598
FeedForwardArbiterPUF,40,1.21,0.00496,0.9999876991243444,0.99615
FeedForwardArbiterPUF,40,1.22,0.00494,0.9999877981255573,0.9964
FeedForwardArbiterPUF,40,1.23,0.00502,0.9999873997206163,0.99664
FeedForwardArbiterPUF,40,1.24,0.00498,0.9999875997231168,0.99704
FeedForwardArbiterPUF,40,1.25,0.00516,0.9999866871113836,0.99731
FeedForwardArbiterPUF,40,1.26,0.00516,0.9999866871113836,0.99765
FeedForwardArbiterPUF,40,1.27,0.00524,0.9999862711057587,0.99791
FeedForwardArbiterPUF,40,1.28,0.00516,0.9999866871113836,0.99809
FeedForwardArbiterPUF,40,1.29,0.00524,0.9999862711057588,0.99839
FeedForwardArbiterPUF,40,1.3,0.00516,0.9999866871113836,0.99861
FeedForwardArbiterPUF,40,1.31,0.0052,0.9999864799086036,0.99889
FeedForwardArbiterPUF,40,1.32,0.0051,0.9999869949154339,0.9992
FeedForwardArbiterPUF,40,1.33,0.00496,0.9999876991243443,0.99951
FeedForwardArbiterPUF,40,1.34,0.00492,0.9999878967267555,0.99977
FeedForwardArbiterPUF,40,1.35,0.0049,0.9999879949279391,1.0
FeedForwardArbiterPUF,40,1.36,0.0049,0.9999879949279391,0.9998
FeedForwardArbiterPUF,40,1.37,0.0048,0.9999884799336439,0.99955
FeedForwardArbiterPUF,40,1.38,0.0048,0.9999884799336439,0.99925
FeedForwardArbiterPUF,40,1.39,0.0048,0.9999884799336439,0.99893
FeedForwardArbiterPUF,40,1.4,0.00498,0.9999875997231166,0.99864
FeedForwardArbiterPUF,40,1.41,0.00508,0.9999870967167526,0.99833
FeedForwardArbiterPUF,40,1.42,0.00502,0.9999873997206163,0.99806
FeedForwardArbiterPUF,40,1.43,0.00502,0.9999873997206163,0.9978
FeedForwardArbiterPUF,40,1.44,0.00516,0.9999866871113835,0.99743
FeedForwardArbiterPUF,40,1.45,0.00506,0.9999871981180559,0.99724
FeedForwardArbiterPUF,40,1.46,0.00522,0.9999863757071893,0.99698
FeedForwardArbiterPUF,40,1.47,0.00524,0.9999862711057587,0.99673
FeedForwardArbiterPUF,40,1.48,0.00524,0.9999862711057588,0.99647
FeedForwardArbiterPUF,40,1.49,0.0052,0.9999864799086037,0.99617
FeedForwardArbiterPUF,40,1.5,0.00536,0.9999856350968247,0.99589
FeedForwardArbiterPUF,40,1.51,0.0053,0.9999859549013679,0.99564
FeedForwardArbiterPUF,40,1.52,0.00534,0.9999857420983559,0.99542
FeedForwardArbiterPUF,40,1.53,0.00538,0.9999855276952759,0.99516
FeedForwardArbiterPUF,40,1.54,0.00524,0.9999862711057587,0.99487
FeedForwardArbiterPUF,40,1.55,0.00526,0.9999861661043117,0.99456
FeedForwardArbiterPUF,40,1.56,0.00522,0.9999863757071892,0.99428
FeedForwardArbiterPUF,40,1.57,0.00534,0.999985742098356,0.994
FeedForwardArbiterPUF,40,1.58,0.00548,0.9999849846872703,0.99373
FeedForwardArbiterPUF,40,1.59,0.0057,0.9999837548680479,0.99346
FeedForwardArbiterPUF,40,1.6,0.00554,0.9999846540822515,0.99306
FeedForwardArbiterPUF,40,1.61,0.00534,0.9999857420983559,0.99272
FeedForwardArbiterPUF,40,1.62,0.0056,0.9999843198770669,0.99235
FeedForwardArbiterPUF,40,1.63,0.00572,0.9999836406661862,0.99209
FeedForwardArbiterPUF,40,1.64,0.0058,0.9999831798585413,0.99177
FeedForwardArbiterPUF,40,1.65,0.00566,0.9999839820717131,0.99148
FeedForwardArbiterPUF,40,1.66,0.00572,0.9999836406661861,0.99127
FeedForwardArbiterPUF,40,1.67,0.00574,0.999983526064305,0.99102
FeedForwardArbiterPUF,40,1.68,0.00578,0.9999832956604825,0.99072
FeedForwardArbiterPUF,40,1.69,0.00596,0.9999822390422741,0.99037
FeedForwardArbiterPUF,40,1.7,0.00588,0.9999827126505738,0.99007
FeedForwardArbiterPUF,40,1.71,0.00566,0.9999839820717131,0.98978
FeedForwardArbiterPUF,40,1.72,0.0057,0.9999837548680479,0.9895
FeedForwardArbiterPUF,40,1.73,0.006,0.9999819998379968,0.98915
FeedForwardArbiterPUF,40,1.74,0.00592,0.9999824766464659,0.98891
FeedForwardArbiterPUF,40,1.75,0.00586,0.9999828300525966,0.9886
FeedForwardArbiterPUF,40,1.76,0.00586,0.9999828300525966,0.98826
FeedForwardArbiterPUF,40,1.77,0.00612,0.9999812726246426,0.98797
FeedForwardArbiterPUF,40,1.78,0.00604,0.9999817590336334,0.98775
FeedForwardArbiterPUF,40,1.79,0.00602,0.999981879635826,0.98738
FeedForwardArbiterPUF,40,1.8,0.00598,0.9999821196401462,0.98706
FeedForwardArbiterPUF,40,1.81,0.00578,0.9999832956604825,0.98674
FeedForwardArbiterPUF,40,1.82,0.00556,0.9999845430805417,0.98637
FeedForwardArbiterPUF,40,1.83,0.00552,0.9999847646839427,0.98613
FeedForwardArbiterPUF,40,1.84,0.00538,0.999985527695276,0.98588
FeedForwardArbiterPUF,40,1.85,0.00544,0.9999852030905259,0.98557
FeedForwardArbiterPUF,40,1.86,0.0056,0.9999843198770668,0.98531
FeedForwardArbiterPUF,40,1.87,0.00566,0.999983982071713,0.98514
FeedForwardArbiterPUF,40,1.88,0.0056,0.9999843198770668,0.98489
FeedForwardArbiterPUF,40,1.89,0.00564,0.9999840950735168,0.98461
FeedForwardArbiterPUF,40,1.9,0.00582,0.99998306365658,0.9844
FeedForwardArbiterPUF,40,1.91,0.00588,0.9999827126505738,0.98413
FeedForwardArbiterPUF,40,1.92,0.00586,0.9999828300525966,0.98384
FeedForwardArbiterPUF,40,1.93,0.006,0.9999819998379968,0.98345
FeedForwardArbiterPUF,40,1.94,0.00596,0.9999822390422742,0.98319
FeedForwardArbiterPUF,40,1.95,0.00594,0.9999823580443807,0.98288
FeedForwardArbiterPUF,40,1.96,0.00592,0.9999824766464659,0.98265
FeedForwardArbiterPUF,40,1.97,0.00598,0.9999821196401462,0.98232
FeedForwardArbiterPUF,40,1.98,0.00608,0.9999815166291826,0.98195
FeedForwardArbiterPUF,40,1.99,0.0062,0.9999807798152922,0.98163
FeedForwardArbiterPUF,40,2.0,0.0062,0.9999807798152922,0.98135
FeedForwardArbiterPUF,40,2.01,0.00614,0.9999811500223391,0.98098
FeedForwardArbiterPUF,40,2.02,0.00614,0.9999811500223392,0.98068
FeedForwardArbiterPUF,40,2.03,0.00634,0.9999799019980352,0.98036
FeedForwardArbiterPUF,40,2.04,0.00652,0.9999787445741035,0.98005
FeedForwardArbiterPUF,40,2.05,0.00656,0.9999784829685086,0.97977
FeedForwardArbiterPUF,40,2.06,0.0065,0.9999788747768624,0.97944
FeedForwardArbiterPUF,40,2.07,0.00644,0.9999792629849882,0.97909
FeedForwardArbiterPUF,40,2.08,0.00648,0.9999790045795961,0.97881
FeedForwardArbiterPUF,40,2.09,0.00654,0.9999786139713188,0.97852
FeedForwardArbiterPUF,40,2.1,0.00664,0.9999779549570079,0.97825
FeedForwardArbiterPUF,40,2.11,0.0065,0.9999788747768623,0.978
FeedForwardArbiterPUF,40,2.12,0.007,0.9999754996998674,0.97757
FeedForwardArbiterPUF,40,2.13,0.00702,0.9999753594964228,0.9772
FeedForwardArbiterPUF,40,2.14,0.00714,0.9999745098751267,0.9769
FeedForwardArbiterPUF,40,2.15,0.00704,0.9999752188929483,0.97655
FeedForwardArbiterPUF,40,2.16,0.00688,0.9999763325199251,0.97635
FeedForwardArbiterPUF,40,2.17,0.00672,0.9999774205450841,0.97607
FeedForwardArbiterPUF,40,2.18,0.0066,0.9999782197628105,0.97579
FeedForwardArbiterPUF,40,2.19,0.00666,0.9999778219540673,0.97548
FeedForwardArbiterPUF,40,2.2,0.00658,0.9999783515656727,0.97518
FeedForwardArbiterPUF,40,2.21,0.00638,0.9999796475928897,0.97492
FeedForwardArbiterPUF,40,2.22,0.0064,0.9999795197902804,0.97467
FeedForwardArbiterPUF,40,2.23,0.0065,0.9999788747768623,0.97442
FeedForwardArbiterPUF,40,2.24,0.00646,0.9999791339823048,0.97416
FeedForwardArbiterPUF,40,2.25,0.00652,0.9999787445741036,0.97369
FeedForwardArbiterPUF,40,2.26,0.00648,0.9999790045795961,0.97345
FeedForwardArbiterPUF,40,2.27,0.00644,0.9999792629849882,0.97319
FeedForwardArbiterPUF,40,2.28,0.00636,0.9999797749954745,0.97283
FeedForwardArbiterPUF,40,2.29,0.0062,0.9999807798152922,0.97251
FeedForwardArbiterPUF,40,2.3,0.0061,0.9999813948269237,0.97212
FeedForwardArbiterPUF,40,2.31,0.00604,0.9999817590336334,0.97177
FeedForwardArbiterPUF,40,2.32,0.00616,0.9999810270200129,0.97159
FeedForwardArbiterPUF,40,2.33,0.00606,0.999981638031419,0.97132
FeedForwardArbiterPUF,40,2.34,0.00584,0.9999829470545983,0.97089
FeedForwardArbiterPUF,40,2.35,0.00596,0.9999822390422743,0.97057
FeedForwardArbiterPUF,40,2.36,0.00598,0.9999821196401464,0.97026
FeedForwardArbiterPUF,40,2.37,0.00612,0.9999812726246426,0.97001
FeedForwardArbiterPUF,40,2.38,0.00596,0.9999822390422741,0.96961
FeedForwardArbiterPUF,40,2.39,0.00598,0.9999821196401464,0.96922
FeedForwardArbiterPUF,40,2.4,0.00586,0.9999828300525965,0.96886
FeedForwardArbiterPUF,40,2.41,0.0059,0.9999825948485304,0.96862
FeedForwardArbiterPUF,40,2.42,0.006,0.999981999837997,0.96835
FeedForwardArbiterPUF,40,2.43,0.00602,0.9999818796358261,0.96802
FeedForwardArbiterPUF,40,2.44,0.00604,0.9999817590336334,0.96779
FeedForwardArbiterPUF,40,2.45,0.00628,0.9999802806055726,0.96751
FeedForwardArbiterPUF,40,2.46,0.00612,0.9999812726246426,0.96723
FeedForwardArbiterPUF,40,2.47,0.00606,0.999981638031419,0.96684
FeedForwardArbiterPUF,40,2.48,0.00596,0.9999822390422742,0.96657
FeedForwardArbiterPUF,40,2.49,0.0059,0.9999825948485304,0.96622
FeedForwardArbiterPUF,40,2.5,0.00574,0.9999835260643049,0.96586
FeedForwardArbiterPUF,40,2.51,0.00566,0.9999839820717131,0.96558
FeedForwardArbiterPUF,40,2.52,0.00528,0.9999860607028479,0.96523
FeedForwardArbiterPUF,40,2.53,0.00558,0.9999844316788138,0.96482
FeedForwardArbiterPUF,40,2.54,0.00536,0.9999856350968247,0.96439
FeedForwardArbiterPUF,40,2.55,0.00532,0.9999858486998703,0.96407
FeedForwardArbiterPUF,40,2.56,0.00524,0.9999862711057588,0.96375
FeedForwardArbiterPUF,40,2.57,0.00546,0.999985094088907,0.96352
FeedForwardArbiterPUF,40,2.58,0.0056,0.9999843198770669,0.96315
FeedForwardArbiterPUF,40,2.59,0.0055,0.9999848748856156,0.9628
FeedForwardArbiterPUF,40,2.6,0.00542,0.9999853116921269,0.9625
FeedForwardArbiterPUF,40,2.61,0.0054,0.9999854198937105,0.96223
FeedForwardArbiterPUF,40,2.62,0.00554,0.9999846540822513,0.96192
FeedForwardArbiterPUF,40,2.63,0.00572,0.999983640666186,0.96161
FeedForwardArbiterPUF,40,2.64,0.00564,0.9999840950735167,0.96125
FeedForwardArbiterPUF,40,2.65,0.00554,0.9999846540822513,0.96096
FeedForwardArbiterPUF,40,2.66,0.0055,0.9999848748856156,0.96054
FeedForwardArbiterPUF,40,2.67,0.00574,0.9999835260643049,0.96028
FeedForwardArbiterPUF,40,2.68,0.00574,0.9999835260643049,0.96002
FeedForwardArbiterPUF,40,2.69,0.00564,0.9999840950735167,0.95971
FeedForwardArbiterPUF,40,2.7,0.00538,0.9999855276952759,0.9594
FeedForwardArbiterPUF,40,2.71,0.00528,0.9999860607028479,0.95909
FeedForwardArbiterPUF,40,2.72,0.0052,0.9999864799086036,0.95865
FeedForwardArbiterPUF,40,2.73,0.00542,0.9999853116921269,0.95836
FeedForwardArbiterPUF,40,2.74,0.00578,0.9999832956604825,0.95796
FeedForwardArbiterPUF,40,2.75,0.00578,0.9999832956604825,0.9576
FeedForwardArbiterPUF,40,2.76,0.00588,0.9999827126505737,0.95715
FeedForwardArbiterPUF,40,2.77,0.00612,0.9999812726246426,0.95669
FeedForwardArbiterPUF,40,2.78,0.00624,0.9999805310104791,0.95629
FeedForwardArbiterPUF,40,2.79,0.0062,0.9999807798152922,0.95599
FeedForwardArbiterPUF,40,2.8,0.00606,0.999981638031419,0.95576
FeedForwardArbiterPUF,40,2.81,0.00594,0.9999823580443807,0.9554
FeedForwardArbiterPUF,40,2.82,0.00596,0.9999822390422741,0.95509
FeedForwardArbiterPUF,40,2.83,0.00588,0.9999827126505738,0.95477
FeedForwardArbiterPUF,40,2.84,0.0059,0.9999825948485302,0.95448
FeedForwardArbiterPUF,40,2.85,0.00606,0.999981638031419,0.95408
FeedForwardArbiterPUF,40,2.86,0.00618,0.999980903617664,0.95374
FeedForwardArbiterPUF,40,2.87,0.00614,0.9999811500223392,0.95352
FeedForwardArbiterPUF,40,2.88,0.00628,0.9999802806055728,0.95321
FeedForwardArbiterPUF,40,2.89,0.00634,0.9999799019980353,0.9529
FeedForwardArbiterPUF,40,2.9,0.00642,0.9999793915876467,0.95246
FeedForwardArbiterPUF,40,2.91,0.00638,0.9999796475928898,0.952
FeedForwardArbiterPUF,40,2.92,0.00654,0.9999786139713187,0.95162
FeedForwardArbiterPUF,40,2.93,0.00644,0.9999792629849883,0.95123
FeedForwardArbiterPUF,40,2.94,0.00634,0.9999799019980352,0.951
FeedForwardArbiterPUF,40,2.95,0.0063,0.9999801548030842,0.95062
FeedForwardArbiterPUF,40,2.96,0.0062,0.9999807798152922,0.95021
FeedForwardArbiterPUF,40,2.97,0.00644,0.9999792629849883,0.94981
FeedForwardArbiterPUF,40,2.98,0.00634,0.9999799019980352,0.94948
FeedForwardArbiterPUF,40,2.99,0.00648,0.9999790045795961,0.94913
FeedForwardArbiterPUF,40,3.0,0.00634,0.9999799019980352,0.94866
