PUF,Temperature,Vdd,Bias,Std,Reliability
InterposePUF,0,0.5,-0.0393,0.9992274565883387,0.78644
InterposePUF,0,0.51,-0.03898,0.9992399909931549,0.78872
InterposePUF,0,0.52,-0.03864,0.9992531963421485,0.79077
InterposePUF,0,0.53,-0.03876,0.9992485488605924,0.79287
InterposePUF,0,0.54,-0.0389,0.9992431085576724,0.7951
InterposePUF,0,0.55,-0.03934,0.999225882571103,0.79734
InterposePUF,0,0.56,-0.03962,0.9992148195458272,0.79914
InterposePUF,0,0.57,-0.04002,0.9991988789024936,0.80096
InterposePUF,0,0.58,-0.03996,0.9992012802233593,0.80307
InterposePUF,0,0.59,-0.0398,0.9992076661034983,0.80547
InterposePUF,0,0.6,-0.03956,0.9992171968095824,0.80757
InterposePUF,0,0.61,-0.03918,0.9992321690177912,0.80964
InterposePUF,0,0.62,-0.03898,0.9992399909931546,0.81166
InterposePUF,0,0.63,-0.03874,0.999249324443104,0.81398
InterposePUF,0,0.64,-0.03778,0.9992860809598021,0.81608
InterposePUF,0,0.65,-0.03726,0.999305605107867,0.81832
InterposePUF,0,0.66,-0.03686,0.9993204392986265,0.82084
InterposePUF,0,0.67,-0.03682,0.9993219138996202,0.82316
InterposePUF,0,0.68,-0.03656,0.9993314597269517,0.82521
InterposePUF,0,0.69,-0.03634,0.9993394840593458,0.82752
InterposePUF,0,0.7,-0.03652,0.9993329223036734,0.82961
InterposePUF,0,0.71,-0.03658,0.9993307278373862,0.83204
InterposePUF,0,0.72,-0.03652,0.9993329223036734,0.83415
InterposePUF,0,0.73,-0.03672,0.9993255933878609,0.83643
InterposePUF,0,0.74,-0.03676,0.9993241227950017,0.83887
InterposePUF,0,0.75,-0.03646,0.9993351131627468,0.84142
InterposePUF,0,0.76,-0.03688,0.9993197013969054,0.84369
InterposePUF,0,0.77,-0.0367,0.999326328083074,0.84612
InterposePUF,0,0.78,-0.03662,0.9993292628558418,0.84796
InterposePUF,0,0.79,-0.0364,0.9993373004146299,0.85043
InterposePUF,0,0.8,-0.0364,0.9993373004146299,0.85261
InterposePUF,0,0.81,-0.0368,0.9993226505988947,0.85519
InterposePUF,0,0.82,-0.0372,0.9993078404575839,0.85759
InterposePUF,0,0.83,-0.03692,0.9993182243910097,0.85997
InterposePUF,0,0.84,-0.03668,0.999327062377478,0.86237
InterposePUF,0,0.85,-0.03634,0.9993394840593459,0.86476
InterposePUF,0,0.86,-0.03622,0.9993438405273734,0.86732
InterposePUF,0,0.87,-0.03578,0.9993596908020654,0.86962
InterposePUF,0,0.88,-0.03568,0.9993632660849607,0.87207
InterposePUF,0,0.89,-0.0352,0.9993802879785051,0.87495
InterposePUF,0,0.9,-0.03522,0.9993795833415849,0.87744
InterposePUF,0,0.91,-0.03502,0.9993866116773829,0.87996
InterposePUF,0,0.92,-0.03472,0.9993970790431598,0.88233
InterposePUF,0,0.93,-0.03462,0.9994005481287271,0.88502
InterposePUF,0,0.94,-0.03478,0.9993949927831338,0.88736
InterposePUF,0,0.95,-0.03468,0.999398467879554,0.89003
InterposePUF,0,0.96,-0.0351,0.9993838051519546,0.8928
InterposePUF,0,0.97,-0.03534,0.9993753471043799,0.89546
InterposePUF,0,0.98,-0.03504,0.9993859106471332,0.89799
InterposePUF,0,0.99,-0.0347,0.9993977736617188,0.9007
InterposePUF,0,1.0,-0.03458,0.9994019329579064,0.90324
InterposePUF,0,1.01,-0.0344,0.9994081448537429,0.90581
InterposePUF,0,1.02,-0.03428,0.9994122680855984,0.90827
InterposePUF,0,1.03,-0.03488,0.9993915076685412,0.91107
InterposePUF,0,1.04,-0.03472,0.9993970790431597,0.91353
InterposePUF,0,1.05,-0.03428,0.9994122680855985,0.91647
InterposePUF,0,1.06,-0.03398,0.9994225130544139,0.91904
InterposePUF,0,1.07,-0.03444,0.9994067672374447,0.92179
InterposePUF,0,1.08,-0.03458,0.9994019329579064,0.92456
InterposePUF,0,1.09,-0.035,0.9993873123068953,0.92735
InterposePUF,0,1.1,-0.03476,0.9993956886038682,0.93017
InterposePUF,0,1.11,-0.03506,0.9993852092161462,0.93284
InterposePUF,0,1.12,-0.03484,0.9993929029165658,0.93573
InterposePUF,0,1.13,-0.03522,0.999379583341585,0.9383
InterposePUF,0,1.14,-0.03498,0.9993880125356717,0.9409
InterposePUF,0,1.15,-0.03456,0.9994026247714183,0.94375
InterposePUF,0,1.16,-0.03404,0.9994204712732274,0.94675
InterposePUF,0,1.17,-0.0343,0.9994115818820594,0.94948
InterposePUF,0,1.18,-0.03326,0.9994467331478953,0.9522
InterposePUF,0,1.19,-0.03302,0.9994546911191123,0.95472
InterposePUF,0,1.2,-0.03314,0.9994507193453812,0.95756
InterposePUF,0,1.21,-0.03274,0.9994639024997352,0.96024
InterposePUF,0,1.22,-0.03326,0.9994467331478953,0.96308
InterposePUF,0,1.23,-0.03354,0.9994373759270764,0.966
InterposePUF,0,1.24,-0.0333,0.9994454012100912,0.96874
InterposePUF,0,1.25,-0.03348,0.9994393876569002,0.97157
InterposePUF,0,1.26,-0.03322,0.9994480634830405,0.9744
InterposePUF,0,1.27,-0.03338,0.9994427325264816,0.97714
InterposePUF,0,1.28,-0.0335,0.999438717480967,0.97988
InterposePUF,0,1.29,-0.03378,0.9994292929467297,0.98244
InterposePUF,0,1.3,-0.0331,0.9994520448725891,0.98516
InterposePUF,0,1.31,-0.03296,0.9994566715971235,0.98815
InterposePUF,0,1.32,-0.03294,0.9994573309551539,0.99124
InterposePUF,0,1.33,-0.03296,0.9994566715971235,0.99427
InterposePUF,0,1.34,-0.03258,0.9994691308889936,0.99722
InterposePUF,0,1.35,-0.03274,0.9994639024997352,1.0
InterposePUF,0,1.36,-0.03226,0.9994795107454678,0.99738
InterposePUF,0,1.37,-0.03224,0.9994801560811502,0.99423
InterposePUF,0,1.38,-0.03198,0.9994885089884726,0.99132
InterposePUF,0,1.39,-0.03184,0.9994929786646828,0.98823
InterposePUF,0,1.4,-0.0316,0.9995005952974716,0.98493
InterposePUF,0,1.41,-0.03112,0.9995156555052052,0.98185
InterposePUF,0,1.42,-0.03106,0.9995175218073968,0.979
InterposePUF,0,1.43,-0.03144,0.9995056410045918,0.97625
InterposePUF,0,1.44,-0.03154,0.9995024904421199,0.9732
InterposePUF,0,1.45,-0.03164,0.9994993298647077,0.97043
InterposePUF,0,1.46,-0.03154,0.9995024904421199,0.96768
InterposePUF,0,1.47,-0.0307,0.999528643911719,0.96534
InterposePUF,0,1.48,-0.03026,0.9995420613460947,0.96226
InterposePUF,0,1.49,-0.03058,0.9995323224388494,0.9596
InterposePUF,0,1.5,-0.03048,0.9995353768626701,0.95687
InterposePUF,0,1.51,-0.03072,0.9995280294218865,0.95427
InterposePUF,0,1.52,-0.03028,0.999541455668548,0.95129
InterposePUF,0,1.53,-0.03044,0.9995365958282869,0.94875
InterposePUF,0,1.54,-0.02998,0.9995504987743239,0.94608
InterposePUF,0,1.55,-0.02996,0.9995510984436964,0.94331
InterposePUF,0,1.56,-0.02942,0.9995671381152943,0.94058
InterposePUF,0,1.57,-0.0284,0.9995966386498106,0.93799
InterposePUF,0,1.58,-0.02806,0.9996062406767978,0.93558
InterposePUF,0,1.59,-0.02774,0.9996151721537644,0.93316
InterposePUF,0,1.6,-0.0274,0.9996245495184681,0.93069
InterposePUF,0,1.61,-0.0273,0.9996272855419664,0.92788
InterposePUF,0,1.62,-0.02702,0.9996348931484935,0.92512
InterposePUF,0,1.63,-0.02726,0.9996283771482279,0.9227
InterposePUF,0,1.64,-0.02724,0.999628922350689,0.92035
InterposePUF,0,1.65,-0.02704,0.9996343523508984,0.91791
InterposePUF,0,1.66,-0.02662,0.9996456250091831,0.91536
InterposePUF,0,1.67,-0.02592,0.9996640203588404,0.91251
InterposePUF,0,1.68,-0.0255,0.9996748221296763,0.90986
InterposePUF,0,1.69,-0.02562,0.9996717539272577,0.90766
InterposePUF,0,1.7,-0.02498,0.9996879511127461,0.905
InterposePUF,0,1.71,-0.02468,0.9996954024101542,0.90229
InterposePUF,0,1.72,-0.02454,0.9996988488539937,0.89966
InterposePUF,0,1.73,-0.02438,0.9997027636252689,0.8973
InterposePUF,0,1.74,-0.0244,0.9997022756801145,0.89489
InterposePUF,0,1.75,-0.02394,0.9997133971293972,0.89216
InterposePUF,0,1.76,-0.02366,0.9997200630176429,0.88978
InterposePUF,0,1.77,-0.02384,0.9997157868114318,0.88735
InterposePUF,0,1.78,-0.0236,0.9997214812136431,0.88493
InterposePUF,0,1.79,-0.02306,0.9997340828440331,0.88248
InterposePUF,0,1.8,-0.02284,0.9997391331742497,0.88015
InterposePUF,0,1.81,-0.0231,0.9997331593980465,0.87782
InterposePUF,0,1.82,-0.02312,0.999732697074573,0.87569
InterposePUF,0,1.83,-0.02338,0.9997266504400091,0.87304
InterposePUF,0,1.84,-0.02392,0.9997138758664903,0.87121
InterposePUF,0,1.85,-0.02416,0.9997081045985374,0.86879
InterposePUF,0,1.86,-0.02426,0.999705682888719,0.8665
InterposePUF,0,1.87,-0.02414,0.9997085877394474,0.86428
InterposePUF,0,1.88,-0.0242,0.9997071371156654,0.86217
InterposePUF,0,1.89,-0.02378,0.9997172158165528,0.85964
InterposePUF,0,1.9,-0.0237,0.9997191155519635,0.85714
InterposePUF,0,1.91,-0.02366,0.9997200630176429,0.855
InterposePUF,0,1.92,-0.02356,0.9997224246759696,0.85277
InterposePUF,0,1.93,-0.0229,0.9997377606152527,0.85074
InterposePUF,0,1.94,-0.02224,0.9997526606116134,0.84857
InterposePUF,0,1.95,-0.02214,0.9997548801581315,0.84622
InterposePUF,0,1.96,-0.02238,0.9997495364340009,0.8438
InterposePUF,0,1.97,-0.02192,0.9997597279346672,0.84171
InterposePUF,0,1.98,-0.02122,0.9997748304493368,0.83944
InterposePUF,0,1.99,-0.02072,0.9997853177557671,0.83761
InterposePUF,0,2.0,-0.02072,0.9997853177557671,0.83543
InterposePUF,0,2.01,-0.02108,0.9997777921118272,0.83327
InterposePUF,0,2.02,-0.021,0.9997794756845132,0.83121
InterposePUF,0,2.03,-0.02064,0.9997869725096442,0.82911
InterposePUF,0,2.04,-0.02006,0.9997987779548444,0.82738
InterposePUF,0,2.05,-0.01956,0.9998086848992661,0.82553
InterposePUF,0,2.06,-0.0187,0.9998251397119398,0.82362
InterposePUF,0,2.07,-0.01822,0.9998340020223357,0.82146
InterposePUF,0,2.08,-0.0182,0.9998343662827358,0.81951
InterposePUF,0,2.09,-0.01846,0.9998295996818656,0.81756
InterposePUF,0,2.1,-0.01826,0.9998332723009372,0.8154
InterposePUF,0,2.11,-0.0182,0.9998343662827357,0.81357
InterposePUF,0,2.12,-0.0181,0.999836181581763,0.81154
InterposePUF,0,2.13,-0.01812,0.9998358193223524,0.80975
InterposePUF,0,2.14,-0.01794,0.9998390652500032,0.80776
InterposePUF,0,2.15,-0.0171,0.999853784310486,0.8059
InterposePUF,0,2.16,-0.01694,0.9998565079050095,0.80418
InterposePUF,0,2.17,-0.01674,0.999859876382686,0.8021
InterposePUF,0,2.18,-0.0164,0.9998655109563485,0.80037
InterposePUF,0,2.19,-0.01656,0.9998628737982024,0.79829
InterposePUF,0,2.2,-0.0166,0.9998622105070276,0.79629
InterposePUF,0,2.21,-0.01704,0.9998548086597374,0.79443
InterposePUF,0,2.22,-0.01724,0.9998513801560709,0.79249
InterposePUF,0,2.23,-0.01684,0.9998581971459753,0.79077
InterposePUF,0,2.24,-0.01684,0.9998581971459753,0.78883
InterposePUF,0,2.25,-0.01648,0.9998641955785794,0.78723
InterposePUF,0,2.26,-0.01648,0.9998641955785794,0.78575
InterposePUF,0,2.27,-0.01634,0.9998664932879787,0.78406
InterposePUF,0,2.28,-0.01634,0.9998664932879787,0.7823
InterposePUF,0,2.29,-0.01614,0.9998697417163896,0.78082
InterposePUF,0,2.3,-0.016,0.9998719918069512,0.77943
InterposePUF,0,2.31,-0.01624,0.9998681225041631,0.77797
InterposePUF,0,2.32,-0.01626,0.9998677974612443,0.77632
InterposePUF,0,2.33,-0.0163,0.9998671461749307,0.77452
InterposePUF,0,2.34,-0.01632,0.9998668199315346,0.77289
InterposePUF,0,2.35,-0.01566,0.9998773746815158,0.77126
InterposePUF,0,2.36,-0.01568,0.9998770612430309,0.76957
InterposePUF,0,2.37,-0.0151,0.999885988500689,0.76816
InterposePUF,0,2.38,-0.01456,0.9998939975817436,0.76671
InterposePUF,0,2.39,-0.01348,0.9999091406722914,0.76527
InterposePUF,0,2.4,-0.01326,0.999912082335242,0.7632
InterposePUF,0,2.41,-0.01296,0.9999160156733164,0.76157
InterposePUF,0,2.42,-0.01288,0.9999170493595957,0.75991
InterposePUF,0,2.43,-0.0131,0.9999141913184351,0.75848
InterposePUF,0,2.44,-0.01272,0.9999190975273952,0.75711
InterposePUF,0,2.45,-0.01278,0.9999183324652069,0.75558
InterposePUF,0,2.46,-0.0124,0.9999231170445055,0.75411
InterposePUF,0,2.47,-0.01268,0.9999196055683678,0.75251
InterposePUF,0,2.48,-0.0125,0.9999218719480037,0.75094
InterposePUF,0,2.49,-0.0119,0.9999291924931485,0.74936
InterposePUF,0,2.5,-0.0116,0.9999327177365486,0.74777
InterposePUF,0,2.51,-0.01132,0.9999359267473091,0.74643
InterposePUF,0,2.52,-0.01154,0.999933411983018,0.7449
InterposePUF,0,2.53,-0.0111,0.9999383931022952,0.74328
InterposePUF,0,2.54,-0.01086,0.999941028461179,0.74202
InterposePUF,0,2.55,-0.01066,0.999943180585777,0.74062
InterposePUF,0,2.56,-0.0109,0.9999405932354181,0.73934
InterposePUF,0,2.57,-0.0107,0.9999427533614111,0.73796
InterposePUF,0,2.58,-0.01028,0.9999471594039359,0.73661
InterposePUF,0,2.59,-0.01024,0.9999475698255382,0.73519
InterposePUF,0,2.6,-0.00988,0.9999511916088704,0.73381
InterposePUF,0,2.61,-0.01022,0.999947774436245,0.7327
InterposePUF,0,2.62,-0.00972,0.9999527596841764,0.73169
InterposePUF,0,2.63,-0.00892,0.9999602160086171,0.73065
InterposePUF,0,2.64,-0.00916,0.9999580463199443,0.72919
InterposePUF,0,2.65,-0.00944,0.9999554422073015,0.72801
InterposePUF,0,2.66,-0.00926,0.9999571252808793,0.72672
InterposePUF,0,2.67,-0.00922,0.9999574948966579,0.72576
InterposePUF,0,2.68,-0.00952,0.9999546837732198,0.72455
InterposePUF,0,2.69,-0.0091,0.9999585941427775,0.72304
InterposePUF,0,2.7,-0.00934,0.9999563812487022,0.7217
InterposePUF,0,2.71,-0.009,0.9999594991798418,0.72065
InterposePUF,0,2.72,-0.00878,0.9999614550571438,0.71956
InterposePUF,0,2.73,-0.00872,0.9999619800772428,0.71819
InterposePUF,0,2.74,-0.0082,0.9999663794348288,0.71691
InterposePUF,0,2.75,-0.00792,0.9999686363081595,0.71563
InterposePUF,0,2.76,-0.00754,0.9999715737959756,0.71424
InterposePUF,0,2.77,-0.00758,0.9999712713873333,0.71312
InterposePUF,0,2.78,-0.00692,0.9999760565133544,0.71217
InterposePUF,0,2.79,-0.00682,0.9999767435295683,0.71116
InterposePUF,0,2.8,-0.00654,0.9999786139713188,0.7102
InterposePUF,0,2.81,-0.0064,0.9999795197902804,0.70917
InterposePUF,0,2.82,-0.00616,0.9999810270200129,0.70793
InterposePUF,0,2.83,-0.00642,0.9999793915876468,0.70658
InterposePUF,0,2.84,-0.00642,0.9999793915876467,0.70552
InterposePUF,0,2.85,-0.00648,0.9999790045795961,0.70429
InterposePUF,0,2.86,-0.00594,0.9999823580443807,0.70318
InterposePUF,0,2.87,-0.00576,0.9999834110624035,0.70207
InterposePUF,0,2.88,-0.0061,0.9999813948269238,0.7009
InterposePUF,0,2.89,-0.00614,0.9999811500223392,0.70004
InterposePUF,0,2.9,-0.00626,0.9999804060080378,0.69882
InterposePUF,0,2.91,-0.00654,0.9999786139713187,0.69782
InterposePUF,0,2.92,-0.0057,0.999983754868048,0.69686
InterposePUF,0,2.93,-0.0053,0.9999859549013678,0.69576
InterposePUF,0,2.94,-0.0055,0.9999848748856156,0.69472
InterposePUF,0,2.95,-0.00526,0.9999861661043118,0.6937
InterposePUF,0,2.96,-0.00486,0.9999881901302636,0.6927
InterposePUF,0,2.97,-0.00492,0.9999878967267554,0.69181
InterposePUF,0,2.98,-0.00456,0.9999896031459526,0.69079
InterposePUF,0,2.99,-0.00414,0.999991430163279,0.68968
InterposePUF,0,3.0,-0.0034,0.9999942199832957,0.68857
InterposePUF,5,0.5,-0.03916,0.9992329530194649,0.7905
InterposePUF,5,0.51,-0.03934,0.999225882571103,0.79261
InterposePUF,5,0.52,-0.03898,0.9992399909931549,0.79475
InterposePUF,5,0.53,-0.03874,0.999249324443104,0.79693
InterposePUF,5,0.54,-0.03862,0.999253969519261,0.79909
InterposePUF,5,0.55,-0.03906,0.999236867014023,0.80131
InterposePUF,5,0.56,-0.039,0.9992392105997441,0.80336
InterposePUF,5,0.57,-0.0397,0.999211644247604,0.80533
InterposePUF,5,0.58,-0.03976,0.9992092585639906,0.80722
InterposePUF,5,0.59,-0.04026,0.9991892375321103,0.80923
InterposePUF,5,0.6,-0.03978,0.99920846253422,0.81153
InterposePUF,5,0.61,-0.03964,0.9992140263226892,0.81352
InterposePUF,5,0.62,-0.03928,0.9992282429955631,0.8157
InterposePUF,5,0.63,-0.03906,0.999236867014023,0.81771
InterposePUF,5,0.64,-0.03876,0.9992485488605924,0.81972
InterposePUF,5,0.65,-0.03798,0.9992784995185275,0.82217
InterposePUF,5,0.66,-0.0376,0.9992928699835699,0.82418
InterposePUF,5,0.67,-0.03694,0.9993174852868331,0.82633
InterposePUF,5,0.68,-0.037,0.9993152655693798,0.82896
InterposePUF,5,0.69,-0.03704,0.9993137837536317,0.83106
InterposePUF,5,0.7,-0.03624,0.9993431154513448,0.83326
InterposePUF,5,0.71,-0.03636,0.9993387565785687,0.83542
InterposePUF,5,0.72,-0.03662,0.9993292628558419,0.83765
InterposePUF,5,0.73,-0.03654,0.9993321912157139,0.83995
InterposePUF,5,0.74,-0.03664,0.999328529763861,0.84194
InterposePUF,5,0.75,-0.03678,0.9993233868973548,0.84445
InterposePUF,5,0.76,-0.03628,0.9993416640969194,0.8467
InterposePUF,5,0.77,-0.0365,0.9993336529908317,0.84917
InterposePUF,5,0.78,-0.03704,0.9993137837536317,0.8513
InterposePUF,5,0.79,-0.0368,0.9993226505988947,0.8536
InterposePUF,5,0.8,-0.03666,0.9993277962710735,0.85567
InterposePUF,5,0.81,-0.0364,0.9993373004146299,0.85808
InterposePUF,5,0.82,-0.0363,0.9993409378185204,0.86017
InterposePUF,5,0.83,-0.03712,0.9993108153122331,0.86278
InterposePUF,5,0.84,-0.03714,0.9993100721998152,0.86523
InterposePUF,5,0.85,-0.03668,0.9993270623774781,0.86752
InterposePUF,5,0.86,-0.03668,0.999327062377478,0.86978
InterposePUF,5,0.87,-0.03624,0.999343115451345,0.87218
InterposePUF,5,0.88,-0.0362,0.999344565202613,0.87476
InterposePUF,5,0.89,-0.03582,0.9993582578835281,0.87707
InterposePUF,5,0.9,-0.03568,0.9993632660849607,0.87948
InterposePUF,5,0.91,-0.03518,0.9993809922146807,0.88237
InterposePUF,5,0.92,-0.03516,0.999381696050113,0.8848
InterposePUF,5,0.93,-0.03506,0.999385209216146,0.88729
InterposePUF,5,0.94,-0.03462,0.9994005481287271,0.88963
InterposePUF,5,0.95,-0.03462,0.9994005481287271,0.89231
InterposePUF,5,0.96,-0.03478,0.9993949927831338,0.89459
InterposePUF,5,0.97,-0.03458,0.9994019329579065,0.89719
InterposePUF,5,0.98,-0.03514,0.999382399484802,0.89989
InterposePUF,5,0.99,-0.03536,0.9993746396622237,0.90254
InterposePUF,5,1.0,-0.03516,0.999381696050113,0.90514
InterposePUF,5,1.01,-0.03488,0.9993915076685412,0.9077
InterposePUF,5,1.02,-0.03476,0.9993956886038681,0.91038
InterposePUF,5,1.03,-0.0344,0.9994081448537429,0.91296
InterposePUF,5,1.04,-0.03436,0.9994095208671967,0.91558
InterposePUF,5,1.05,-0.0346,0.9994012407436765,0.91794
InterposePUF,5,1.06,-0.0349,0.9993908094434328,0.92061
InterposePUF,5,1.07,-0.03448,0.9994053880182957,0.9233
InterposePUF,5,1.08,-0.03386,0.9994265857980765,0.92601
InterposePUF,5,1.09,-0.03426,0.9994129538884314,0.92869
InterposePUF,5,1.1,-0.0347,0.9993977736617187,0.93137
InterposePUF,5,1.11,-0.03486,0.9993922054929186,0.93429
InterposePUF,5,1.12,-0.03474,0.9993963840238768,0.93699
InterposePUF,5,1.13,-0.03466,0.9993991616966666,0.93977
InterposePUF,5,1.14,-0.03486,0.9993922054929187,0.94227
InterposePUF,5,1.15,-0.03526,0.9993781728655075,0.94509
InterposePUF,5,1.16,-0.03506,0.9993852092161462,0.94779
InterposePUF,5,1.17,-0.03492,0.9993901108175925,0.9502
InterposePUF,5,1.18,-0.034,0.9994218328613799,0.95318
InterposePUF,5,1.19,-0.03422,0.9994143242919824,0.95597
InterposePUF,5,1.2,-0.03408,0.9994191080822901,0.95868
InterposePUF,5,1.21,-0.0333,0.9994454012100912,0.96131
InterposePUF,5,1.22,-0.03308,0.9994527070352055,0.9639
InterposePUF,5,1.23,-0.03294,0.999457330955154,0.96669
InterposePUF,5,1.24,-0.03274,0.9994639024997352,0.96943
InterposePUF,5,1.25,-0.03336,0.9994434002983862,0.97222
InterposePUF,5,1.26,-0.0334,0.9994420643539073,0.97492
InterposePUF,5,1.27,-0.03322,0.9994480634830405,0.97777
InterposePUF,5,1.28,-0.03354,0.9994373759270763,0.98055
InterposePUF,5,1.29,-0.03322,0.9994480634830405,0.98339
InterposePUF,5,1.3,-0.0332,0.9994487280496184,0.98614
InterposePUF,5,1.31,-0.03334,0.9994440676696219,0.98879
InterposePUF,5,1.32,-0.0338,0.9994286167605968,0.99132
InterposePUF,5,1.33,-0.03302,0.9994546911191123,0.99399
InterposePUF,5,1.34,-0.03294,0.9994573309551539,0.99699
InterposePUF,5,1.35,-0.033,0.999455351679103,1.0
InterposePUF,5,1.36,-0.03292,0.9994579899125327,0.99706
InterposePUF,5,1.37,-0.0325,0.9994717354682923,0.99419
InterposePUF,5,1.38,-0.03266,0.9994665198994913,0.99139
InterposePUF,5,1.39,-0.03234,0.9994769253964797,0.98885
InterposePUF,5,1.4,-0.03216,0.9994827334176413,0.98582
InterposePUF,5,1.41,-0.03194,0.999489788041879,0.98317
InterposePUF,5,1.42,-0.03162,0.9994999627813901,0.98009
InterposePUF,5,1.43,-0.03176,0.9994955239519585,0.97686
InterposePUF,5,1.44,-0.03128,0.9995106610737076,0.97384
InterposePUF,5,1.45,-0.03104,0.9995181431069672,0.97104
InterposePUF,5,1.46,-0.03138,0.999507526534943,0.96861
InterposePUF,5,1.47,-0.0318,0.9994942521095355,0.96548
InterposePUF,5,1.48,-0.03162,0.9994999627813901,0.96281
InterposePUF,5,1.49,-0.03144,0.9995056410045918,0.96034
InterposePUF,5,1.5,-0.03104,0.9995181431069672,0.9578
InterposePUF,5,1.51,-0.0302,0.9995438759754373,0.9552
InterposePUF,5,1.52,-0.03024,0.9995426666230913,0.95248
InterposePUF,5,1.53,-0.03052,0.999534156294821,0.94988
InterposePUF,5,1.54,-0.03056,0.999532934124734,0.9471
InterposePUF,5,1.55,-0.03064,0.9995304849778223,0.94442
InterposePUF,5,1.56,-0.0306,0.9995317103524031,0.94166
InterposePUF,5,1.57,-0.0305,0.999534766779025,0.93923
InterposePUF,5,1.58,-0.03036,0.9995390289528467,0.93662
InterposePUF,5,1.59,-0.02996,0.9995510984436964,0.93394
InterposePUF,5,1.6,-0.02912,0.9995759228792979,0.93126
InterposePUF,5,1.61,-0.02822,0.9996017364930894,0.92879
InterposePUF,5,1.62,-0.02794,0.9996096019946991,0.92659
InterposePUF,5,1.63,-0.02742,0.9996240011124182,0.92415
InterposePUF,5,1.64,-0.02744,0.999623452305917,0.92174
InterposePUF,5,1.65,-0.0271,0.9996327275554757,0.91889
InterposePUF,5,1.66,-0.02732,0.9996267391381644,0.91644
InterposePUF,5,1.67,-0.0271,0.9996327275554757,0.91417
InterposePUF,5,1.68,-0.02744,0.999623452305917,0.91184
InterposePUF,5,1.69,-0.02714,0.9996316423563232,0.90951
InterposePUF,5,1.7,-0.02668,0.9996440254410567,0.90704
InterposePUF,5,1.71,-0.02578,0.9996676405686041,0.90427
InterposePUF,5,1.72,-0.02562,0.9996717539272577,0.90169
InterposePUF,5,1.73,-0.02554,0.9996738009971052,0.89959
InterposePUF,5,1.74,-0.02488,0.9996904448878164,0.89702
InterposePUF,5,1.75,-0.02464,0.9996963891102137,0.89432
InterposePUF,5,1.76,-0.0245,0.9996998299489702,0.89177
InterposePUF,5,1.77,-0.0244,0.9997022756801146,0.88952
InterposePUF,5,1.78,-0.02436,0.9997032511700658,0.88722
InterposePUF,5,1.79,-0.02396,0.9997129179919603,0.88456
InterposePUF,5,1.8,-0.02362,0.999721008881978,0.88227
InterposePUF,5,1.81,-0.02382,0.9997162635468125,0.87991
InterposePUF,5,1.82,-0.02356,0.9997224246759698,0.87756
InterposePUF,5,1.83,-0.02316,0.9997317712266627,0.87516
InterposePUF,5,1.84,-0.02284,0.9997391331742498,0.873
InterposePUF,5,1.85,-0.02308,0.9997336213211997,0.87064
InterposePUF,5,1.86,-0.02322,0.9997303794523801,0.86867
InterposePUF,5,1.87,-0.02334,0.9997275850950599,0.86611
InterposePUF,5,1.88,-0.0239,0.9997143542032393,0.86417
InterposePUF,5,1.89,-0.02414,0.9997085877394473,0.86213
InterposePUF,5,1.9,-0.02448,0.9997003198959176,0.85976
InterposePUF,5,1.91,-0.02418,0.9997076210572771,0.85757
InterposePUF,5,1.92,-0.02412,0.9997090704800072,0.85558
InterposePUF,5,1.93,-0.02408,0.9997100347600797,0.85316
InterposePUF,5,1.94,-0.02396,0.9997129179919604,0.85084
InterposePUF,5,1.95,-0.02374,0.999718166484935,0.84877
InterposePUF,5,1.96,-0.02354,0.999722895806633,0.84657
InterposePUF,5,1.97,-0.02318,0.9997313077022247,0.84439
InterposePUF,5,1.98,-0.0229,0.9997377606152525,0.84241
InterposePUF,5,1.99,-0.02236,0.9997499839459862,0.8403
InterposePUF,5,2.0,-0.02224,0.9997526606116134,0.83782
InterposePUF,5,2.01,-0.0221,0.9997557651746748,0.83577
InterposePUF,5,2.02,-0.02172,0.9997640929739374,0.83376
InterposePUF,5,2.03,-0.02106,0.9997782136053978,0.83175
InterposePUF,5,2.04,-0.02048,0.9997902628051544,0.82986
InterposePUF,5,2.05,-0.02088,0.9997819890356097,0.82778
InterposePUF,5,2.06,-0.02126,0.9997739806576285,0.82559
InterposePUF,5,2.07,-0.02084,0.9997828236172093,0.8237
InterposePUF,5,2.08,-0.02034,0.9997931208004985,0.82181
InterposePUF,5,2.09,-0.02002,0.9997995797158546,0.82005
InterposePUF,5,2.1,-0.01938,0.9998121901637328,0.81821
InterposePUF,5,2.11,-0.01868,0.9998255135772441,0.81608
InterposePUF,5,2.12,-0.01824,0.9998336373617364,0.81432
InterposePUF,5,2.13,-0.0182,0.9998343662827358,0.81242
InterposePUF,5,2.14,-0.01836,0.9998314409939306,0.81044
InterposePUF,5,2.15,-0.01842,0.9998303374073023,0.80833
InterposePUF,5,2.16,-0.01824,0.9998336373617362,0.80668
InterposePUF,5,2.17,-0.01814,0.9998354566627452,0.80471
InterposePUF,5,2.18,-0.0179,0.9998397821651228,0.80301
InterposePUF,5,2.19,-0.01804,0.9998372659588157,0.801
InterposePUF,5,2.2,-0.017,0.999855489558366,0.79918
InterposePUF,5,2.21,-0.01698,0.9998558294074201,0.79753
InterposePUF,5,2.22,-0.01664,0.9998615456151917,0.79552
InterposePUF,5,2.23,-0.0164,0.9998655109563485,0.79382
InterposePUF,5,2.24,-0.01658,0.9998625423526976,0.79181
InterposePUF,5,2.25,-0.0167,0.9998605452761898,0.78989
InterposePUF,5,2.26,-0.0169,0.9998571848019095,0.78801
InterposePUF,5,2.27,-0.01702,0.999855149309139,0.78623
InterposePUF,5,2.28,-0.0168,0.9998588700411675,0.78448
InterposePUF,5,2.29,-0.01672,0.9998602110295218,0.78278
InterposePUF,5,2.3,-0.0166,0.9998622105070276,0.78106
InterposePUF,5,2.31,-0.01656,0.9998628737982024,0.77962
InterposePUF,5,2.32,-0.01652,0.9998635354887185,0.77816
InterposePUF,5,2.33,-0.01626,0.9998677974612443,0.77629
InterposePUF,5,2.34,-0.01632,0.9998668199315346,0.77488
InterposePUF,5,2.35,-0.0161,0.9998703866001832,0.77339
InterposePUF,5,2.36,-0.01604,0.9998713509247076,0.77196
InterposePUF,5,2.37,-0.01628,0.9998674720181672,0.77048
InterposePUF,5,2.38,-0.01638,0.9998658388003863,0.76885
InterposePUF,5,2.39,-0.01612,0.9998700643583643,0.76728
InterposePUF,5,2.4,-0.01614,0.9998697417163896,0.76565
InterposePUF,5,2.41,-0.01542,0.9998811047319576,0.76411
InterposePUF,5,2.42,-0.0153,0.9998829481494321,0.76261
InterposePUF,5,2.43,-0.01468,0.9998922429942138,0.76126
InterposePUF,5,2.44,-0.01418,0.999899458745728,0.75987
InterposePUF,5,2.45,-0.0133,0.9999115510883951,0.75817
InterposePUF,5,2.46,-0.01292,0.9999165333166564,0.75624
InterposePUF,5,2.47,-0.01302,0.9999152362075499,0.75475
InterposePUF,5,2.48,-0.01304,0.9999149755854243,0.75326
InterposePUF,5,2.49,-0.01296,0.9999160156733164,0.7519
InterposePUF,5,2.5,-0.01254,0.9999213711087487,0.75037
InterposePUF,5,2.51,-0.01242,0.999922868825391,0.74911
InterposePUF,5,2.52,-0.01244,0.9999226202061838,0.74758
InterposePUF,5,2.53,-0.01264,0.9999201120089544,0.74594
InterposePUF,5,2.54,-0.01206,0.9999272755555775,0.74447
InterposePUF,5,2.55,-0.01188,0.9999294303099593,0.74296
InterposePUF,5,2.56,-0.01142,0.9999347896738067,0.74153
InterposePUF,5,2.57,-0.01152,0.9999336425983477,0.74024
InterposePUF,5,2.58,-0.01142,0.9999347896738067,0.73871
InterposePUF,5,2.59,-0.01084,0.999941245473953,0.73728
InterposePUF,5,2.6,-0.01074,0.9999423245367705,0.73603
InterposePUF,5,2.61,-0.0105,0.9999448734805332,0.73457
InterposePUF,5,2.62,-0.01076,0.9999421095243466,0.73346
InterposePUF,5,2.63,-0.01056,0.999944241645503,0.73208
InterposePUF,5,2.64,-0.01036,0.9999463337599671,0.73082
InterposePUF,5,2.65,-0.01022,0.999947774436245,0.72941
InterposePUF,5,2.66,-0.00986,0.9999513890184862,0.72813
InterposePUF,5,2.67,-0.01024,0.9999475698255383,0.72706
InterposePUF,5,2.68,-0.00966,0.999953341111474,0.72611
InterposePUF,5,2.69,-0.0089,0.9999603942156908,0.72511
InterposePUF,5,2.7,-0.0091,0.9999585941427777,0.72373
InterposePUF,5,2.71,-0.00942,0.9999556308156875,0.72253
InterposePUF,5,2.72,-0.00926,0.9999571252808793,0.72119
InterposePUF,5,2.73,-0.00924,0.9999573102887942,0.72034
InterposePUF,5,2.74,-0.00954,0.9999544931645641,0.71909
InterposePUF,5,2.75,-0.00912,0.9999584119352166,0.71784
InterposePUF,5,2.76,-0.00948,0.9999550637903685,0.71642
InterposePUF,5,2.77,-0.00906,0.9999589573577508,0.71539
InterposePUF,5,2.78,-0.00882,0.9999611030435134,0.71433
InterposePUF,5,2.79,-0.00876,0.9999616304638894,0.71294
InterposePUF,5,2.8,-0.00838,0.999964887183545,0.71171
InterposePUF,5,2.81,-0.00788,0.999968952318021,0.71058
InterposePUF,5,2.82,-0.0075,0.9999718746044811,0.70911
InterposePUF,5,2.83,-0.00756,0.9999714227916716,0.7079
InterposePUF,5,2.84,-0.00694,0.9999759179100264,0.70707
InterposePUF,5,2.85,-0.00692,0.9999760565133544,0.70604
InterposePUF,5,2.86,-0.00688,0.999976332519925,0.70528
InterposePUF,5,2.87,-0.00636,0.9999797749954745,0.70426
InterposePUF,5,2.88,-0.00612,0.9999812726246426,0.7031
InterposePUF,5,2.89,-0.00652,0.9999787445741035,0.70176
InterposePUF,5,2.9,-0.0067,0.9999775547481052,0.70075
InterposePUF,5,2.91,-0.00636,0.9999797749954745,0.69962
InterposePUF,5,2.92,-0.00604,0.9999817590336334,0.69858
InterposePUF,5,2.93,-0.00584,0.9999829470545984,0.69754
InterposePUF,5,2.94,-0.0057,0.9999837548680479,0.69625
InterposePUF,5,2.95,-0.00614,0.9999811500223392,0.69535
InterposePUF,5,2.96,-0.00636,0.9999797749954745,0.6942
InterposePUF,5,2.97,-0.00644,0.9999792629849883,0.6932
InterposePUF,5,2.98,-0.0066,0.9999782197628105,0.69222
InterposePUF,5,2.99,-0.00584,0.9999829470545984,0.69138
InterposePUF,5,3.0,-0.00546,0.9999850940889069,0.69035
InterposePUF,10,0.5,-0.03944,0.9992219405117163,0.79492
InterposePUF,10,0.51,-0.03924,0.9992298146072305,0.79666
InterposePUF,10,0.52,-0.03922,0.999230599811675,0.79867
InterposePUF,10,0.53,-0.03894,0.9992415505772364,0.80075
InterposePUF,10,0.54,-0.03884,0.9992454425215056,0.80296
InterposePUF,10,0.55,-0.03844,0.9992609100730397,0.80498
InterposePUF,10,0.56,-0.0389,0.9992431085576723,0.80707
InterposePUF,10,0.57,-0.03902,0.9992384298054192,0.80921
InterposePUF,10,0.58,-0.03928,0.9992282429955631,0.81138
InterposePUF,10,0.59,-0.0399,0.9992036779355848,0.81311
InterposePUF,10,0.6,-0.04012,0.9991948686817801,0.81508
InterposePUF,10,0.61,-0.03992,0.9992028790991345,0.81728
InterposePUF,10,0.62,-0.03956,0.9992171968095825,0.81948
InterposePUF,10,0.63,-0.03944,0.9992219405117162,0.82158
InterposePUF,10,0.64,-0.03906,0.9992368670140231,0.82365
InterposePUF,10,0.65,-0.03902,0.9992384298054192,0.82555
InterposePUF,10,0.66,-0.03872,0.9992500996247137,0.82774
InterposePUF,10,0.67,-0.03788,0.9992822952499459,0.82974
InterposePUF,10,0.68,-0.03724,0.9993063506252723,0.83198
InterposePUF,10,0.69,-0.03692,0.9993182243910096,0.8344
InterposePUF,10,0.7,-0.03702,0.9993145248619177,0.83675
InterposePUF,10,0.71,-0.03652,0.9993329223036735,0.8389
InterposePUF,10,0.72,-0.03614,0.9993467368236111,0.84103
InterposePUF,10,0.73,-0.0365,0.9993336529908318,0.84311
InterposePUF,10,0.74,-0.0364,0.9993373004146299,0.84544
InterposePUF,10,0.75,-0.03664,0.999328529763861,0.84756
InterposePUF,10,0.76,-0.0365,0.9993336529908317,0.84981
InterposePUF,10,0.77,-0.03668,0.999327062377478,0.85208
InterposePUF,10,0.78,-0.03662,0.9993292628558419,0.85459
InterposePUF,10,0.79,-0.03688,0.9993197013969054,0.85692
InterposePUF,10,0.8,-0.03696,0.9993167457818368,0.85914
InterposePUF,10,0.81,-0.03668,0.999327062377478,0.86118
InterposePUF,10,0.82,-0.03672,0.9993255933878606,0.8634
InterposePUF,10,0.83,-0.03644,0.9993358426475055,0.86568
InterposePUF,10,0.84,-0.03634,0.999339484059346,0.86781
InterposePUF,10,0.85,-0.03702,0.9993145248619175,0.87029
InterposePUF,10,0.86,-0.0372,0.9993078404575839,0.87264
InterposePUF,10,0.87,-0.03654,0.9993321912157139,0.87499
InterposePUF,10,0.88,-0.03672,0.9993255933878606,0.87708
InterposePUF,10,0.89,-0.03618,0.9993452894770657,0.87959
InterposePUF,10,0.9,-0.03618,0.9993452894770657,0.88207
InterposePUF,10,0.91,-0.03578,0.9993596908020654,0.88435
InterposePUF,10,0.92,-0.03576,0.9993604066601798,0.88676
InterposePUF,10,0.93,-0.0352,0.9993802879785052,0.8895
InterposePUF,10,0.94,-0.0352,0.9993802879785051,0.89204
InterposePUF,10,0.95,-0.03504,0.9993859106471334,0.89448
InterposePUF,10,0.96,-0.03464,0.9993998551130572,0.89686
InterposePUF,10,0.97,-0.0347,0.9993977736617187,0.89957
InterposePUF,10,0.98,-0.0348,0.9993942965616724,0.90172
InterposePUF,10,0.99,-0.0348,0.9993942965616724,0.90416
InterposePUF,10,1.0,-0.03506,0.999385209216146,0.90705
InterposePUF,10,1.01,-0.03536,0.9993746396622238,0.90964
InterposePUF,10,1.02,-0.03534,0.9993753471043799,0.91225
InterposePUF,10,1.03,-0.03496,0.9993887123637129,0.91454
InterposePUF,10,1.04,-0.03468,0.999398467879554,0.91722
InterposePUF,10,1.05,-0.03474,0.9993963840238768,0.91979
InterposePUF,10,1.06,-0.03428,0.9994122680855984,0.92242
InterposePUF,10,1.07,-0.03436,0.9994095208671967,0.92486
InterposePUF,10,1.08,-0.03492,0.9993901108175927,0.92736
InterposePUF,10,1.09,-0.03452,0.9994040071962891,0.92986
InterposePUF,10,1.1,-0.034,0.9994218328613799,0.93262
InterposePUF,10,1.11,-0.03398,0.999422513054414,0.93533
InterposePUF,10,1.12,-0.0344,0.9994081448537427,0.93802
InterposePUF,10,1.13,-0.0346,0.9994012407436765,0.94072
InterposePUF,10,1.14,-0.035,0.9993873123068953,0.94346
InterposePUF,10,1.15,-0.03476,0.9993956886038682,0.9462
InterposePUF,10,1.16,-0.03488,0.9993915076685412,0.94878
InterposePUF,10,1.17,-0.03486,0.9993922054929186,0.95155
InterposePUF,10,1.18,-0.03536,0.9993746396622237,0.95414
InterposePUF,10,1.19,-0.03496,0.999388712363713,0.95668
InterposePUF,10,1.2,-0.03458,0.9994019329579064,0.95931
InterposePUF,10,1.21,-0.03404,0.9994204712732274,0.96226
InterposePUF,10,1.22,-0.0342,0.9994150088927023,0.9651
InterposePUF,10,1.23,-0.03364,0.999434015030507,0.96764
InterposePUF,10,1.24,-0.03302,0.9994546911191122,0.97025
InterposePUF,10,1.25,-0.03314,0.9994507193453812,0.97289
InterposePUF,10,1.26,-0.03268,0.9994658661505156,0.9756
InterposePUF,10,1.27,-0.03288,0.9994593066253374,0.97828
InterposePUF,10,1.28,-0.03338,0.9994427325264814,0.98105
InterposePUF,10,1.29,-0.03346,0.9994400574321605,0.98379
InterposePUF,10,1.3,-0.03334,0.999444067669622,0.98655
InterposePUF,10,1.31,-0.0334,0.9994420643539073,0.98948
InterposePUF,10,1.32,-0.03324,0.9994473985157998,0.99212
InterposePUF,10,1.33,-0.0332,0.9994487280496184,0.99486
InterposePUF,10,1.34,-0.03352,0.9994380469043591,0.99748
InterposePUF,10,1.35,-0.03388,0.9994259080091928,1.0
InterposePUF,10,1.36,-0.03302,0.9994546911191123,0.99739
InterposePUF,10,1.37,-0.03296,0.9994566715971235,0.9944
InterposePUF,10,1.38,-0.03296,0.9994566715971235,0.99154
InterposePUF,10,1.39,-0.03284,0.999460621735544,0.98866
InterposePUF,10,1.4,-0.0326,0.9994684787425765,0.9859
InterposePUF,10,1.41,-0.0327,0.9994652120008981,0.98327
InterposePUF,10,1.42,-0.0324,0.9994749821781432,0.98074
InterposePUF,10,1.43,-0.03198,0.9994885089884725,0.97787
InterposePUF,10,1.44,-0.03208,0.9994853043441908,0.97514
InterposePUF,10,1.45,-0.03178,0.9994948882310504,0.97235
InterposePUF,10,1.46,-0.03168,0.9994980628295383,0.9693
InterposePUF,10,1.47,-0.03168,0.9994980628295383,0.96626
InterposePUF,10,1.48,-0.03102,0.999518764005959,0.96359
InterposePUF,10,1.49,-0.03124,0.9995119120850936,0.9611
InterposePUF,10,1.5,-0.0313,0.9995100349671333,0.95829
InterposePUF,10,1.51,-0.0316,0.9995005952974716,0.95578
InterposePUF,10,1.52,-0.03146,0.9995050116932882,0.95311
InterposePUF,10,1.53,-0.03144,0.9995056410045918,0.9505
InterposePUF,10,1.54,-0.03054,0.9995335454100577,0.94823
InterposePUF,10,1.55,-0.03032,0.9995402431118019,0.94544
InterposePUF,10,1.56,-0.03054,0.9995335454100577,0.94283
InterposePUF,10,1.57,-0.0307,0.9995286439117188,0.94023
InterposePUF,10,1.58,-0.03062,0.999531097865394,0.93783
InterposePUF,10,1.59,-0.03028,0.999541455668548,0.93504
InterposePUF,10,1.6,-0.03046,0.9995359865457569,0.93259
InterposePUF,10,1.61,-0.03,0.9995498987044117,0.93004
InterposePUF,10,1.62,-0.0298,0.9995558813793253,0.92746
InterposePUF,10,1.63,-0.0298,0.9995558813793253,0.9249
InterposePUF,10,1.64,-0.0286,0.9995909363334584,0.9225
InterposePUF,10,1.65,-0.02816,0.9996034285655487,0.92018
InterposePUF,10,1.66,-0.02792,0.9996101608127042,0.9181
InterposePUF,10,1.67,-0.02734,0.9996261923339144,0.91569
InterposePUF,10,1.68,-0.02748,0.9996223534915574,0.91312
InterposePUF,10,1.69,-0.02712,0.9996321851561204,0.91054
InterposePUF,10,1.7,-0.0274,0.999624549518468,0.90812
InterposePUF,10,1.71,-0.0271,0.9996327275554756,0.90605
InterposePUF,10,1.72,-0.02714,0.999631642356323,0.90373
InterposePUF,10,1.73,-0.027,0.9996354335456501,0.90134
InterposePUF,10,1.74,-0.02644,0.9996504020906509,0.8989
InterposePUF,10,1.75,-0.02564,0.9996712411588123,0.89642
InterposePUF,10,1.76,-0.02564,0.9996712411588122,0.89388
InterposePUF,10,1.77,-0.02542,0.9996768595901377,0.89177
InterposePUF,10,1.78,-0.02476,0.9996934242056412,0.88924
InterposePUF,10,1.79,-0.02472,0.9996944141086315,0.88674
InterposePUF,10,1.8,-0.0246,0.9996973742088152,0.88424
InterposePUF,10,1.81,-0.02436,0.9997032511700658,0.88204
InterposePUF,10,1.82,-0.0244,0.9997022756801145,0.87978
InterposePUF,10,1.83,-0.0239,0.9997143542032393,0.87721
InterposePUF,10,1.84,-0.0236,0.999721481213643,0.87498
InterposePUF,10,1.85,-0.02384,0.9997157868114318,0.87266
InterposePUF,10,1.86,-0.02352,0.9997233665369637,0.87042
InterposePUF,10,1.87,-0.0233,0.9997285181488024,0.86807
InterposePUF,10,1.88,-0.02282,0.9997395898932881,0.86601
InterposePUF,10,1.89,-0.02302,0.9997350046887425,0.86373
InterposePUF,10,1.9,-0.023,0.9997354650106197,0.86158
InterposePUF,10,1.91,-0.02322,0.9997303794523801,0.85927
InterposePUF,10,1.92,-0.02396,0.9997129179919603,0.85736
InterposePUF,10,1.93,-0.02392,0.9997138758664903,0.8554
InterposePUF,10,1.94,-0.02424,0.9997061680313871,0.85314
InterposePUF,10,1.95,-0.02448,0.9997003198959176,0.85088
InterposePUF,10,1.96,-0.02404,0.99971099743876,0.84896
InterposePUF,10,1.97,-0.024,0.9997119585160518,0.84692
InterposePUF,10,1.98,-0.02388,0.9997148321396456,0.8444
InterposePUF,10,1.99,-0.0237,0.9997191155519635,0.84243
InterposePUF,10,2.0,-0.0234,0.9997261825119917,0.8403
InterposePUF,10,2.01,-0.02374,0.9997181664849351,0.83823
InterposePUF,10,2.02,-0.0231,0.9997331593980464,0.83629
InterposePUF,10,2.03,-0.02216,0.9997544370494185,0.83434
InterposePUF,10,2.04,-0.0221,0.9997557651746748,0.83217
InterposePUF,10,2.05,-0.02238,0.9997495364340009,0.82997
InterposePUF,10,2.06,-0.02194,0.9997592892291625,0.82799
InterposePUF,10,2.07,-0.02138,0.9997714216759749,0.82595
InterposePUF,10,2.08,-0.0207,0.9997857320446216,0.82421
InterposePUF,10,2.09,-0.02052,0.9997894426327977,0.82216
InterposePUF,10,2.1,-0.02098,0.9997798955770215,0.82021
InterposePUF,10,2.11,-0.02096,0.9997803150692657,0.81816
InterposePUF,10,2.12,-0.0207,0.9997857320446216,0.81625
InterposePUF,10,2.13,-0.02018,0.9997963630659997,0.81463
InterposePUF,10,2.14,-0.02,0.999799979995999,0.81288
InterposePUF,10,2.15,-0.01912,0.9998171960913655,0.81112
InterposePUF,10,2.16,-0.01846,0.9998295996818656,0.80895
InterposePUF,10,2.17,-0.01836,0.9998314409939306,0.80724
InterposePUF,10,2.18,-0.01832,0.9998321747173371,0.80536
InterposePUF,10,2.19,-0.01832,0.9998321747173371,0.80368
InterposePUF,10,2.2,-0.01834,0.9998318080557349,0.80157
InterposePUF,10,2.21,-0.0182,0.9998343662827358,0.79996
InterposePUF,10,2.22,-0.01828,0.999832906839938,0.79812
InterposePUF,10,2.23,-0.01788,0.9998401400223936,0.79646
InterposePUF,10,2.24,-0.01796,0.9998387061921539,0.79452
InterposePUF,10,2.25,-0.01708,0.9998541261604116,0.79276
InterposePUF,10,2.26,-0.01696,0.9998561688563011,0.79118
InterposePUF,10,2.27,-0.01664,0.9998615456151917,0.78922
InterposePUF,10,2.28,-0.0164,0.9998655109563485,0.78756
InterposePUF,10,2.29,-0.0166,0.9998622105070276,0.78564
InterposePUF,10,2.3,-0.01668,0.9998608791226908,0.78374
InterposePUF,10,2.31,-0.01678,0.9998592058885091,0.78191
InterposePUF,10,2.32,-0.01712,0.9998534420603851,0.78028
InterposePUF,10,2.33,-0.017,0.9998554895583659,0.7785
InterposePUF,10,2.34,-0.01664,0.9998615456151917,0.77684
InterposePUF,10,2.35,-0.01678,0.999859205888509,0.77527
InterposePUF,10,2.36,-0.0164,0.9998655109563485,0.77374
InterposePUF,10,2.37,-0.01658,0.9998625423526976,0.77241
InterposePUF,10,2.38,-0.01612,0.9998700643583643,0.77056
InterposePUF,10,2.39,-0.01644,0.9998648540677885,0.76926
InterposePUF,10,2.4,-0.0162,0.9998687713895258,0.76792
InterposePUF,10,2.41,-0.01614,0.9998697417163896,0.76661
InterposePUF,10,2.42,-0.01628,0.9998674720181671,0.76516
InterposePUF,10,2.43,-0.01636,0.9998661662442629,0.76358
InterposePUF,10,2.44,-0.01646,0.9998645250232654,0.76199
InterposePUF,10,2.45,-0.01638,0.9998658388003864,0.76041
InterposePUF,10,2.46,-0.01554,0.9998792469093456,0.75887
InterposePUF,10,2.47,-0.0155,0.9998798677841254,0.75747
InterposePUF,10,2.48,-0.0151,0.9998859885006889,0.75611
InterposePUF,10,2.49,-0.0146,0.9998934143197463,0.75472
InterposePUF,10,2.5,-0.01346,0.9999094100967347,0.75339
InterposePUF,10,2.51,-0.01332,0.9999112848648124,0.7516
InterposePUF,10,2.52,-0.01292,0.9999165333166564,0.74992
InterposePUF,10,2.53,-0.01276,0.9999185878860338,0.74846
InterposePUF,10,2.54,-0.01336,0.9999107512173276,0.74718
InterposePUF,10,2.55,-0.01282,0.9999178204232586,0.74571
InterposePUF,10,2.56,-0.01254,0.9999213711087488,0.74427
InterposePUF,10,2.57,-0.01248,0.9999221217674904,0.74304
InterposePUF,10,2.58,-0.01268,0.9999196055683677,0.74162
InterposePUF,10,2.59,-0.01246,0.9999223711868837,0.74001
InterposePUF,10,2.6,-0.01204,0.9999275165730765,0.73856
InterposePUF,10,2.61,-0.01176,0.9999308488090564,0.73708
InterposePUF,10,2.62,-0.0113,0.9999361529617781,0.73573
InterposePUF,10,2.63,-0.01168,0.9999317864734574,0.73452
InterposePUF,10,2.64,-0.01144,0.9999345610588724,0.73304
InterposePUF,10,2.65,-0.01068,0.9999429671736284,0.73172
InterposePUF,10,2.66,-0.01072,0.9999425391491253,0.73056
InterposePUF,10,2.67,-0.01058,0.9999440302336926,0.72895
InterposePUF,10,2.68,-0.01084,0.999941245473953,0.72794
InterposePUF,10,2.69,-0.01048,0.9999450832920777,0.72664
InterposePUF,10,2.7,-0.01036,0.9999463337599671,0.72534
InterposePUF,10,2.71,-0.0103,0.9999469535930394,0.72399
InterposePUF,10,2.72,-0.00982,0.999951782637543,0.72283
InterposePUF,10,2.73,-0.01022,0.999947774436245,0.72183
InterposePUF,10,2.74,-0.00962,0.9999537267293921,0.72097
InterposePUF,10,2.75,-0.00898,0.9999596789871079,0.72001
InterposePUF,10,2.76,-0.0091,0.9999585941427775,0.71863
InterposePUF,10,2.77,-0.00942,0.9999556308156876,0.71745
InterposePUF,10,2.78,-0.0093,0.9999567540648946,0.71617
InterposePUF,10,2.79,-0.00926,0.9999571252808793,0.71527
InterposePUF,10,2.8,-0.00948,0.9999550637903686,0.7143
InterposePUF,10,2.81,-0.00904,0.9999591383651634,0.71312
InterposePUF,10,2.82,-0.00952,0.9999546837732197,0.71166
InterposePUF,10,2.83,-0.00922,0.9999574948966579,0.71055
InterposePUF,10,2.84,-0.00874,0.9999618054705888,0.70951
InterposePUF,10,2.85,-0.0087,0.9999621542838508,0.70841
InterposePUF,10,2.86,-0.0086,0.9999630193162145,0.70704
InterposePUF,10,2.87,-0.008,0.9999679994879835,0.7059
InterposePUF,10,2.88,-0.00752,0.9999717244002452,0.70456
InterposePUF,10,2.89,-0.00764,0.9999708147741114,0.70338
InterposePUF,10,2.9,-0.0075,0.9999718746044811,0.70237
InterposePUF,10,2.91,-0.0069,0.999976194716654,0.70137
InterposePUF,10,2.92,-0.0069,0.999976194716654,0.70061
InterposePUF,10,2.93,-0.00652,0.9999787445741036,0.69976
InterposePUF,10,2.94,-0.00626,0.9999804060080378,0.69863
InterposePUF,10,2.95,-0.0062,0.9999807798152922,0.69754
InterposePUF,10,2.96,-0.00642,0.9999793915876468,0.69629
InterposePUF,10,2.97,-0.00638,0.9999796475928897,0.69535
InterposePUF,10,2.98,-0.00636,0.9999797749954745,0.69426
InterposePUF,10,2.99,-0.00584,0.9999829470545984,0.69322
InterposePUF,10,3.0,-0.00586,0.9999828300525965,0.69213
InterposePUF,15,0.5,-0.03946,0.9992211508970374,0.79816
InterposePUF,15,0.51,-0.03932,0.9992266697801855,0.80025
InterposePUF,15,0.52,-0.03914,0.9992337366202163,0.8019
InterposePUF,15,0.53,-0.03912,0.9992345198200473,0.80387
InterposePUF,15,0.54,-0.03892,0.9992423297679097,0.80591
InterposePUF,15,0.55,-0.0388,0.9992469964928592,0.80821
InterposePUF,15,0.56,-0.03842,0.9992616792412287,0.81018
InterposePUF,15,0.57,-0.0389,0.9992431085576723,0.81224
InterposePUF,15,0.58,-0.03914,0.9992337366202163,0.81434
InterposePUF,15,0.59,-0.03916,0.9992329530194649,0.81653
InterposePUF,15,0.6,-0.03968,0.9992124386735785,0.81831
InterposePUF,15,0.61,-0.03996,0.9992012802233592,0.82011
InterposePUF,15,0.62,-0.03998,0.9992004801840318,0.82222
InterposePUF,15,0.63,-0.03964,0.9992140263226893,0.82445
InterposePUF,15,0.64,-0.03938,0.9992243069501462,0.8264
InterposePUF,15,0.65,-0.03924,0.9992298146072305,0.82845
InterposePUF,15,0.66,-0.03916,0.9992329530194648,0.83041
InterposePUF,15,0.67,-0.0387,0.9992508744054218,0.83238
InterposePUF,15,0.68,-0.03794,0.9992800190136899,0.83476
InterposePUF,15,0.69,-0.03756,0.9992943742461479,0.83677
InterposePUF,15,0.7,-0.03698,0.9993160058760191,0.83886
InterposePUF,15,0.71,-0.03698,0.9993160058760191,0.84142
InterposePUF,15,0.72,-0.03706,0.999313042244521,0.84364
InterposePUF,15,0.73,-0.03634,0.9993394840593459,0.84566
InterposePUF,15,0.74,-0.03634,0.999339484059346,0.84774
InterposePUF,15,0.75,-0.03636,0.9993387565785686,0.84985
InterposePUF,15,0.76,-0.0365,0.9993336529908317,0.8522
InterposePUF,15,0.77,-0.0365,0.9993336529908317,0.85426
InterposePUF,15,0.78,-0.03662,0.9993292628558418,0.85652
InterposePUF,15,0.79,-0.03672,0.9993255933878608,0.85881
InterposePUF,15,0.8,-0.0368,0.9993226505988946,0.86131
InterposePUF,15,0.81,-0.03678,0.9993233868973547,0.8636
InterposePUF,15,0.82,-0.03694,0.9993174852868331,0.86576
InterposePUF,15,0.83,-0.0364,0.9993373004146299,0.86783
InterposePUF,15,0.84,-0.03668,0.9993270623774781,0.87019
InterposePUF,15,0.85,-0.03648,0.9993343832771892,0.87229
InterposePUF,15,0.86,-0.03616,0.9993460133507313,0.87463
InterposePUF,15,0.87,-0.03706,0.999313042244521,0.87696
InterposePUF,15,0.88,-0.03704,0.9993137837536317,0.87927
InterposePUF,15,0.89,-0.03662,0.9993292628558419,0.88158
InterposePUF,15,0.9,-0.0368,0.9993226505988945,0.88367
InterposePUF,15,0.91,-0.03626,0.9993423899745271,0.88622
InterposePUF,15,0.92,-0.03622,0.9993438405273734,0.8886
InterposePUF,15,0.93,-0.03578,0.9993596908020655,0.89086
InterposePUF,15,0.94,-0.03572,0.9993618371741039,0.89319
InterposePUF,15,0.95,-0.0352,0.9993802879785052,0.89587
InterposePUF,15,0.96,-0.0352,0.9993802879785052,0.89841
InterposePUF,15,0.97,-0.03514,0.999382399484802,0.90098
InterposePUF,15,0.98,-0.03464,0.9993998551130572,0.90327
InterposePUF,15,0.99,-0.0348,0.9993942965616724,0.90587
InterposePUF,15,1.0,-0.03472,0.9993970790431598,0.90807
InterposePUF,15,1.01,-0.0347,0.9993977736617187,0.91048
InterposePUF,15,1.02,-0.03472,0.9993970790431598,0.91323
InterposePUF,15,1.03,-0.03506,0.9993852092161462,0.91576
InterposePUF,15,1.04,-0.03532,0.9993760541457856,0.91831
InterposePUF,15,1.05,-0.03526,0.9993781728655072,0.92074
InterposePUF,15,1.06,-0.03466,0.9993991616966665,0.9233
InterposePUF,15,1.07,-0.03462,0.9994005481287271,0.9258
InterposePUF,15,1.08,-0.03444,0.9994067672374446,0.92831
InterposePUF,15,1.09,-0.0344,0.9994081448537427,0.93073
InterposePUF,15,1.1,-0.03492,0.9993901108175925,0.93339
InterposePUF,15,1.11,-0.03482,0.9993935999394834,0.93564
InterposePUF,15,1.12,-0.03448,0.9994053880182957,0.93843
InterposePUF,15,1.13,-0.0339,0.9994252298196197,0.94106
InterposePUF,15,1.14,-0.03438,0.999408833060825,0.94378
InterposePUF,15,1.15,-0.0347,0.9993977736617188,0.9463
InterposePUF,15,1.16,-0.03484,0.9993929029165658,0.94917
InterposePUF,15,1.17,-0.03488,0.9993915076685413,0.95193
InterposePUF,15,1.18,-0.03472,0.9993970790431598,0.95463
InterposePUF,15,1.19,-0.03492,0.9993901108175927,0.95727
InterposePUF,15,1.2,-0.03522,0.9993795833415849,0.95996
InterposePUF,15,1.21,-0.035,0.9993873123068953,0.96247
InterposePUF,15,1.22,-0.03514,0.9993823994848019,0.96498
InterposePUF,15,1.23,-0.0344,0.999408144853743,0.96773
InterposePUF,15,1.24,-0.03402,0.9994211522676514,0.97062
InterposePUF,15,1.25,-0.03434,0.9994102082728592,0.97324
InterposePUF,15,1.26,-0.03332,0.9994447346401901,0.97579
InterposePUF,15,1.27,-0.0331,0.9994520448725892,0.97842
InterposePUF,15,1.28,-0.03308,0.9994527070352055,0.98109
InterposePUF,15,1.29,-0.03278,0.9994625913959964,0.98366
InterposePUF,15,1.3,-0.03308,0.9994527070352054,0.98633
InterposePUF,15,1.31,-0.03334,0.999444067669622,0.98906
InterposePUF,15,1.32,-0.03336,0.9994434002983861,0.99173
InterposePUF,15,1.33,-0.03352,0.9994380469043591,0.99449
InterposePUF,15,1.34,-0.03344,0.9994407268067477,0.99735
InterposePUF,15,1.35,-0.03318,0.9994493922155337,1.0
InterposePUF,15,1.36,-0.03314,0.9994507193453811,0.9974
InterposePUF,15,1.37,-0.03362,0.9994346880111777,0.99476
InterposePUF,15,1.38,-0.0339,0.9994252298196197,0.99232
InterposePUF,15,1.39,-0.03304,0.9994540301584661,0.98981
InterposePUF,15,1.4,-0.03292,0.9994579899125325,0.98685
InterposePUF,15,1.41,-0.03294,0.9994573309551539,0.98414
InterposePUF,15,1.42,-0.03284,0.999460621735544,0.98135
InterposePUF,15,1.43,-0.03262,0.9994678261955211,0.9787
InterposePUF,15,1.44,-0.03276,0.999463247148188,0.97609
InterposePUF,15,1.45,-0.03248,0.9994723856115284,0.97361
InterposePUF,15,1.46,-0.03202,0.9994872283326085,0.9709
InterposePUF,15,1.47,-0.03218,0.9994820896844526,0.96818
InterposePUF,15,1.48,-0.03176,0.9994955239519585,0.96559
InterposePUF,15,1.49,-0.0319,0.9994910654928336,0.96256
InterposePUF,15,1.5,-0.0318,0.9994942521095355,0.95955
InterposePUF,15,1.51,-0.0309,0.9995224809877964,0.95682
InterposePUF,15,1.52,-0.03086,0.9995237167771459,0.95444
InterposePUF,15,1.53,-0.03134,0.9995087815522181,0.95182
InterposePUF,15,1.54,-0.03144,0.9995056410045918,0.94915
InterposePUF,15,1.55,-0.03156,0.9995018591278358,0.94661
InterposePUF,15,1.56,-0.03146,0.9995050116932882,0.9442
InterposePUF,15,1.57,-0.03082,0.9995249509642069,0.94196
InterposePUF,15,1.58,-0.0304,0.9995378131916772,0.93935
InterposePUF,15,1.59,-0.0302,0.9995438759754371,0.93679
InterposePUF,15,1.6,-0.03034,0.9995396362326008,0.93432
InterposePUF,15,1.61,-0.03044,0.9995365958282869,0.93173
InterposePUF,15,1.62,-0.03068,0.9995292580009851,0.92937
InterposePUF,15,1.63,-0.03062,0.999531097865394,0.92676
InterposePUF,15,1.64,-0.0306,0.999531710352403,0.92443
InterposePUF,15,1.65,-0.03044,0.9995365958282868,0.92195
InterposePUF,15,1.66,-0.02972,0.9995582632343148,0.91953
InterposePUF,15,1.67,-0.02928,0.999571248886241,0.91701
InterposePUF,15,1.68,-0.0282,0.9996023009177201,0.91467
InterposePUF,15,1.69,-0.028,0.9996079231378672,0.91253
InterposePUF,15,1.7,-0.02772,0.9996157269671182,0.91027
InterposePUF,15,1.71,-0.02732,0.9996267391381646,0.90803
InterposePUF,15,1.72,-0.02732,0.9996267391381645,0.90543
InterposePUF,15,1.73,-0.02704,0.9996343523508984,0.90303
InterposePUF,15,1.74,-0.02734,0.9996261923339144,0.90078
InterposePUF,15,1.75,-0.02704,0.9996343523508985,0.89857
InterposePUF,15,1.76,-0.02728,0.9996278315453205,0.89661
InterposePUF,15,1.77,-0.02696,0.999636513138651,0.89429
InterposePUF,15,1.78,-0.02632,0.9996535687927093,0.89171
InterposePUF,15,1.79,-0.0256,0.9996722662953095,0.88935
InterposePUF,15,1.8,-0.02556,0.9996732898302324,0.88695
InterposePUF,15,1.81,-0.0255,0.9996748221296763,0.88492
InterposePUF,15,1.82,-0.0246,0.9996973742088153,0.88231
InterposePUF,15,1.83,-0.0247,0.999694908459576,0.88006
InterposePUF,15,1.84,-0.02464,0.9996963891102137,0.87765
InterposePUF,15,1.85,-0.02438,0.9997027636252689,0.8755
InterposePUF,15,1.86,-0.02446,0.9997008094425052,0.87338
InterposePUF,15,1.87,-0.02388,0.9997148321396456,0.87087
InterposePUF,15,1.88,-0.02354,0.999722895806633,0.86862
InterposePUF,15,1.89,-0.0238,0.9997167398818527,0.86639
InterposePUF,15,1.9,-0.02352,0.9997233665369636,0.86425
InterposePUF,15,1.91,-0.0233,0.9997285181488024,0.86206
InterposePUF,15,1.92,-0.0228,0.999740046212014,0.85993
InterposePUF,15,1.93,-0.02296,0.9997363844534218,0.85779
InterposePUF,15,1.94,-0.02306,0.9997340828440331,0.85574
InterposePUF,15,1.95,-0.02312,0.9997326970745731,0.85361
InterposePUF,15,1.96,-0.0238,0.9997167398818528,0.85149
InterposePUF,15,1.97,-0.024,0.9997119585160518,0.84989
InterposePUF,15,1.98,-0.0242,0.9997071371156654,0.84745
InterposePUF,15,1.99,-0.0243,0.9997047114023221,0.84544
InterposePUF,15,2.0,-0.02398,0.9997124384541785,0.84344
InterposePUF,15,2.01,-0.0242,0.9997071371156654,0.84159
InterposePUF,15,2.02,-0.0238,0.9997167398818527,0.83931
InterposePUF,15,2.03,-0.02386,0.9997153096757098,0.83712
InterposePUF,15,2.04,-0.02374,0.9997181664849348,0.83518
InterposePUF,15,2.05,-0.0233,0.9997285181488023,0.83308
InterposePUF,15,2.06,-0.02312,0.9997326970745732,0.83107
InterposePUF,15,2.07,-0.02292,0.9997373022949577,0.82933
InterposePUF,15,2.08,-0.02234,0.9997504310576715,0.82734
InterposePUF,15,2.09,-0.02216,0.9997544370494185,0.82497
InterposePUF,15,2.1,-0.02208,0.9997562070825069,0.82313
InterposePUF,15,2.11,-0.02176,0.9997632231683663,0.82129
InterposePUF,15,2.12,-0.02128,0.9997735551613673,0.81937
InterposePUF,15,2.13,-0.0207,0.9997857320446216,0.81766
InterposePUF,15,2.14,-0.02072,0.9997853177557672,0.81565
InterposePUF,15,2.15,-0.02108,0.9997777921118273,0.81357
InterposePUF,15,2.16,-0.021,0.9997794756845131,0.81179
InterposePUF,15,2.17,-0.02062,0.999787385197473,0.80988
InterposePUF,15,2.18,-0.0202,0.9997959591836727,0.80827
InterposePUF,15,2.19,-0.01954,0.9998090759740081,0.8066
InterposePUF,15,2.2,-0.0188,0.9998232643822607,0.80493
InterposePUF,15,2.21,-0.01838,0.999831073531924,0.80278
InterposePUF,15,2.22,-0.01826,0.9998332723009372,0.80104
InterposePUF,15,2.23,-0.01846,0.9998295996818656,0.79938
InterposePUF,15,2.24,-0.0182,0.9998343662827359,0.79769
InterposePUF,15,2.25,-0.01852,0.9998284900921759,0.79567
InterposePUF,15,2.26,-0.01822,0.9998340020223359,0.79408
InterposePUF,15,2.27,-0.01836,0.9998314409939306,0.79223
InterposePUF,15,2.28,-0.01786,0.9998404974794731,0.79066
InterposePUF,15,2.29,-0.0179,0.9998397821651228,0.78876
InterposePUF,15,2.3,-0.01712,0.9998534420603851,0.78709
InterposePUF,15,2.31,-0.01696,0.9998561688563011,0.78553
InterposePUF,15,2.32,-0.01674,0.999859876382686,0.78366
InterposePUF,15,2.33,-0.0164,0.9998655109563485,0.78209
InterposePUF,15,2.34,-0.0165,0.9998638657337308,0.78016
InterposePUF,15,2.35,-0.01676,0.999859541335682,0.77849
InterposePUF,15,2.36,-0.01672,0.9998602110295219,0.77659
InterposePUF,15,2.37,-0.01706,0.9998544676101618,0.77506
InterposePUF,15,2.38,-0.01716,0.9998527563596553,0.77325
InterposePUF,15,2.39,-0.01682,0.9998585337936561,0.77182
InterposePUF,15,2.4,-0.01674,0.999859876382686,0.7702
InterposePUF,15,2.41,-0.0166,0.9998622105070275,0.76869
InterposePUF,15,2.42,-0.01636,0.9998661662442629,0.76737
InterposePUF,15,2.43,-0.01628,0.9998674720181671,0.76571
InterposePUF,15,2.44,-0.0164,0.9998655109563485,0.76415
InterposePUF,15,2.45,-0.01614,0.9998697417163895,0.76306
InterposePUF,15,2.46,-0.01608,0.9998707084418466,0.76175
InterposePUF,15,2.47,-0.01616,0.9998694186742586,0.76035
InterposePUF,15,2.48,-0.01624,0.9998681225041631,0.75883
InterposePUF,15,2.49,-0.01616,0.9998694186742585,0.75719
InterposePUF,15,2.5,-0.01626,0.9998677974612443,0.75578
InterposePUF,15,2.51,-0.01612,0.9998700643583645,0.75429
InterposePUF,15,2.52,-0.01538,0.9998817208050161,0.75282
InterposePUF,15,2.53,-0.01528,0.9998832539851841,0.75147
InterposePUF,15,2.54,-0.01474,0.9998913602987076,0.75018
InterposePUF,15,2.55,-0.01422,0.9998988906884533,0.7489
InterposePUF,15,2.56,-0.01328,0.9999118169118715,0.74737
InterposePUF,15,2.57,-0.0132,0.9999128762047222,0.74557
InterposePUF,15,2.58,-0.01306,0.9999147145631972,0.74404
InterposePUF,15,2.59,-0.0129,0.9999167915381759,0.7426
InterposePUF,15,2.6,-0.01302,0.9999152362075497,0.74136
InterposePUF,15,2.61,-0.01258,0.9999208686691162,0.7401
InterposePUF,15,2.62,-0.01266,0.9999198589887092,0.73876
InterposePUF,15,2.63,-0.0124,0.9999231170445055,0.73747
InterposePUF,15,2.64,-0.01274,0.9999188429067631,0.73602
InterposePUF,15,2.65,-0.01246,0.9999223711868835,0.7345
InterposePUF,15,2.66,-0.0121,0.9999267923203179,0.73308
InterposePUF,15,2.67,-0.0118,0.9999303775763589,0.73169
InterposePUF,15,2.68,-0.01146,0.9999343320438597,0.7304
InterposePUF,15,2.69,-0.01154,0.9999334119830181,0.72922
InterposePUF,15,2.7,-0.01124,0.9999368292047252,0.72775
InterposePUF,15,2.71,-0.01062,0.9999436062098702,0.7264
InterposePUF,15,2.72,-0.01072,0.9999425391491252,0.72537
InterposePUF,15,2.73,-0.01064,0.9999433935978576,0.72387
InterposePUF,15,2.74,-0.01078,0.999941894111853,0.72288
InterposePUF,15,2.75,-0.01042,0.9999457103263157,0.72164
InterposePUF,15,2.76,-0.0104,0.9999459185375977,0.72039
InterposePUF,15,2.77,-0.01034,0.9999465407710554,0.71914
InterposePUF,15,2.78,-0.00986,0.9999513890184862,0.718
InterposePUF,15,2.79,-0.01016,0.9999483858679908,0.71699
InterposePUF,15,2.8,-0.00976,0.9999523700656947,0.71621
InterposePUF,15,2.81,-0.00908,0.9999587759502889,0.71525
InterposePUF,15,2.82,-0.00916,0.9999580463199442,0.71395
InterposePUF,15,2.83,-0.00938,0.9999560068323006,0.71276
InterposePUF,15,2.84,-0.0092,0.9999576791044709,0.71157
InterposePUF,15,2.85,-0.00948,0.9999550637903686,0.71067
InterposePUF,15,2.86,-0.00938,0.9999560068323007,0.70972
InterposePUF,15,2.87,-0.0092,0.9999576791044709,0.70869
InterposePUF,15,2.88,-0.00942,0.9999556308156876,0.70708
InterposePUF,15,2.89,-0.00952,0.9999546837732197,0.70609
InterposePUF,15,2.9,-0.009,0.9999594991798418,0.70507
InterposePUF,15,2.91,-0.00882,0.9999611030435134,0.70412
InterposePUF,15,2.92,-0.00852,0.9999637041413054,0.70281
InterposePUF,15,2.93,-0.00824,0.9999660506237199,0.70171
InterposePUF,15,2.94,-0.00788,0.999968952318021,0.70047
InterposePUF,15,2.95,-0.0074,0.9999726196251576,0.69925
InterposePUF,15,2.96,-0.00756,0.9999714227916716,0.69817
InterposePUF,15,2.97,-0.00682,0.9999767435295683,0.69724
InterposePUF,15,2.98,-0.00702,0.9999753594964228,0.69648
InterposePUF,15,2.99,-0.0067,0.9999775547481052,0.69564
InterposePUF,15,3.0,-0.00644,0.9999792629849882,0.69475
InterposePUF,20,0.5,-0.03958,0.9992164047892728,0.80232
InterposePUF,20,0.51,-0.03952,0.9992187796473803,0.80413
InterposePUF,20,0.52,-0.0394,0.99922351853827,0.80619
InterposePUF,20,0.53,-0.03924,0.9992298146072305,0.80791
InterposePUF,20,0.54,-0.03912,0.9992345198200472,0.80987
InterposePUF,20,0.55,-0.03904,0.999237648610179,0.81173
InterposePUF,20,0.56,-0.03898,0.9992399909931549,0.81386
InterposePUF,20,0.57,-0.03852,0.9992578293913938,0.81599
InterposePUF,20,0.58,-0.039,0.999239210599744,0.81809
InterposePUF,20,0.59,-0.03888,0.9992438869465251,0.82011
InterposePUF,20,0.6,-0.03908,0.9992360850169495,0.82219
InterposePUF,20,0.61,-0.03968,0.9992124386735785,0.82401
InterposePUF,20,0.62,-0.03982,0.9992068692718241,0.82586
InterposePUF,20,0.63,-0.04026,0.9991892375321103,0.82782
InterposePUF,20,0.64,-0.0398,0.9992076661034982,0.83005
InterposePUF,20,0.65,-0.03964,0.9992140263226893,0.83199
InterposePUF,20,0.66,-0.03932,0.9992266697801854,0.83411
InterposePUF,20,0.67,-0.03896,0.999240770985652,0.83609
InterposePUF,20,0.68,-0.03888,0.9992438869465251,0.83799
InterposePUF,20,0.69,-0.03848,0.999259370533997,0.84025
InterposePUF,20,0.7,-0.03786,0.9992830531936383,0.84212
InterposePUF,20,0.71,-0.03728,0.9993048591896269,0.84441
InterposePUF,20,0.72,-0.03706,0.9993130422445211,0.84672
InterposePUF,20,0.73,-0.03694,0.9993174852868332,0.84908
InterposePUF,20,0.74,-0.03678,0.9993233868973548,0.85106
InterposePUF,20,0.75,-0.03612,0.9993474598957061,0.85325
InterposePUF,20,0.76,-0.0362,0.999344565202613,0.85523
InterposePUF,20,0.77,-0.03652,0.9993329223036735,0.85749
InterposePUF,20,0.78,-0.03652,0.9993329223036735,0.85975
InterposePUF,20,0.79,-0.0367,0.999326328083074,0.86174
InterposePUF,20,0.8,-0.03682,0.9993219138996202,0.86414
InterposePUF,20,0.81,-0.03644,0.9993358426475055,0.86639
InterposePUF,20,0.82,-0.0366,0.9993299955470165,0.86881
InterposePUF,20,0.83,-0.03688,0.9993197013969054,0.87093
InterposePUF,20,0.84,-0.0368,0.9993226505988947,0.87321
InterposePUF,20,0.85,-0.03654,0.9993321912157139,0.87514
InterposePUF,20,0.86,-0.03638,0.999338028696997,0.87752
InterposePUF,20,0.87,-0.03648,0.9993343832771892,0.87951
InterposePUF,20,0.88,-0.0364,0.9993373004146299,0.88189
InterposePUF,20,0.89,-0.03726,0.9993056051078669,0.88422
InterposePUF,20,0.9,-0.03698,0.9993160058760191,0.88644
InterposePUF,20,0.91,-0.03654,0.9993321912157139,0.88872
InterposePUF,20,0.92,-0.03682,0.9993219138996202,0.89074
InterposePUF,20,0.93,-0.03618,0.9993452894770657,0.89322
InterposePUF,20,0.94,-0.03622,0.9993438405273734,0.8956
InterposePUF,20,0.95,-0.03578,0.9993596908020655,0.89786
InterposePUF,20,0.96,-0.03572,0.9993618371741038,0.90015
InterposePUF,20,0.97,-0.03536,0.9993746396622238,0.90281
InterposePUF,20,0.98,-0.03506,0.9993852092161462,0.90534
InterposePUF,20,0.99,-0.03508,0.9993845073844201,0.90793
InterposePUF,20,1.0,-0.03478,0.9993949927831338,0.9102
InterposePUF,20,1.01,-0.03496,0.999388712363713,0.91261
InterposePUF,20,1.02,-0.03468,0.999398467879554,0.91503
InterposePUF,20,1.03,-0.03468,0.999398467879554,0.91719
InterposePUF,20,1.04,-0.03492,0.9993901108175924,0.91991
InterposePUF,20,1.05,-0.0351,0.9993838051519546,0.92246
InterposePUF,20,1.06,-0.03542,0.9993725149312443,0.92498
InterposePUF,20,1.07,-0.03502,0.999386611677383,0.92732
InterposePUF,20,1.08,-0.0347,0.9993977736617188,0.92982
InterposePUF,20,1.09,-0.0347,0.9993977736617188,0.93232
InterposePUF,20,1.1,-0.0344,0.9994081448537429,0.93487
InterposePUF,20,1.11,-0.0344,0.9994081448537429,0.93745
InterposePUF,20,1.12,-0.03442,0.9994074562459497,0.93972
InterposePUF,20,1.13,-0.0348,0.9993942965616724,0.94219
InterposePUF,20,1.14,-0.03442,0.9994074562459497,0.94474
InterposePUF,20,1.15,-0.03388,0.9994259080091928,0.94741
InterposePUF,20,1.16,-0.03406,0.9994197898781073,0.95
InterposePUF,20,1.17,-0.0344,0.9994081448537429,0.95261
InterposePUF,20,1.18,-0.03462,0.9994005481287271,0.9553
InterposePUF,20,1.19,-0.03496,0.9993887123637129,0.95797
InterposePUF,20,1.2,-0.0348,0.9993942965616724,0.96067
InterposePUF,20,1.21,-0.03486,0.9993922054929187,0.96336
InterposePUF,20,1.22,-0.03492,0.9993901108175925,0.96601
InterposePUF,20,1.23,-0.03536,0.9993746396622238,0.96859
InterposePUF,20,1.24,-0.03492,0.9993901108175925,0.97117
InterposePUF,20,1.25,-0.0348,0.9993942965616724,0.97363
InterposePUF,20,1.26,-0.034,0.9994218328613799,0.97651
InterposePUF,20,1.27,-0.03426,0.9994129538884314,0.97916
InterposePUF,20,1.28,-0.03404,0.9994204712732273,0.98173
InterposePUF,20,1.29,-0.0334,0.9994420643539074,0.98443
InterposePUF,20,1.3,-0.033,0.9994553516791032,0.98673
InterposePUF,20,1.31,-0.03306,0.999453368797164,0.98938
InterposePUF,20,1.32,-0.03274,0.9994639024997352,0.99212
InterposePUF,20,1.33,-0.03326,0.9994467331478953,0.9947
InterposePUF,20,1.34,-0.03342,0.999441395780663,0.99742
InterposePUF,20,1.35,-0.03342,0.999441395780663,1.0
InterposePUF,20,1.36,-0.03344,0.9994407268067474,0.99735
InterposePUF,20,1.37,-0.03338,0.9994427325264814,0.99438
InterposePUF,20,1.38,-0.0331,0.9994520448725892,0.99196
InterposePUF,20,1.39,-0.03314,0.9994507193453811,0.9894
InterposePUF,20,1.4,-0.03366,0.9994333416491566,0.98686
InterposePUF,20,1.41,-0.0339,0.9994252298196197,0.9845
InterposePUF,20,1.42,-0.03312,0.9994513823093147,0.98207
InterposePUF,20,1.43,-0.03286,0.999459964380765,0.9792
InterposePUF,20,1.44,-0.03294,0.999457330955154,0.97658
InterposePUF,20,1.45,-0.03286,0.9994599643807649,0.9739
InterposePUF,20,1.46,-0.03268,0.9994658661505156,0.97127
InterposePUF,20,1.47,-0.03286,0.999459964380765,0.96884
InterposePUF,20,1.48,-0.03262,0.9994678261955211,0.96634
InterposePUF,20,1.49,-0.0321,0.9994846622134831,0.96374
InterposePUF,20,1.5,-0.03244,0.9994736846961005,0.96107
InterposePUF,20,1.51,-0.03172,0.9994967941919572,0.95861
InterposePUF,20,1.52,-0.03194,0.999489788041879,0.9558
InterposePUF,20,1.53,-0.03156,0.9995018591278358,0.95299
InterposePUF,20,1.54,-0.03114,0.999515032603312,0.95014
InterposePUF,20,1.55,-0.0311,0.9995162780065164,0.94758
InterposePUF,20,1.56,-0.0315,0.9995037518688963,0.94538
InterposePUF,20,1.57,-0.03176,0.9994955239519585,0.94247
InterposePUF,20,1.58,-0.03164,0.9994993298647078,0.94009
InterposePUF,20,1.59,-0.03144,0.9995056410045919,0.93781
InterposePUF,20,1.6,-0.03132,0.9995094084599705,0.93555
InterposePUF,20,1.61,-0.03042,0.9995372047102601,0.93322
InterposePUF,20,1.62,-0.0301,0.9995468923467271,0.93068
InterposePUF,20,1.63,-0.03058,0.9995323224388494,0.92816
InterposePUF,20,1.64,-0.03068,0.9995292580009851,0.92571
InterposePUF,20,1.65,-0.03064,0.9995304849778223,0.92349
InterposePUF,20,1.66,-0.0303,0.9995408495904508,0.9208
InterposePUF,20,1.67,-0.03042,0.99953720471026,0.91858
InterposePUF,20,1.68,-0.03016,0.9995450837255915,0.91623
InterposePUF,20,1.69,-0.02986,0.9995540907824848,0.91396
InterposePUF,20,1.7,-0.02992,0.9995522965808242,0.91153
InterposePUF,20,1.71,-0.02898,0.9995799915964705,0.909
InterposePUF,20,1.72,-0.02814,0.9996039917887485,0.90686
InterposePUF,20,1.73,-0.02792,0.9996101608127042,0.90489
InterposePUF,20,1.74,-0.02766,0.9996173890044131,0.9027
InterposePUF,20,1.75,-0.02742,0.9996240011124181,0.90056
InterposePUF,20,1.76,-0.02726,0.9996283771482279,0.8978
InterposePUF,20,1.77,-0.027,0.9996354335456501,0.89559
InterposePUF,20,1.78,-0.02726,0.9996283771482279,0.89342
InterposePUF,20,1.79,-0.02714,0.999631642356323,0.89128
InterposePUF,20,1.8,-0.027,0.9996354335456501,0.88933
InterposePUF,20,1.81,-0.02682,0.9996402791004373,0.88716
InterposePUF,20,1.82,-0.02622,0.9996561966996452,0.88462
InterposePUF,20,1.83,-0.0256,0.9996722662953095,0.88221
InterposePUF,20,1.84,-0.02566,0.9996707279899718,0.87996
InterposePUF,20,1.85,-0.02542,0.9996768595901377,0.87802
InterposePUF,20,1.86,-0.02456,0.9996983577059632,0.87555
InterposePUF,20,1.87,-0.02472,0.9996944141086315,0.87339
InterposePUF,20,1.88,-0.02464,0.9996963891102137,0.87107
InterposePUF,20,1.89,-0.0244,0.9997022756801146,0.86893
InterposePUF,20,1.9,-0.02444,0.9997012985887335,0.86687
InterposePUF,20,1.91,-0.02396,0.9997129179919604,0.86443
InterposePUF,20,1.92,-0.0237,0.9997191155519635,0.86226
InterposePUF,20,1.93,-0.02372,0.999718641218618,0.86013
InterposePUF,20,1.94,-0.02344,0.99972524545497,0.85809
InterposePUF,20,1.95,-0.02348,0.9997243067966287,0.85599
InterposePUF,20,1.96,-0.02276,0.9997409576485299,0.85389
InterposePUF,20,1.97,-0.02292,0.9997373022949578,0.85179
InterposePUF,20,1.98,-0.02314,0.9997322343507786,0.8498
InterposePUF,20,1.99,-0.0229,0.9997377606152525,0.8479
InterposePUF,20,2.0,-0.02342,0.9997257141836455,0.84572
InterposePUF,20,2.01,-0.02388,0.9997148321396455,0.84409
InterposePUF,20,2.02,-0.0242,0.9997071371156654,0.84205
InterposePUF,20,2.03,-0.02434,0.9997037383145069,0.83996
InterposePUF,20,2.04,-0.02408,0.9997100347600798,0.83785
InterposePUF,20,2.05,-0.02412,0.9997090704800072,0.83611
InterposePUF,20,2.06,-0.024,0.9997119585160518,0.83381
InterposePUF,20,2.07,-0.02398,0.9997124384541785,0.83166
InterposePUF,20,2.08,-0.0235,0.999723836866962,0.82962
InterposePUF,20,2.09,-0.0236,0.999721481213643,0.82777
InterposePUF,20,2.1,-0.0235,0.999723836866962,0.82576
InterposePUF,20,2.11,-0.02306,0.9997340828440331,0.82408
InterposePUF,20,2.12,-0.02216,0.9997544370494185,0.82219
InterposePUF,20,2.13,-0.02216,0.9997544370494185,0.82013
InterposePUF,20,2.14,-0.02232,0.9997508777690571,0.81795
InterposePUF,20,2.15,-0.02216,0.9997544370494186,0.81621
InterposePUF,20,2.16,-0.02152,0.9997684179848851,0.81431
InterposePUF,20,2.17,-0.02092,0.9997811528529631,0.81247
InterposePUF,20,2.18,-0.02066,0.9997865594215596,0.81052
InterposePUF,20,2.19,-0.02086,0.9997824065265404,0.80884
InterposePUF,20,2.2,-0.02122,0.9997748304493369,0.80674
InterposePUF,20,2.21,-0.02088,0.9997819890356098,0.80503
InterposePUF,20,2.22,-0.02036,0.9997927137161983,0.80323
InterposePUF,20,2.23,-0.01994,0.9998011784349925,0.80158
InterposePUF,20,2.24,-0.01954,0.9998090759740081,0.79996
InterposePUF,20,2.25,-0.01872,0.9998247654464256,0.79829
InterposePUF,20,2.26,-0.01822,0.9998340020223357,0.79632
InterposePUF,20,2.27,-0.01834,0.9998318080557348,0.79464
InterposePUF,20,2.28,-0.01856,0.9998277483646869,0.79309
InterposePUF,20,2.29,-0.01812,0.9998358193223523,0.79143
InterposePUF,20,2.3,-0.01844,0.9998299687446861,0.78951
InterposePUF,20,2.31,-0.01824,0.9998336373617362,0.78793
InterposePUF,20,2.32,-0.01832,0.9998321747173372,0.78621
InterposePUF,20,2.33,-0.01786,0.9998404974794731,0.78456
InterposePUF,20,2.34,-0.01788,0.9998401400223937,0.78275
InterposePUF,20,2.35,-0.01712,0.9998534420603851,0.78115
InterposePUF,20,2.36,-0.01698,0.9998558294074201,0.77962
InterposePUF,20,2.37,-0.01688,0.9998575226501025,0.77785
InterposePUF,20,2.38,-0.01642,0.9998651827121495,0.77628
InterposePUF,20,2.39,-0.0166,0.9998622105070276,0.77441
InterposePUF,20,2.4,-0.01674,0.999859876382686,0.77274
InterposePUF,20,2.41,-0.01666,0.9998612125690245,0.77092
InterposePUF,20,2.42,-0.0171,0.9998537843104861,0.76946
InterposePUF,20,2.43,-0.01716,0.9998527563596554,0.76773
InterposePUF,20,2.44,-0.01682,0.9998585337936561,0.76634
InterposePUF,20,2.45,-0.0169,0.9998571848019094,0.76476
InterposePUF,20,2.46,-0.01656,0.9998628737982023,0.76331
InterposePUF,20,2.47,-0.0163,0.9998671461749306,0.76196
InterposePUF,20,2.48,-0.01626,0.9998677974612444,0.76042
InterposePUF,20,2.49,-0.0164,0.9998655109563485,0.75887
InterposePUF,20,2.5,-0.01622,0.9998684471469234,0.75766
InterposePUF,20,2.51,-0.01598,0.9998723116478424,0.75646
InterposePUF,20,2.52,-0.01612,0.9998700643583643,0.75515
InterposePUF,20,2.53,-0.01622,0.9998684471469234,0.75374
InterposePUF,20,2.54,-0.01634,0.9998664932879787,0.75234
InterposePUF,20,2.55,-0.01628,0.9998674720181671,0.75095
InterposePUF,20,2.56,-0.0164,0.9998655109563486,0.74951
InterposePUF,20,2.57,-0.01554,0.9998792469093456,0.74802
InterposePUF,20,2.58,-0.01548,0.9998801776212985,0.74665
InterposePUF,20,2.59,-0.01506,0.9998865917692866,0.7454
InterposePUF,20,2.6,-0.01464,0.9998928294572375,0.74415
InterposePUF,20,2.61,-0.01344,0.9999096791210692,0.74287
InterposePUF,20,2.62,-0.01322,0.999912611981667,0.7413
InterposePUF,20,2.63,-0.01296,0.9999160156733164,0.73961
InterposePUF,20,2.64,-0.0126,0.9999206168491577,0.73817
InterposePUF,20,2.65,-0.01308,0.9999144531408675,0.73705
InterposePUF,20,2.66,-0.013,0.9999154964295732,0.73563
InterposePUF,20,2.67,-0.01256,0.9999211200889797,0.73427
InterposePUF,20,2.68,-0.01242,0.999922868825391,0.7332
InterposePUF,20,2.69,-0.0125,0.9999218719480039,0.73172
InterposePUF,20,2.7,-0.01244,0.9999226202061838,0.73043
InterposePUF,20,2.71,-0.01236,0.9999236122824582,0.72901
InterposePUF,20,2.72,-0.01192,0.9999289542762527,0.72765
InterposePUF,20,2.73,-0.0116,0.9999327177365486,0.72633
InterposePUF,20,2.74,-0.01146,0.9999343320438596,0.72506
InterposePUF,20,2.75,-0.01154,0.999933411983018,0.72386
InterposePUF,20,2.76,-0.01118,0.9999375018469904,0.72238
InterposePUF,20,2.77,-0.01072,0.9999425391491253,0.72121
InterposePUF,20,2.78,-0.01084,0.9999412454739529,0.72025
InterposePUF,20,2.79,-0.0106,0.9999438184218151,0.71881
InterposePUF,20,2.8,-0.01078,0.9999418941118531,0.7179
InterposePUF,20,2.81,-0.01032,0.9999467473820792,0.71665
InterposePUF,20,2.82,-0.0104,0.9999459185375977,0.71547
InterposePUF,20,2.83,-0.01026,0.9999473648147684,0.71424
InterposePUF,20,2.84,-0.0099,0.999950993799196,0.71312
InterposePUF,20,2.85,-0.0102,0.9999479786468896,0.71213
InterposePUF,20,2.86,-0.00986,0.9999513890184862,0.7114
InterposePUF,20,2.87,-0.00908,0.999958775950289,0.71047
InterposePUF,20,2.88,-0.00902,0.9999593189725271,0.70918
InterposePUF,20,2.89,-0.00924,0.9999573102887943,0.70801
InterposePUF,20,2.9,-0.00928,0.9999569398729126,0.70705
InterposePUF,20,2.91,-0.00934,0.9999563812487022,0.70604
InterposePUF,20,2.92,-0.00928,0.9999569398729126,0.70529
InterposePUF,20,2.93,-0.00928,0.9999569398729126,0.70407
InterposePUF,20,2.94,-0.00918,0.9999578629122328,0.70268
InterposePUF,20,2.95,-0.00928,0.9999569398729126,0.70155
InterposePUF,20,2.96,-0.00902,0.9999593189725271,0.70068
InterposePUF,20,2.97,-0.00882,0.9999611030435134,0.69972
InterposePUF,20,2.98,-0.00878,0.9999614550571438,0.6985
InterposePUF,20,2.99,-0.00838,0.999964887183545,0.69736
InterposePUF,20,3.0,-0.00784,0.999969266727733,0.69633
InterposePUF,25,0.5,-0.03988,0.9992044763710778,0.80588
InterposePUF,25,0.51,-0.0396,0.9992156123680214,0.80776
InterposePUF,25,0.52,-0.03958,0.9992164047892729,0.80959
InterposePUF,25,0.53,-0.03932,0.9992266697801855,0.81156
InterposePUF,25,0.54,-0.03922,0.9992305998116751,0.81343
InterposePUF,25,0.55,-0.03928,0.999228242995563,0.81524
InterposePUF,25,0.56,-0.03908,0.9992360850169495,0.817
InterposePUF,25,0.57,-0.03898,0.9992399909931549,0.81933
InterposePUF,25,0.58,-0.0386,0.9992547422954768,0.82114
InterposePUF,25,0.59,-0.03868,0.9992516487852295,0.82324
InterposePUF,25,0.6,-0.03908,0.9992360850169494,0.82536
InterposePUF,25,0.61,-0.03888,0.9992438869465252,0.82726
InterposePUF,25,0.62,-0.0395,0.9992195704648704,0.82935
InterposePUF,25,0.63,-0.0398,0.9992076661034983,0.83098
InterposePUF,25,0.64,-0.04012,0.9991948686817801,0.83288
InterposePUF,25,0.65,-0.03994,0.9992020798617264,0.83493
InterposePUF,25,0.66,-0.03978,0.9992084625342201,0.83723
InterposePUF,25,0.67,-0.03958,0.9992164047892728,0.83921
InterposePUF,25,0.68,-0.03916,0.9992329530194649,0.84108
InterposePUF,25,0.69,-0.03904,0.999237648610179,0.84292
InterposePUF,25,0.7,-0.03858,0.9992555146707973,0.84499
InterposePUF,25,0.71,-0.038,0.9992777391696465,0.8472
InterposePUF,25,0.72,-0.03758,0.9992936223152833,0.84921
InterposePUF,25,0.73,-0.037,0.9993152655693798,0.85136
InterposePUF,25,0.74,-0.0369,0.9993189630943665,0.85379
InterposePUF,25,0.75,-0.037,0.9993152655693798,0.85598
InterposePUF,25,0.76,-0.03652,0.9993329223036735,0.85796
InterposePUF,25,0.77,-0.03634,0.999339484059346,0.86007
InterposePUF,25,0.78,-0.03666,0.9993277962710735,0.86215
InterposePUF,25,0.79,-0.03642,0.9993365717314663,0.86445
InterposePUF,25,0.8,-0.03662,0.9993292628558418,0.86651
InterposePUF,25,0.81,-0.03642,0.9993365717314663,0.86873
InterposePUF,25,0.82,-0.0368,0.9993226505988946,0.87102
InterposePUF,25,0.83,-0.03634,0.999339484059346,0.87329
InterposePUF,25,0.84,-0.03654,0.9993321912157139,0.87559
InterposePUF,25,0.85,-0.03696,0.9993167457818367,0.87758
InterposePUF,25,0.86,-0.03674,0.9993248582918371,0.87993
InterposePUF,25,0.87,-0.03664,0.999328529763861,0.88172
InterposePUF,25,0.88,-0.03648,0.9993343832771892,0.88418
InterposePUF,25,0.89,-0.03646,0.9993351131627468,0.88625
InterposePUF,25,0.9,-0.03652,0.9993329223036735,0.88866
InterposePUF,25,0.91,-0.03716,0.9993093286865684,0.89086
InterposePUF,25,0.92,-0.03718,0.9993085847724916,0.89309
InterposePUF,25,0.93,-0.03658,0.9993307278373862,0.89535
InterposePUF,25,0.94,-0.0368,0.9993226505988946,0.89734
InterposePUF,25,0.95,-0.03618,0.9993452894770657,0.89983
InterposePUF,25,0.96,-0.03618,0.9993452894770657,0.90211
InterposePUF,25,0.97,-0.03574,0.9993611221175257,0.90433
InterposePUF,25,0.98,-0.0358,0.9993589745431819,0.9066
InterposePUF,25,0.99,-0.0353,0.9993767607864411,0.90913
InterposePUF,25,1.0,-0.03502,0.9993866116773829,0.91167
InterposePUF,25,1.01,-0.03528,0.9993774670263483,0.91426
InterposePUF,25,1.02,-0.03482,0.9993935999394834,0.91655
InterposePUF,25,1.03,-0.03484,0.9993929029165657,0.91894
InterposePUF,25,1.04,-0.03484,0.9993929029165657,0.9214
InterposePUF,25,1.05,-0.03472,0.9993970790431598,0.92354
InterposePUF,25,1.06,-0.03466,0.9993991616966665,0.92605
InterposePUF,25,1.07,-0.03506,0.9993852092161462,0.92863
InterposePUF,25,1.08,-0.0353,0.9993767607864411,0.93105
InterposePUF,25,1.09,-0.03518,0.9993809922146807,0.93351
InterposePUF,25,1.1,-0.03484,0.9993929029165659,0.93576
InterposePUF,25,1.11,-0.03468,0.999398467879554,0.9384
InterposePUF,25,1.12,-0.03474,0.9993963840238768,0.94089
InterposePUF,25,1.13,-0.0344,0.9994081448537427,0.94348
InterposePUF,25,1.14,-0.0341,0.9994184258857748,0.94573
InterposePUF,25,1.15,-0.03484,0.9993929029165659,0.9482
InterposePUF,25,1.16,-0.0347,0.9993977736617188,0.95053
InterposePUF,25,1.17,-0.03424,0.9994136392905594,0.95316
InterposePUF,25,1.18,-0.03374,0.9994306441169393,0.95567
InterposePUF,25,1.19,-0.03438,0.999408833060825,0.95835
InterposePUF,25,1.2,-0.03472,0.9993970790431598,0.9608
InterposePUF,25,1.21,-0.03492,0.9993901108175925,0.96364
InterposePUF,25,1.22,-0.03484,0.9993929029165658,0.96642
InterposePUF,25,1.23,-0.03456,0.9994026247714183,0.96888
InterposePUF,25,1.24,-0.03502,0.9993866116773829,0.97147
InterposePUF,25,1.25,-0.03484,0.9993929029165657,0.97428
InterposePUF,25,1.26,-0.03524,0.9993788783039192,0.97672
InterposePUF,25,1.27,-0.03508,0.9993845073844201,0.97914
InterposePUF,25,1.28,-0.0346,0.9994012407436764,0.98174
InterposePUF,25,1.29,-0.03406,0.9994197898781072,0.98463
InterposePUF,25,1.3,-0.03418,0.9994156930927188,0.98741
InterposePUF,25,1.31,-0.03378,0.9994292929467296,0.98981
InterposePUF,25,1.32,-0.0333,0.9994454012100913,0.99237
InterposePUF,25,1.33,-0.03322,0.9994480634830406,0.99477
InterposePUF,25,1.34,-0.0331,0.9994520448725892,0.99747
InterposePUF,25,1.35,-0.03276,0.999463247148188,1.0
InterposePUF,25,1.36,-0.03328,0.9994460673793258,0.9973
InterposePUF,25,1.37,-0.03342,0.9994413957806632,0.99467
InterposePUF,25,1.38,-0.03336,0.9994434002983862,0.99222
InterposePUF,25,1.39,-0.03348,0.9994393876569002,0.98954
InterposePUF,25,1.4,-0.03342,0.999441395780663,0.98671
InterposePUF,25,1.41,-0.0332,0.9994487280496182,0.98436
InterposePUF,25,1.42,-0.03324,0.9994473985157997,0.98184
InterposePUF,25,1.43,-0.03366,0.9994333416491566,0.97937
InterposePUF,25,1.44,-0.03388,0.9994259080091928,0.97704
InterposePUF,25,1.45,-0.03318,0.9994493922155339,0.97467
InterposePUF,25,1.46,-0.03288,0.9994593066253373,0.9719
InterposePUF,25,1.47,-0.03304,0.9994540301584661,0.96944
InterposePUF,25,1.48,-0.0329,0.9994586484692599,0.96671
InterposePUF,25,1.49,-0.03266,0.9994665198994913,0.96413
InterposePUF,25,1.5,-0.03282,0.9994612786896749,0.96175
InterposePUF,25,1.51,-0.03268,0.9994658661505156,0.95938
InterposePUF,25,1.52,-0.03224,0.99948015608115,0.9569
InterposePUF,25,1.53,-0.03216,0.9994827334176414,0.95436
InterposePUF,25,1.54,-0.03192,0.9994904269676623,0.95192
InterposePUF,25,1.55,-0.03176,0.9994955239519585,0.9492
InterposePUF,25,1.56,-0.03172,0.9994967941919571,0.94638
InterposePUF,25,1.57,-0.03142,0.9995062699153018,0.94365
InterposePUF,25,1.58,-0.03108,0.9995169001072468,0.94114
InterposePUF,25,1.59,-0.03132,0.9995094084599705,0.93892
InterposePUF,25,1.6,-0.03128,0.9995106610737076,0.93632
InterposePUF,25,1.61,-0.03164,0.9994993298647077,0.93412
InterposePUF,25,1.62,-0.03152,0.9995031213558064,0.93166
InterposePUF,25,1.63,-0.03136,0.999508154243876,0.92918
InterposePUF,25,1.64,-0.0307,0.999528643911719,0.92729
InterposePUF,25,1.65,-0.03042,0.99953720471026,0.92473
InterposePUF,25,1.66,-0.0303,0.9995408495904509,0.92239
InterposePUF,25,1.67,-0.03034,0.9995396362326008,0.92011
InterposePUF,25,1.68,-0.03046,0.999535986545757,0.91771
InterposePUF,25,1.69,-0.03066,0.9995298716896859,0.91541
InterposePUF,25,1.7,-0.03054,0.9995335454100578,0.91301
InterposePUF,25,1.71,-0.03052,0.9995341562948211,0.91084
InterposePUF,25,1.72,-0.03028,0.999541455668548,0.90844
InterposePUF,25,1.73,-0.02988,0.999553493115801,0.90618
InterposePUF,25,1.74,-0.02942,0.9995671381152942,0.90371
InterposePUF,25,1.75,-0.02858,0.9995915083672932,0.90149
InterposePUF,25,1.76,-0.02814,0.9996039917887486,0.89949
InterposePUF,25,1.77,-0.02794,0.9996096019946991,0.89771
InterposePUF,25,1.78,-0.02746,0.9996229030989638,0.89545
InterposePUF,25,1.79,-0.02734,0.9996261923339143,0.89323
InterposePUF,25,1.8,-0.02708,0.9996332695543901,0.89076
InterposePUF,25,1.81,-0.02736,0.9996256451292154,0.88866
InterposePUF,25,1.82,-0.02728,0.9996278315453205,0.88668
InterposePUF,25,1.83,-0.02736,0.9996256451292154,0.88456
InterposePUF,25,1.84,-0.02696,0.999636513138651,0.88256
InterposePUF,25,1.85,-0.02688,0.9996386675194192,0.88044
InterposePUF,25,1.86,-0.02624,0.9996556719190863,0.878
InterposePUF,25,1.87,-0.02562,0.9996717539272577,0.87573
InterposePUF,25,1.88,-0.02554,0.9996738009971052,0.87357
InterposePUF,25,1.89,-0.02544,0.9996763508256058,0.87162
InterposePUF,25,1.9,-0.02456,0.9996983577059632,0.86926
InterposePUF,25,1.91,-0.02472,0.9996944141086315,0.86722
InterposePUF,25,1.92,-0.02462,0.9996968818596965,0.86493
InterposePUF,25,1.93,-0.02432,0.9997042250585919,0.86294
InterposePUF,25,1.94,-0.0244,0.9997022756801145,0.86078
InterposePUF,25,1.95,-0.02396,0.9997129179919603,0.85846
InterposePUF,25,1.96,-0.0238,0.9997167398818527,0.85634
InterposePUF,25,1.97,-0.02372,0.999718641218618,0.85434
InterposePUF,25,1.98,-0.02374,0.9997181664849348,0.85235
InterposePUF,25,1.99,-0.02344,0.9997252454549699,0.85032
InterposePUF,25,2.0,-0.02308,0.9997336213211996,0.84828
InterposePUF,25,2.01,-0.02286,0.9997386760548979,0.84633
InterposePUF,25,2.02,-0.02312,0.9997326970745731,0.84434
InterposePUF,25,2.03,-0.02312,0.9997326970745732,0.84254
InterposePUF,25,2.04,-0.0233,0.9997285181488024,0.84041
InterposePUF,25,2.05,-0.02404,0.9997109974387599,0.83874
InterposePUF,25,2.06,-0.02402,0.999711478177579,0.83683
InterposePUF,25,2.07,-0.0242,0.9997071371156654,0.83482
InterposePUF,25,2.08,-0.0245,0.9996998299489701,0.83275
InterposePUF,25,2.09,-0.02404,0.99971099743876,0.831
InterposePUF,25,2.1,-0.02408,0.9997100347600798,0.82922
InterposePUF,25,2.11,-0.02388,0.9997148321396456,0.82686
InterposePUF,25,2.12,-0.02372,0.999718641218618,0.82484
InterposePUF,25,2.13,-0.02382,0.9997162635468124,0.82297
InterposePUF,25,2.14,-0.02332,0.9997280518220942,0.82106
InterposePUF,25,2.15,-0.02306,0.999734082844033,0.81923
InterposePUF,25,2.16,-0.02292,0.9997373022949578,0.81752
InterposePUF,25,2.17,-0.0223,0.9997513240801433,0.81563
InterposePUF,25,2.18,-0.02214,0.9997548801581315,0.81333
InterposePUF,25,2.19,-0.0222,0.9997535496311077,0.81172
InterposePUF,25,2.2,-0.02188,0.9997606041448124,0.81002
InterposePUF,25,2.21,-0.02128,0.9997735551613673,0.80808
InterposePUF,25,2.22,-0.02076,0.9997844879772843,0.80642
InterposePUF,25,2.23,-0.02052,0.9997894426327976,0.8045
InterposePUF,25,2.24,-0.02096,0.9997803150692657,0.80268
InterposePUF,25,2.25,-0.02104,0.9997786346987017,0.80068
InterposePUF,25,2.26,-0.02074,0.9997849030666546,0.79903
InterposePUF,25,2.27,-0.02024,0.9997951502182834,0.79748
InterposePUF,25,2.28,-0.02008,0.9997983764739768,0.7958
InterposePUF,25,2.29,-0.01942,0.9998114140176636,0.79417
InterposePUF,25,2.3,-0.01874,0.9998243907807008,0.79243
InterposePUF,25,2.31,-0.01832,0.9998321747173372,0.79074
InterposePUF,25,2.32,-0.01822,0.9998340020223359,0.78907
InterposePUF,25,2.33,-0.01852,0.9998284900921759,0.78754
InterposePUF,25,2.34,-0.01814,0.9998354566627452,0.78579
InterposePUF,25,2.35,-0.01842,0.9998303374073024,0.78409
InterposePUF,25,2.36,-0.01832,0.9998321747173371,0.78248
InterposePUF,25,2.37,-0.01826,0.9998332723009372,0.78087
InterposePUF,25,2.38,-0.01788,0.9998401400223937,0.77924
InterposePUF,25,2.39,-0.01788,0.9998401400223937,0.77752
InterposePUF,25,2.4,-0.01708,0.9998541261604116,0.77594
InterposePUF,25,2.41,-0.01696,0.9998561688563011,0.77442
InterposePUF,25,2.42,-0.01684,0.9998581971459752,0.77266
InterposePUF,25,2.43,-0.01648,0.9998641955785793,0.77118
InterposePUF,25,2.44,-0.01662,0.9998618782611925,0.76939
InterposePUF,25,2.45,-0.01662,0.9998618782611925,0.76781
InterposePUF,25,2.46,-0.01666,0.9998612125690245,0.76605
InterposePUF,25,2.47,-0.01696,0.999856168856301,0.76452
InterposePUF,25,2.48,-0.01712,0.9998534420603852,0.76296
InterposePUF,25,2.49,-0.01696,0.999856168856301,0.76156
InterposePUF,25,2.5,-0.01698,0.9998558294074202,0.75987
InterposePUF,25,2.51,-0.0166,0.9998622105070276,0.75858
InterposePUF,25,2.52,-0.01658,0.9998625423526976,0.75727
InterposePUF,25,2.53,-0.01654,0.9998632048435425,0.75587
InterposePUF,25,2.54,-0.01614,0.9998697417163896,0.75425
InterposePUF,25,2.55,-0.01642,0.9998651827121496,0.75309
InterposePUF,25,2.56,-0.01618,0.9998690952319708,0.75195
InterposePUF,25,2.57,-0.016,0.9998719918069512,0.75072
InterposePUF,25,2.58,-0.01618,0.999869095231971,0.74943
InterposePUF,25,2.59,-0.0163,0.9998671461749304,0.74799
InterposePUF,25,2.6,-0.01626,0.9998677974612443,0.74655
InterposePUF,25,2.61,-0.01638,0.9998658388003865,0.74521
InterposePUF,25,2.62,-0.016,0.9998719918069513,0.7438
InterposePUF,25,2.63,-0.01546,0.9998804870583284,0.74243
InterposePUF,25,2.64,-0.01528,0.9998832539851841,0.74116
InterposePUF,25,2.65,-0.01486,0.999889584104165,0.73991
InterposePUF,25,2.66,-0.01424,0.9998986060596344,0.73874
InterposePUF,25,2.67,-0.01328,0.9999118169118715,0.73738
InterposePUF,25,2.68,-0.01324,0.9999123473585071,0.73574
InterposePUF,25,2.69,-0.01296,0.9999160156733164,0.73442
InterposePUF,25,2.7,-0.01288,0.9999170493595957,0.73298
InterposePUF,25,2.71,-0.01328,0.9999118169118714,0.73184
InterposePUF,25,2.72,-0.01282,0.9999178204232586,0.73051
InterposePUF,25,2.73,-0.01258,0.9999208686691162,0.72911
InterposePUF,25,2.74,-0.01234,0.999923859301297,0.72817
InterposePUF,25,2.75,-0.01252,0.9999216217284231,0.7269
InterposePUF,25,2.76,-0.01248,0.9999221217674903,0.72544
InterposePUF,25,2.77,-0.01214,0.9999263074847069,0.72411
InterposePUF,25,2.78,-0.01186,0.9999296677266858,0.72279
InterposePUF,25,2.79,-0.01168,0.9999317864734573,0.72152
InterposePUF,25,2.8,-0.01132,0.9999359267473091,0.7204
InterposePUF,25,2.81,-0.0115,0.9999338728135976,0.71911
InterposePUF,25,2.82,-0.01118,0.9999375018469904,0.71765
InterposePUF,25,2.83,-0.0107,0.9999427533614111,0.71653
InterposePUF,25,2.84,-0.01076,0.9999421095243466,0.71556
InterposePUF,25,2.85,-0.0107,0.999942753361411,0.71417
InterposePUF,25,2.86,-0.01078,0.9999418941118531,0.71335
InterposePUF,25,2.87,-0.01032,0.9999467473820792,0.71212
InterposePUF,25,2.88,-0.01036,0.9999463337599671,0.71098
InterposePUF,25,2.89,-0.01024,0.9999475698255382,0.70986
InterposePUF,25,2.9,-0.01002,0.9999497985399065,0.70875
InterposePUF,25,2.91,-0.0103,0.9999469535930394,0.70779
InterposePUF,25,2.92,-0.00978,0.9999521746563682,0.70705
InterposePUF,25,2.93,-0.0091,0.9999585941427775,0.70615
InterposePUF,25,2.94,-0.00894,0.9999600374014952,0.70503
InterposePUF,25,2.95,-0.00928,0.9999569398729127,0.7039
InterposePUF,25,2.96,-0.0094,0.9999558190240209,0.7029
InterposePUF,25,2.97,-0.00928,0.9999569398729126,0.70176
InterposePUF,25,2.98,-0.00926,0.9999571252808792,0.70105
InterposePUF,25,2.99,-0.00954,0.9999544931645641,0.69991
InterposePUF,25,3.0,-0.0091,0.9999585941427775,0.69873
InterposePUF,30,0.5,-0.03944,0.9992219405117163,0.80949
InterposePUF,30,0.51,-0.03988,0.9992044763710778,0.81131
InterposePUF,30,0.52,-0.03962,0.9992148195458274,0.81314
InterposePUF,30,0.53,-0.03946,0.9992211508970376,0.81498
InterposePUF,30,0.54,-0.03934,0.999225882571103,0.81682
InterposePUF,30,0.55,-0.03928,0.9992282429955631,0.81877
InterposePUF,30,0.56,-0.03928,0.9992282429955631,0.82051
InterposePUF,30,0.57,-0.03918,0.9992321690177913,0.82236
InterposePUF,30,0.58,-0.03896,0.9992407709856519,0.82451
InterposePUF,30,0.59,-0.03874,0.999249324443104,0.8264
InterposePUF,30,0.6,-0.03844,0.9992609100730397,0.82835
InterposePUF,30,0.61,-0.03888,0.9992438869465252,0.83041
InterposePUF,30,0.62,-0.03914,0.9992337366202163,0.8324
InterposePUF,30,0.63,-0.03938,0.9992243069501462,0.83448
InterposePUF,30,0.64,-0.03974,0.999210054192811,0.83624
InterposePUF,30,0.65,-0.03996,0.9992012802233592,0.83791
InterposePUF,30,0.66,-0.04006,0.9991972760171037,0.84
InterposePUF,30,0.67,-0.03982,0.9992068692718241,0.84218
InterposePUF,30,0.68,-0.0395,0.9992195704648703,0.84412
InterposePUF,30,0.69,-0.03926,0.9992290290018602,0.84612
InterposePUF,30,0.7,-0.03916,0.9992329530194649,0.84807
InterposePUF,30,0.71,-0.03878,0.9992477728771778,0.8499
InterposePUF,30,0.72,-0.03848,0.9992593705339972,0.85219
InterposePUF,30,0.73,-0.03786,0.9992830531936383,0.85406
InterposePUF,30,0.74,-0.03738,0.9993011235858789,0.85626
InterposePUF,30,0.75,-0.03702,0.9993145248619176,0.85846
InterposePUF,30,0.76,-0.03682,0.9993219138996202,0.86084
InterposePUF,30,0.77,-0.037,0.9993152655693798,0.86269
InterposePUF,30,0.78,-0.03624,0.9993431154513448,0.86489
InterposePUF,30,0.79,-0.03622,0.9993438405273734,0.86692
InterposePUF,30,0.8,-0.03644,0.9993358426475055,0.86909
InterposePUF,30,0.81,-0.03654,0.9993321912157139,0.87134
InterposePUF,30,0.82,-0.03658,0.9993307278373862,0.87332
InterposePUF,30,0.83,-0.0366,0.9993299955470164,0.87545
InterposePUF,30,0.84,-0.03674,0.9993248582918371,0.87756
InterposePUF,30,0.85,-0.0366,0.9993299955470163,0.88007
InterposePUF,30,0.86,-0.03682,0.9993219138996201,0.8823
InterposePUF,30,0.87,-0.03686,0.9993204392986265,0.88432
InterposePUF,30,0.88,-0.03684,0.9993211767995314,0.88647
InterposePUF,30,0.89,-0.0367,0.999326328083074,0.88842
InterposePUF,30,0.9,-0.03642,0.9993365717314663,0.89076
InterposePUF,30,0.91,-0.03648,0.9993343832771892,0.89283
InterposePUF,30,0.92,-0.03654,0.9993321912157139,0.89508
InterposePUF,30,0.93,-0.03718,0.9993085847724916,0.89734
InterposePUF,30,0.94,-0.03718,0.9993085847724917,0.89958
InterposePUF,30,0.95,-0.03658,0.9993307278373862,0.90182
InterposePUF,30,0.96,-0.03676,0.9993241227950016,0.90377
InterposePUF,30,0.97,-0.03618,0.9993452894770657,0.90624
InterposePUF,30,0.98,-0.0362,0.999344565202613,0.90855
InterposePUF,30,0.99,-0.0357,0.9993625518299152,0.9107
InterposePUF,30,1.0,-0.03588,0.9993561054999363,0.91293
InterposePUF,30,1.01,-0.03528,0.9993774670263483,0.91539
InterposePUF,30,1.02,-0.03514,0.999382399484802,0.918
InterposePUF,30,1.03,-0.03526,0.9993781728655073,0.92056
InterposePUF,30,1.04,-0.03506,0.9993852092161462,0.92282
InterposePUF,30,1.05,-0.03478,0.9993949927831339,0.92522
InterposePUF,30,1.06,-0.0347,0.9993977736617188,0.92758
InterposePUF,30,1.07,-0.03476,0.9993956886038681,0.92977
InterposePUF,30,1.08,-0.03456,0.9994026247714182,0.93215
InterposePUF,30,1.09,-0.03512,0.9993831025187488,0.93469
InterposePUF,30,1.1,-0.03534,0.9993753471043799,0.9371
InterposePUF,30,1.11,-0.03542,0.9993725149312443,0.93958
InterposePUF,30,1.12,-0.03512,0.9993831025187486,0.94179
InterposePUF,30,1.13,-0.03468,0.999398467879554,0.94431
InterposePUF,30,1.14,-0.0346,0.9994012407436764,0.94677
InterposePUF,30,1.15,-0.03432,0.9994108952778132,0.94937
InterposePUF,30,1.16,-0.03432,0.9994108952778132,0.95161
InterposePUF,30,1.17,-0.03484,0.9993929029165658,0.95393
InterposePUF,30,1.18,-0.03488,0.9993915076685412,0.95631
InterposePUF,30,1.19,-0.03448,0.9994053880182957,0.95883
InterposePUF,30,1.2,-0.03382,0.9994279401737776,0.96142
InterposePUF,30,1.21,-0.034,0.99942183286138,0.96395
InterposePUF,30,1.22,-0.03444,0.9994067672374445,0.96649
InterposePUF,30,1.23,-0.03454,0.999403316184212,0.96912
InterposePUF,30,1.24,-0.03478,0.9993949927831338,0.97168
InterposePUF,30,1.25,-0.03492,0.9993901108175925,0.97433
InterposePUF,30,1.26,-0.0348,0.9993942965616724,0.97695
InterposePUF,30,1.27,-0.0348,0.9993942965616724,0.97947
InterposePUF,30,1.28,-0.03522,0.9993795833415849,0.98222
InterposePUF,30,1.29,-0.03502,0.9993866116773829,0.9847
InterposePUF,30,1.3,-0.03516,0.999381696050113,0.98707
InterposePUF,30,1.31,-0.03456,0.9994026247714183,0.98967
InterposePUF,30,1.32,-0.03406,0.9994197898781073,0.99248
InterposePUF,30,1.33,-0.0341,0.9994184258857747,0.99504
InterposePUF,30,1.34,-0.03362,0.9994346880111777,0.99748
InterposePUF,30,1.35,-0.03294,0.9994573309551539,1.0
InterposePUF,30,1.36,-0.03312,0.9994513823093146,0.99755
InterposePUF,30,1.37,-0.03294,0.9994573309551539,0.99498
InterposePUF,30,1.38,-0.03264,0.9994671732478262,0.99251
InterposePUF,30,1.39,-0.0333,0.9994454012100912,0.98986
InterposePUF,30,1.4,-0.0335,0.999438717480967,0.98722
InterposePUF,30,1.41,-0.03328,0.9994460673793258,0.98493
InterposePUF,30,1.42,-0.03336,0.9994434002983862,0.98231
InterposePUF,30,1.43,-0.03338,0.9994427325264815,0.97964
InterposePUF,30,1.44,-0.0333,0.9994454012100912,0.97728
InterposePUF,30,1.45,-0.03326,0.9994467331478953,0.97486
InterposePUF,30,1.46,-0.03366,0.9994333416491566,0.97246
InterposePUF,30,1.47,-0.03386,0.9994265857980764,0.97022
InterposePUF,30,1.48,-0.03318,0.9994493922155337,0.9679
InterposePUF,30,1.49,-0.03272,0.9994645574506381,0.96521
InterposePUF,30,1.5,-0.03286,0.999459964380765,0.9628
InterposePUF,30,1.51,-0.033,0.9994553516791032,0.96027
InterposePUF,30,1.52,-0.03278,0.9994625913959962,0.9578
InterposePUF,30,1.53,-0.03282,0.9994612786896749,0.95524
InterposePUF,30,1.54,-0.03258,0.9994691308889936,0.95302
InterposePUF,30,1.55,-0.03226,0.9994795107454678,0.95078
InterposePUF,30,1.56,-0.0323,0.9994782188722273,0.94824
InterposePUF,30,1.57,-0.03192,0.9994904269676623,0.94597
InterposePUF,30,1.58,-0.03166,0.9994986965474242,0.94332
InterposePUF,30,1.59,-0.03168,0.9994980628295383,0.94051
InterposePUF,30,1.6,-0.03166,0.9994986965474242,0.93772
InterposePUF,30,1.61,-0.03088,0.9995230990827576,0.93537
InterposePUF,30,1.62,-0.03088,0.9995230990827576,0.93317
InterposePUF,30,1.63,-0.0313,0.9995100349671334,0.93076
InterposePUF,30,1.64,-0.03154,0.9995024904421199,0.92828
InterposePUF,30,1.65,-0.03148,0.9995043819813898,0.92605
InterposePUF,30,1.66,-0.0314,0.9995068984254187,0.92379
InterposePUF,30,1.67,-0.03106,0.9995175218073968,0.92174
InterposePUF,30,1.68,-0.03034,0.9995396362326008,0.91952
InterposePUF,30,1.69,-0.03004,0.999548697362965,0.91717
InterposePUF,30,1.7,-0.03058,0.9995323224388494,0.9149
InterposePUF,30,1.71,-0.03074,0.9995274145314875,0.91256
InterposePUF,30,1.72,-0.0307,0.999528643911719,0.91044
InterposePUF,30,1.73,-0.03042,0.99953720471026,0.908
InterposePUF,30,1.74,-0.0304,0.9995378131916772,0.90583
InterposePUF,30,1.75,-0.0302,0.9995438759754373,0.90357
InterposePUF,30,1.76,-0.03028,0.999541455668548,0.90145
InterposePUF,30,1.77,-0.02976,0.9995570731078843,0.89917
InterposePUF,30,1.78,-0.02928,0.9995712488862412,0.89687
InterposePUF,30,1.79,-0.0282,0.9996023009177201,0.89477
InterposePUF,30,1.8,-0.02804,0.9996068018976263,0.89295
InterposePUF,30,1.81,-0.0278,0.9996135053109276,0.89095
InterposePUF,30,1.82,-0.0272,0.9996300115542749,0.88897
InterposePUF,30,1.83,-0.02746,0.9996229030989637,0.88656
InterposePUF,30,1.84,-0.027,0.9996354335456501,0.88427
InterposePUF,30,1.85,-0.02742,0.9996240011124183,0.88226
InterposePUF,30,1.86,-0.02714,0.9996316423563231,0.88032
InterposePUF,30,1.87,-0.02726,0.9996283771482279,0.87828
InterposePUF,30,1.88,-0.02708,0.99963326955439,0.87629
InterposePUF,30,1.89,-0.02662,0.9996456250091831,0.87414
InterposePUF,30,1.9,-0.02612,0.9996588145962602,0.87191
InterposePUF,30,1.91,-0.0258,0.9996671245969831,0.86963
InterposePUF,30,1.92,-0.0255,0.9996748221296763,0.86754
InterposePUF,30,1.93,-0.02542,0.9996768595901379,0.86572
InterposePUF,30,1.94,-0.02454,0.9996988488539936,0.86346
InterposePUF,30,1.95,-0.0247,0.999694908459576,0.86146
InterposePUF,30,1.96,-0.02454,0.9996988488539937,0.8592
InterposePUF,30,1.97,-0.0242,0.9997071371156654,0.85731
InterposePUF,30,1.98,-0.02436,0.9997032511700658,0.85515
InterposePUF,30,1.99,-0.02398,0.9997124384541787,0.85302
InterposePUF,30,2.0,-0.02376,0.9997176913509134,0.85087
InterposePUF,30,2.01,-0.02362,0.999721008881978,0.84896
InterposePUF,30,2.02,-0.02394,0.9997133971293971,0.847
InterposePUF,30,2.03,-0.0235,0.999723836866962,0.84494
InterposePUF,30,2.04,-0.023,0.9997354650106196,0.84297
InterposePUF,30,2.05,-0.0228,0.999740046212014,0.84107
InterposePUF,30,2.06,-0.023,0.9997354650106197,0.83911
InterposePUF,30,2.07,-0.02308,0.9997336213211997,0.83729
InterposePUF,30,2.08,-0.0232,0.999730843777464,0.83531
InterposePUF,30,2.09,-0.02386,0.9997153096757098,0.8336
InterposePUF,30,2.1,-0.02392,0.9997138758664903,0.83207
InterposePUF,30,2.11,-0.02414,0.9997085877394475,0.82986
InterposePUF,30,2.12,-0.02432,0.999704225058592,0.82803
InterposePUF,30,2.13,-0.0241,0.9997095528202178,0.82624
InterposePUF,30,2.14,-0.02422,0.9997066527737023,0.82454
InterposePUF,30,2.15,-0.02406,0.9997105162995937,0.82242
InterposePUF,30,2.16,-0.02392,0.9997138758664902,0.82031
InterposePUF,30,2.17,-0.02366,0.999720063017643,0.81846
InterposePUF,30,2.18,-0.0236,0.999721481213643,0.81665
InterposePUF,30,2.19,-0.02348,0.9997243067966287,0.81473
InterposePUF,30,2.2,-0.02308,0.9997336213211996,0.81313
InterposePUF,30,2.21,-0.02226,0.9997522155014212,0.81144
InterposePUF,30,2.22,-0.02232,0.9997508777690571,0.80949
InterposePUF,30,2.23,-0.02222,0.999753105321509,0.8073
InterposePUF,30,2.24,-0.02212,0.99975532286655,0.80573
InterposePUF,30,2.25,-0.0216,0.9997666927838715,0.80407
InterposePUF,30,2.26,-0.0212,0.9997752547447851,0.80231
InterposePUF,30,2.27,-0.02068,0.9997861459332191,0.80075
InterposePUF,30,2.28,-0.02074,0.9997849030666545,0.79888
InterposePUF,30,2.29,-0.021,0.9997794756845131,0.79695
InterposePUF,30,2.3,-0.02096,0.9997803150692657,0.79523
InterposePUF,30,2.31,-0.02056,0.9997886208594294,0.79343
InterposePUF,30,2.32,-0.02014,0.9997971696299203,0.79198
InterposePUF,30,2.33,-0.02,0.999799979995999,0.79043
InterposePUF,30,2.34,-0.0192,0.9998156630099373,0.78885
InterposePUF,30,2.35,-0.01866,0.9998258870423389,0.78702
InterposePUF,30,2.36,-0.01838,0.9998310735319242,0.78552
InterposePUF,30,2.37,-0.01814,0.9998354566627452,0.78392
InterposePUF,30,2.38,-0.01852,0.999828490092176,0.78239
InterposePUF,30,2.39,-0.01814,0.9998354566627452,0.78064
InterposePUF,30,2.4,-0.01842,0.9998303374073023,0.77908
InterposePUF,30,2.41,-0.01838,0.9998310735319241,0.7776
InterposePUF,30,2.42,-0.01826,0.9998332723009372,0.77602
InterposePUF,30,2.43,-0.01788,0.9998401400223937,0.77443
InterposePUF,30,2.44,-0.01792,0.9998394239076591,0.77279
InterposePUF,30,2.45,-0.01698,0.9998558294074201,0.7712
InterposePUF,30,2.46,-0.01686,0.9998578600981242,0.76974
InterposePUF,30,2.47,-0.01696,0.999856168856301,0.76805
InterposePUF,30,2.48,-0.01632,0.9998668199315346,0.76659
InterposePUF,30,2.49,-0.0168,0.9998588700411675,0.76485
InterposePUF,30,2.5,-0.01654,0.9998632048435424,0.7633
InterposePUF,30,2.51,-0.01678,0.9998592058885091,0.76172
InterposePUF,30,2.52,-0.01696,0.999856168856301,0.76019
InterposePUF,30,2.53,-0.01718,0.9998524129090253,0.75868
InterposePUF,30,2.54,-0.01678,0.9998592058885091,0.75722
InterposePUF,30,2.55,-0.01674,0.999859876382686,0.75572
InterposePUF,30,2.56,-0.01672,0.9998602110295218,0.75435
InterposePUF,30,2.57,-0.01636,0.9998661662442628,0.75301
InterposePUF,30,2.58,-0.0166,0.9998622105070276,0.75177
InterposePUF,30,2.59,-0.01608,0.9998707084418464,0.75031
InterposePUF,30,2.6,-0.01642,0.9998651827121496,0.7489
InterposePUF,30,2.61,-0.01614,0.9998697417163895,0.74796
InterposePUF,30,2.62,-0.01602,0.9998716715659065,0.74672
InterposePUF,30,2.63,-0.01608,0.9998707084418466,0.74549
InterposePUF,30,2.64,-0.0162,0.9998687713895258,0.74409
InterposePUF,30,2.65,-0.0164,0.9998655109563485,0.74277
InterposePUF,30,2.66,-0.01624,0.9998681225041631,0.74155
InterposePUF,30,2.67,-0.01638,0.9998658388003864,0.7402
InterposePUF,30,2.68,-0.01556,0.9998789358717384,0.73879
InterposePUF,30,2.69,-0.0155,0.9998798677841254,0.7375
InterposePUF,30,2.7,-0.01506,0.9998865917692867,0.73626
InterposePUF,30,2.71,-0.01454,0.9998942886125514,0.73516
InterposePUF,30,2.72,-0.01378,0.9999050512923714,0.734
InterposePUF,30,2.73,-0.0133,0.9999115510883952,0.73248
InterposePUF,30,2.74,-0.01294,0.9999162746950366,0.73084
InterposePUF,30,2.75,-0.0131,0.9999141913184352,0.72964
InterposePUF,30,2.76,-0.01282,0.9999178204232586,0.72834
InterposePUF,30,2.77,-0.01298,0.9999157562514954,0.7272
InterposePUF,30,2.78,-0.01266,0.9999198589887092,0.72614
InterposePUF,30,2.79,-0.01282,0.9999178204232585,0.72488
InterposePUF,30,2.8,-0.01254,0.9999213711087487,0.72378
InterposePUF,30,2.81,-0.01266,0.999919858988709,0.72256
InterposePUF,30,2.82,-0.01252,0.9999216217284232,0.72117
InterposePUF,30,2.83,-0.01206,0.9999272755555775,0.71968
InterposePUF,30,2.84,-0.01188,0.9999294303099593,0.71849
InterposePUF,30,2.85,-0.0115,0.9999338728135977,0.71736
InterposePUF,30,2.86,-0.01144,0.9999345610588725,0.71625
InterposePUF,30,2.87,-0.0115,0.9999338728135977,0.71494
InterposePUF,30,2.88,-0.01124,0.9999368292047252,0.71355
InterposePUF,30,2.89,-0.01068,0.9999429671736283,0.71249
InterposePUF,30,2.9,-0.01072,0.9999425391491253,0.71155
InterposePUF,30,2.91,-0.01068,0.9999429671736283,0.71019
InterposePUF,30,2.92,-0.0108,0.9999416782992895,0.70941
InterposePUF,30,2.93,-0.01042,0.9999457103263157,0.70824
InterposePUF,30,2.94,-0.01038,0.9999461263488149,0.70712
InterposePUF,30,2.95,-0.0102,0.9999479786468894,0.70607
InterposePUF,30,2.96,-0.01004,0.9999495979298157,0.70497
InterposePUF,30,2.97,-0.01026,0.9999473648147684,0.70404
InterposePUF,30,2.98,-0.00988,0.9999511916088702,0.70335
InterposePUF,30,2.99,-0.00924,0.9999573102887943,0.70247
InterposePUF,30,3.0,-0.00908,0.9999587759502889,0.70151
InterposePUF,35,0.5,-0.0396,0.9992156123680214,0.81324
InterposePUF,35,0.51,-0.0394,0.9992235185382699,0.81492
InterposePUF,35,0.52,-0.03984,0.9992060720391964,0.81674
InterposePUF,35,0.53,-0.0396,0.9992156123680214,0.81848
InterposePUF,35,0.54,-0.03952,0.9992187796473803,0.82032
InterposePUF,35,0.55,-0.03924,0.9992298146072305,0.8221
InterposePUF,35,0.56,-0.03922,0.9992305998116751,0.82397
InterposePUF,35,0.57,-0.03918,0.9992321690177913,0.82565
InterposePUF,35,0.58,-0.03934,0.999225882571103,0.82755
InterposePUF,35,0.59,-0.03894,0.9992415505772364,0.82961
InterposePUF,35,0.6,-0.03886,0.9992446649344693,0.83167
InterposePUF,35,0.61,-0.03838,0.999263216374945,0.83355
InterposePUF,35,0.62,-0.03888,0.9992438869465252,0.8355
InterposePUF,35,0.63,-0.03904,0.999237648610179,0.83748
InterposePUF,35,0.64,-0.03926,0.9992290290018602,0.83961
InterposePUF,35,0.65,-0.03964,0.9992140263226894,0.84142
InterposePUF,35,0.66,-0.0398,0.9992076661034982,0.84312
InterposePUF,35,0.67,-0.04028,0.9991884314782673,0.84502
InterposePUF,35,0.68,-0.0398,0.9992076661034983,0.84708
InterposePUF,35,0.69,-0.03944,0.9992219405117162,0.8491
InterposePUF,35,0.7,-0.03946,0.9992211508970374,0.85121
InterposePUF,35,0.71,-0.03924,0.9992298146072305,0.85308
InterposePUF,35,0.72,-0.03908,0.9992360850169494,0.85488
InterposePUF,35,0.73,-0.03858,0.9992555146707973,0.85693
InterposePUF,35,0.74,-0.03802,0.9992769784198973,0.85901
InterposePUF,35,0.75,-0.0376,0.9992928699835699,0.86106
InterposePUF,35,0.76,-0.03712,0.9993108153122331,0.86318
InterposePUF,35,0.77,-0.03704,0.9993137837536317,0.86548
InterposePUF,35,0.78,-0.03692,0.9993182243910096,0.86762
InterposePUF,35,0.79,-0.03656,0.9993314597269517,0.86962
InterposePUF,35,0.8,-0.03614,0.9993467368236113,0.87169
InterposePUF,35,0.81,-0.03632,0.9993402111393295,0.8736
InterposePUF,35,0.82,-0.03652,0.9993329223036735,0.87586
InterposePUF,35,0.83,-0.03652,0.9993329223036735,0.87804
InterposePUF,35,0.84,-0.03672,0.9993255933878606,0.87994
InterposePUF,35,0.85,-0.03678,0.9993233868973548,0.88223
InterposePUF,35,0.86,-0.03676,0.9993241227950017,0.88438
InterposePUF,35,0.87,-0.0368,0.9993226505988946,0.8867
InterposePUF,35,0.88,-0.03674,0.9993248582918371,0.88883
InterposePUF,35,0.89,-0.03702,0.9993145248619176,0.89097
InterposePUF,35,0.9,-0.03672,0.9993255933878606,0.89294
InterposePUF,35,0.91,-0.03672,0.9993255933878608,0.89514
InterposePUF,35,0.92,-0.03632,0.9993402111393295,0.89726
InterposePUF,35,0.93,-0.03642,0.9993365717314663,0.89927
InterposePUF,35,0.94,-0.0366,0.9993299955470165,0.90164
InterposePUF,35,0.95,-0.03726,0.9993056051078669,0.90377
InterposePUF,35,0.96,-0.03712,0.9993108153122331,0.90602
InterposePUF,35,0.97,-0.03656,0.9993314597269517,0.90826
InterposePUF,35,0.98,-0.0367,0.9993263280830742,0.91011
InterposePUF,35,0.99,-0.03618,0.9993452894770657,0.91257
InterposePUF,35,1.0,-0.03622,0.9993438405273734,0.91483
InterposePUF,35,1.01,-0.03582,0.9993582578835281,0.91695
InterposePUF,35,1.02,-0.03596,0.9993532300443122,0.91916
InterposePUF,35,1.03,-0.03526,0.9993781728655073,0.92147
InterposePUF,35,1.04,-0.03504,0.9993859106471333,0.92414
InterposePUF,35,1.05,-0.03532,0.9993760541457856,0.9266
InterposePUF,35,1.06,-0.03508,0.9993845073844201,0.92896
InterposePUF,35,1.07,-0.03474,0.9993963840238768,0.93115
InterposePUF,35,1.08,-0.03456,0.9994026247714182,0.93366
InterposePUF,35,1.09,-0.03476,0.9993956886038681,0.93572
InterposePUF,35,1.1,-0.03478,0.9993949927831339,0.93795
InterposePUF,35,1.11,-0.03474,0.9993963840238766,0.94059
InterposePUF,35,1.12,-0.03504,0.9993859106471334,0.94294
InterposePUF,35,1.13,-0.03534,0.9993753471043799,0.94533
InterposePUF,35,1.14,-0.03516,0.999381696050113,0.94754
InterposePUF,35,1.15,-0.03468,0.999398467879554,0.94996
InterposePUF,35,1.16,-0.0347,0.9993977736617188,0.95235
InterposePUF,35,1.17,-0.0344,0.9994081448537429,0.95494
InterposePUF,35,1.18,-0.03424,0.9994136392905595,0.95732
InterposePUF,35,1.19,-0.03428,0.9994122680855984,0.95956
InterposePUF,35,1.2,-0.03498,0.9993880125356717,0.96193
InterposePUF,35,1.21,-0.0346,0.9994012407436765,0.96416
InterposePUF,35,1.22,-0.03436,0.9994095208671967,0.96682
InterposePUF,35,1.23,-0.03378,0.9994292929467297,0.96923
InterposePUF,35,1.24,-0.0344,0.9994081448537427,0.97184
InterposePUF,35,1.25,-0.03474,0.9993963840238766,0.97429
InterposePUF,35,1.26,-0.03476,0.9993956886038682,0.9769
InterposePUF,35,1.27,-0.03488,0.9993915076685412,0.97962
InterposePUF,35,1.28,-0.03474,0.9993963840238768,0.98213
InterposePUF,35,1.29,-0.03506,0.9993852092161462,0.98465
InterposePUF,35,1.3,-0.03496,0.999388712363713,0.9872
InterposePUF,35,1.31,-0.0353,0.9993767607864411,0.98971
InterposePUF,35,1.32,-0.03492,0.9993901108175925,0.99212
InterposePUF,35,1.33,-0.0349,0.9993908094434328,0.99453
InterposePUF,35,1.34,-0.0341,0.9994184258857747,0.99729
InterposePUF,35,1.35,-0.03412,0.9994177432885608,1.0
InterposePUF,35,1.36,-0.03426,0.9994129538884315,0.99745
InterposePUF,35,1.37,-0.03338,0.9994427325264815,0.99507
InterposePUF,35,1.38,-0.03304,0.999454030158466,0.99262
InterposePUF,35,1.39,-0.03312,0.9994513823093146,0.99028
InterposePUF,35,1.4,-0.03274,0.9994639024997352,0.98781
InterposePUF,35,1.41,-0.0328,0.9994619352431587,0.98528
InterposePUF,35,1.42,-0.03328,0.9994460673793258,0.9828
InterposePUF,35,1.43,-0.03354,0.9994373759270764,0.98037
InterposePUF,35,1.44,-0.03328,0.9994460673793258,0.97802
InterposePUF,35,1.45,-0.03338,0.9994427325264815,0.97537
InterposePUF,35,1.46,-0.03334,0.999444067669622,0.97285
InterposePUF,35,1.47,-0.03332,0.99944473464019,0.97056
InterposePUF,35,1.48,-0.03328,0.999446067379326,0.96818
InterposePUF,35,1.49,-0.03366,0.9994333416491566,0.96587
InterposePUF,35,1.5,-0.0338,0.9994286167605968,0.96372
InterposePUF,35,1.51,-0.03322,0.9994480634830405,0.96147
InterposePUF,35,1.52,-0.03274,0.9994639024997352,0.95889
InterposePUF,35,1.53,-0.03284,0.999460621735544,0.9565
InterposePUF,35,1.54,-0.03294,0.9994573309551538,0.95403
InterposePUF,35,1.55,-0.03284,0.999460621735544,0.95156
InterposePUF,35,1.56,-0.03266,0.9994665198994913,0.94909
InterposePUF,35,1.57,-0.0327,0.999465212000898,0.94695
InterposePUF,35,1.58,-0.03228,0.9994788650091607,0.9448
InterposePUF,35,1.59,-0.0321,0.9994846622134831,0.94241
InterposePUF,35,1.6,-0.03218,0.9994820896844526,0.93999
InterposePUF,35,1.61,-0.03178,0.9994948882310504,0.93765
InterposePUF,35,1.62,-0.03196,0.9994891487154826,0.935
InterposePUF,35,1.63,-0.03166,0.9994986965474242,0.93241
InterposePUF,35,1.64,-0.03116,0.9995144093008365,0.92982
InterposePUF,35,1.65,-0.03104,0.9995181431069671,0.92752
InterposePUF,35,1.66,-0.03142,0.9995062699153019,0.92547
InterposePUF,35,1.67,-0.03156,0.9995018591278358,0.92292
InterposePUF,35,1.68,-0.03164,0.9994993298647078,0.92092
InterposePUF,35,1.69,-0.03142,0.9995062699153018,0.91867
InterposePUF,35,1.7,-0.03142,0.9995062699153018,0.91639
InterposePUF,35,1.71,-0.03068,0.9995292580009852,0.9146
InterposePUF,35,1.72,-0.03026,0.9995420613460946,0.91203
InterposePUF,35,1.73,-0.03032,0.999540243111802,0.90996
InterposePUF,35,1.74,-0.03034,0.9995396362326008,0.90779
InterposePUF,35,1.75,-0.0305,0.999534766779025,0.90557
InterposePUF,35,1.76,-0.03086,0.9995237167771459,0.90341
InterposePUF,35,1.77,-0.0304,0.9995378131916772,0.90108
InterposePUF,35,1.78,-0.03062,0.999531097865394,0.89899
InterposePUF,35,1.79,-0.0301,0.9995468923467271,0.89679
InterposePUF,35,1.8,-0.02986,0.9995540907824849,0.89455
InterposePUF,35,1.81,-0.02976,0.9995570731078842,0.89232
InterposePUF,35,1.82,-0.02902,0.9995788311083822,0.89013
InterposePUF,35,1.83,-0.02822,0.9996017364930894,0.88813
InterposePUF,35,1.84,-0.02806,0.9996062406767978,0.88645
InterposePUF,35,1.85,-0.02772,0.9996157269671182,0.88448
InterposePUF,35,1.86,-0.02744,0.9996234523059171,0.88244
InterposePUF,35,1.87,-0.02728,0.9996278315453205,0.88012
InterposePUF,35,1.88,-0.02708,0.99963326955439,0.87798
InterposePUF,35,1.89,-0.02744,0.9996234523059171,0.8759
InterposePUF,35,1.9,-0.02712,0.9996321851561204,0.87414
InterposePUF,35,1.91,-0.02746,0.9996229030989637,0.87221
InterposePUF,35,1.92,-0.02718,0.9996305555554009,0.87019
InterposePUF,35,1.93,-0.0266,0.9996461573977063,0.86818
InterposePUF,35,1.94,-0.02594,0.9996635015844083,0.86593
InterposePUF,35,1.95,-0.02574,0.9996686713106498,0.86375
InterposePUF,35,1.96,-0.0255,0.9996748221296763,0.86175
InterposePUF,35,1.97,-0.02536,0.9996783834814076,0.85992
InterposePUF,35,1.98,-0.02456,0.9996983577059632,0.8577
InterposePUF,35,1.99,-0.02468,0.9996954024101541,0.85578
InterposePUF,35,2.0,-0.02452,0.9996993396016625,0.85362
InterposePUF,35,2.01,-0.02428,0.9997051973456974,0.85172
InterposePUF,35,2.02,-0.02444,0.9997012985887335,0.84972
InterposePUF,35,2.03,-0.024,0.9997119585160519,0.84756
InterposePUF,35,2.04,-0.02376,0.9997176913509134,0.84558
InterposePUF,35,2.05,-0.02364,0.9997205361499782,0.84368
InterposePUF,35,2.06,-0.02386,0.9997153096757098,0.84171
InterposePUF,35,2.07,-0.0235,0.9997238368669621,0.83985
InterposePUF,35,2.08,-0.02318,0.9997313077022247,0.83787
InterposePUF,35,2.09,-0.02286,0.9997386760548979,0.83609
InterposePUF,35,2.1,-0.02314,0.9997322343507785,0.83419
InterposePUF,35,2.11,-0.02316,0.9997317712266626,0.83224
InterposePUF,35,2.12,-0.02314,0.9997322343507784,0.83053
InterposePUF,35,2.13,-0.02356,0.9997224246759698,0.82864
InterposePUF,35,2.14,-0.02388,0.9997148321396455,0.82718
InterposePUF,35,2.15,-0.0242,0.9997071371156654,0.8254
InterposePUF,35,2.16,-0.02442,0.9997017873346031,0.82341
InterposePUF,35,2.17,-0.02426,0.999705682888719,0.82157
InterposePUF,35,2.18,-0.02406,0.9997105162995937,0.81983
InterposePUF,35,2.19,-0.024,0.9997119585160519,0.818
InterposePUF,35,2.2,-0.02382,0.9997162635468125,0.81579
InterposePUF,35,2.21,-0.0238,0.9997167398818528,0.814
InterposePUF,35,2.22,-0.02378,0.9997172158165528,0.81229
InterposePUF,35,2.23,-0.0233,0.9997285181488021,0.81041
InterposePUF,35,2.24,-0.02318,0.9997313077022247,0.80871
InterposePUF,35,2.25,-0.0229,0.9997377606152525,0.80711
InterposePUF,35,2.26,-0.02228,0.9997517699909313,0.80542
InterposePUF,35,2.27,-0.02224,0.9997526606116134,0.80326
InterposePUF,35,2.28,-0.02222,0.999753105321509,0.80167
InterposePUF,35,2.29,-0.02192,0.9997597279346672,0.79996
InterposePUF,35,2.3,-0.02154,0.9997679872850501,0.79827
InterposePUF,35,2.31,-0.02084,0.9997828236172094,0.7966
InterposePUF,35,2.32,-0.0207,0.9997857320446216,0.79489
InterposePUF,35,2.33,-0.02088,0.9997819890356097,0.79322
InterposePUF,35,2.34,-0.02114,0.9997765252295134,0.79135
InterposePUF,35,2.35,-0.02086,0.9997824065265404,0.78967
InterposePUF,35,2.36,-0.02066,0.9997865594215597,0.78799
InterposePUF,35,2.37,-0.02018,0.9997963630659997,0.78657
InterposePUF,35,2.38,-0.01974,0.9998051472161962,0.78499
InterposePUF,35,2.39,-0.01904,0.9998187227692829,0.78366
InterposePUF,35,2.4,-0.01854,0.9998281194285347,0.78169
InterposePUF,35,2.41,-0.01816,0.9998350936029401,0.78036
InterposePUF,35,2.42,-0.018,0.9998379868758738,0.77882
InterposePUF,35,2.43,-0.01846,0.9998295996818656,0.77721
InterposePUF,35,2.44,-0.01826,0.9998332723009372,0.77553
InterposePUF,35,2.45,-0.0184,0.9998307056697149,0.77406
InterposePUF,35,2.46,-0.0183,0.999832540978738,0.77255
InterposePUF,35,2.47,-0.01826,0.9998332723009372,0.77107
InterposePUF,35,2.48,-0.01786,0.9998404974794731,0.76953
InterposePUF,35,2.49,-0.01798,0.9998383467341108,0.76791
InterposePUF,35,2.5,-0.01706,0.9998544676101617,0.76641
InterposePUF,35,2.51,-0.01682,0.9998585337936562,0.76499
InterposePUF,35,2.52,-0.01698,0.9998558294074201,0.76343
InterposePUF,35,2.53,-0.0164,0.9998655109563485,0.76188
InterposePUF,35,2.54,-0.01666,0.9998612125690246,0.76021
InterposePUF,35,2.55,-0.01644,0.9998648540677886,0.75872
InterposePUF,35,2.56,-0.01664,0.9998615456151917,0.75716
InterposePUF,35,2.57,-0.01698,0.9998558294074201,0.75579
InterposePUF,35,2.58,-0.01702,0.999855149309139,0.75423
InterposePUF,35,2.59,-0.01698,0.9998558294074201,0.75275
InterposePUF,35,2.6,-0.01684,0.9998581971459753,0.75148
InterposePUF,35,2.61,-0.01674,0.999859876382686,0.75011
InterposePUF,35,2.62,-0.01664,0.9998615456151917,0.7488
InterposePUF,35,2.63,-0.0163,0.9998671461749306,0.74765
InterposePUF,35,2.64,-0.01618,0.9998690952319708,0.74615
InterposePUF,35,2.65,-0.01634,0.9998664932879788,0.74469
InterposePUF,35,2.66,-0.0163,0.9998671461749307,0.74369
InterposePUF,35,2.67,-0.01624,0.999868122504163,0.74248
InterposePUF,35,2.68,-0.016,0.9998719918069513,0.74138
InterposePUF,35,2.69,-0.01628,0.9998674720181671,0.74018
InterposePUF,35,2.7,-0.01634,0.9998664932879787,0.73881
InterposePUF,35,2.71,-0.01626,0.9998677974612443,0.73753
InterposePUF,35,2.72,-0.01636,0.9998661662442628,0.73624
InterposePUF,35,2.73,-0.01602,0.9998716715659065,0.73497
InterposePUF,35,2.74,-0.01538,0.9998817208050161,0.73363
InterposePUF,35,2.75,-0.01538,0.999881720805016,0.73243
InterposePUF,35,2.76,-0.01502,0.9998871934373399,0.73133
InterposePUF,35,2.77,-0.01448,0.9998951593042144,0.73016
InterposePUF,35,2.78,-0.01344,0.9999096791210692,0.72904
InterposePUF,35,2.79,-0.01332,0.9999112848648124,0.72744
InterposePUF,35,2.8,-0.01294,0.9999162746950365,0.72603
InterposePUF,35,2.81,-0.01264,0.9999201120089544,0.72476
InterposePUF,35,2.82,-0.01304,0.9999149755854242,0.7237
InterposePUF,35,2.83,-0.01296,0.9999160156733164,0.7225
InterposePUF,35,2.84,-0.01248,0.9999221217674904,0.7213
InterposePUF,35,2.85,-0.01262,0.9999203646291039,0.72019
InterposePUF,35,2.86,-0.0124,0.9999231170445055,0.71906
InterposePUF,35,2.87,-0.01266,0.9999198589887092,0.71789
InterposePUF,35,2.88,-0.01242,0.999922868825391,0.71649
InterposePUF,35,2.89,-0.01206,0.9999272755555775,0.71523
InterposePUF,35,2.9,-0.01184,0.9999299047433277,0.714
InterposePUF,35,2.91,-0.01148,0.9999341026287681,0.71282
InterposePUF,35,2.92,-0.01152,0.9999336425983478,0.71186
InterposePUF,35,2.93,-0.01158,0.9999329495521188,0.71055
InterposePUF,35,2.94,-0.0112,0.9999372780329775,0.70922
InterposePUF,35,2.95,-0.01068,0.9999429671736284,0.70828
InterposePUF,35,2.96,-0.01072,0.9999425391491252,0.70732
InterposePUF,35,2.97,-0.01068,0.9999429671736284,0.70602
InterposePUF,35,2.98,-0.01072,0.9999425391491252,0.70526
InterposePUF,35,2.99,-0.01048,0.9999450832920775,0.70414
InterposePUF,35,3.0,-0.0104,0.9999459185375977,0.7031
InterposePUF,40,0.5,-0.03994,0.9992020798617265,0.81708
InterposePUF,40,0.51,-0.0396,0.9992156123680214,0.81873
InterposePUF,40,0.52,-0.03942,0.9992227297254601,0.82034
InterposePUF,40,0.53,-0.03988,0.999204476371078,0.82213
InterposePUF,40,0.54,-0.03952,0.9992187796473804,0.82393
InterposePUF,40,0.55,-0.03954,0.9992179884289514,0.8257
InterposePUF,40,0.56,-0.03936,0.9992250949610905,0.82747
InterposePUF,40,0.57,-0.0393,0.9992274565883387,0.8293
InterposePUF,40,0.58,-0.03914,0.9992337366202163,0.83092
InterposePUF,40,0.59,-0.03928,0.9992282429955631,0.83283
InterposePUF,40,0.6,-0.03892,0.9992423297679097,0.83475
InterposePUF,40,0.61,-0.03878,0.9992477728771779,0.83692
InterposePUF,40,0.62,-0.03854,0.9992570582187548,0.83872
InterposePUF,40,0.63,-0.03892,0.9992423297679097,0.84069
InterposePUF,40,0.64,-0.0389,0.9992431085576724,0.84254
InterposePUF,40,0.65,-0.03906,0.999236867014023,0.84456
InterposePUF,40,0.66,-0.03968,0.9992124386735783,0.84653
InterposePUF,40,0.67,-0.03976,0.9992092585639906,0.84819
InterposePUF,40,0.68,-0.04024,0.9991900431849788,0.85005
InterposePUF,40,0.69,-0.03992,0.9992028790991345,0.85199
InterposePUF,40,0.7,-0.03976,0.9992092585639907,0.85417
InterposePUF,40,0.71,-0.03932,0.9992266697801854,0.85605
InterposePUF,40,0.72,-0.03922,0.9992305998116751,0.85806
InterposePUF,40,0.73,-0.03916,0.9992329530194649,0.85989
InterposePUF,40,0.74,-0.0389,0.9992431085576724,0.86176
InterposePUF,40,0.75,-0.03844,0.9992609100730397,0.86403
InterposePUF,40,0.76,-0.0379,0.9992815369053906,0.86584
InterposePUF,40,0.77,-0.0373,0.9993041128705517,0.86806
InterposePUF,40,0.78,-0.03692,0.9993182243910096,0.87007
InterposePUF,40,0.79,-0.03698,0.9993160058760192,0.8724
InterposePUF,40,0.8,-0.03702,0.9993145248619176,0.87448
InterposePUF,40,0.81,-0.03634,0.9993394840593459,0.87646
InterposePUF,40,0.82,-0.03644,0.9993358426475055,0.87845
InterposePUF,40,0.83,-0.0365,0.9993336529908317,0.88048
InterposePUF,40,0.84,-0.03642,0.9993365717314663,0.88268
InterposePUF,40,0.85,-0.03664,0.9993285297638609,0.88467
InterposePUF,40,0.86,-0.03638,0.9993380286969971,0.8867
InterposePUF,40,0.87,-0.03682,0.9993219138996203,0.88912
InterposePUF,40,0.88,-0.03642,0.9993365717314663,0.89118
InterposePUF,40,0.89,-0.0365,0.9993336529908317,0.89342
InterposePUF,40,0.9,-0.03676,0.9993241227950017,0.89543
InterposePUF,40,0.91,-0.03694,0.9993174852868331,0.89756
InterposePUF,40,0.92,-0.03652,0.9993329223036735,0.89941
InterposePUF,40,0.93,-0.03672,0.9993255933878606,0.90171
InterposePUF,40,0.94,-0.03638,0.9993380286969971,0.90388
InterposePUF,40,0.95,-0.03642,0.9993365717314663,0.90574
InterposePUF,40,0.96,-0.03666,0.9993277962710735,0.90814
InterposePUF,40,0.97,-0.03718,0.9993085847724916,0.91016
InterposePUF,40,0.98,-0.0371,0.9993115580238228,0.91248
InterposePUF,40,0.99,-0.03654,0.9993321912157139,0.91466
InterposePUF,40,1.0,-0.03666,0.9993277962710735,0.91652
InterposePUF,40,1.01,-0.03618,0.9993452894770657,0.91886
InterposePUF,40,1.02,-0.03618,0.9993452894770657,0.92118
InterposePUF,40,1.03,-0.0358,0.9993589745431818,0.92325
InterposePUF,40,1.04,-0.03592,0.9993546685736752,0.92541
InterposePUF,40,1.05,-0.03542,0.9993725149312443,0.9277
InterposePUF,40,1.06,-0.03492,0.9993901108175924,0.93033
InterposePUF,40,1.07,-0.03534,0.9993753471043799,0.93274
InterposePUF,40,1.08,-0.03516,0.999381696050113,0.93503
InterposePUF,40,1.09,-0.03462,0.9994005481287271,0.93726
InterposePUF,40,1.1,-0.03468,0.999398467879554,0.93983
InterposePUF,40,1.11,-0.0347,0.9993977736617188,0.94182
InterposePUF,40,1.12,-0.03468,0.999398467879554,0.94405
InterposePUF,40,1.13,-0.03488,0.9993915076685412,0.94659
InterposePUF,40,1.14,-0.03512,0.9993831025187487,0.94897
InterposePUF,40,1.15,-0.03532,0.9993760541457856,0.95133
InterposePUF,40,1.16,-0.03526,0.9993781728655075,0.95362
InterposePUF,40,1.17,-0.03482,0.9993935999394833,0.95582
InterposePUF,40,1.18,-0.03468,0.9993984678795539,0.95835
InterposePUF,40,1.19,-0.03464,0.9993998551130572,0.96071
InterposePUF,40,1.2,-0.03432,0.9994108952778132,0.96309
InterposePUF,40,1.21,-0.0343,0.9994115818820594,0.96528
InterposePUF,40,1.22,-0.03494,0.9993894117910196,0.9678
InterposePUF,40,1.23,-0.03496,0.999388712363713,0.97001
InterposePUF,40,1.24,-0.03448,0.9994053880182957,0.97255
InterposePUF,40,1.25,-0.03382,0.9994279401737776,0.9751
InterposePUF,40,1.26,-0.03402,0.9994211522676515,0.97758
InterposePUF,40,1.27,-0.0344,0.9994081448537427,0.98011
InterposePUF,40,1.28,-0.03478,0.9993949927831338,0.9826
InterposePUF,40,1.29,-0.03486,0.9993922054929187,0.98516
InterposePUF,40,1.3,-0.0348,0.9993942965616723,0.98773
InterposePUF,40,1.31,-0.03466,0.9993991616966666,0.99016
InterposePUF,40,1.32,-0.03492,0.9993901108175924,0.99273
InterposePUF,40,1.33,-0.03496,0.999388712363713,0.99537
InterposePUF,40,1.34,-0.03522,0.999379583341585,0.99766
InterposePUF,40,1.35,-0.03502,0.9993866116773829,1.0
InterposePUF,40,1.36,-0.03464,0.9993998551130573,0.99753
InterposePUF,40,1.37,-0.0341,0.9994184258857748,0.9947
InterposePUF,40,1.38,-0.03422,0.9994143242919824,0.9922
InterposePUF,40,1.39,-0.03406,0.9994197898781072,0.9898
InterposePUF,40,1.4,-0.0333,0.9994454012100912,0.98742
InterposePUF,40,1.41,-0.03312,0.9994513823093146,0.98517
InterposePUF,40,1.42,-0.03316,0.9994500559807878,0.98265
InterposePUF,40,1.43,-0.03264,0.9994671732478262,0.98035
InterposePUF,40,1.44,-0.03288,0.9994593066253374,0.97791
InterposePUF,40,1.45,-0.03332,0.9994447346401901,0.97547
InterposePUF,40,1.46,-0.03336,0.9994434002983862,0.97325
InterposePUF,40,1.47,-0.03332,0.9994447346401901,0.97093
InterposePUF,40,1.48,-0.03336,0.9994434002983862,0.96837
InterposePUF,40,1.49,-0.03336,0.9994434002983861,0.96587
InterposePUF,40,1.5,-0.03332,0.99944473464019,0.96367
InterposePUF,40,1.51,-0.03326,0.9994467331478953,0.96136
InterposePUF,40,1.52,-0.03354,0.9994373759270764,0.95916
InterposePUF,40,1.53,-0.0338,0.9994286167605968,0.95701
InterposePUF,40,1.54,-0.03334,0.9994440676696219,0.95488
InterposePUF,40,1.55,-0.0326,0.9994684787425766,0.95239
InterposePUF,40,1.56,-0.03282,0.999461278689675,0.95004
InterposePUF,40,1.57,-0.0328,0.9994619352431588,0.94767
InterposePUF,40,1.58,-0.033,0.999455351679103,0.94519
InterposePUF,40,1.59,-0.03252,0.9994710849244215,0.94279
InterposePUF,40,1.6,-0.03262,0.9994678261955211,0.94068
InterposePUF,40,1.61,-0.03246,0.9994730353541311,0.9386
InterposePUF,40,1.62,-0.03202,0.9994872283326085,0.93636
InterposePUF,40,1.63,-0.03228,0.9994788650091607,0.93395
InterposePUF,40,1.64,-0.03178,0.9994948882310504,0.93178
InterposePUF,40,1.65,-0.03204,0.999486587403753,0.92925
InterposePUF,40,1.66,-0.03166,0.9994986965474243,0.9267
InterposePUF,40,1.67,-0.03128,0.9995106610737076,0.92415
InterposePUF,40,1.68,-0.03106,0.999517521807397,0.92184
InterposePUF,40,1.69,-0.0312,0.9995131614941346,0.91987
InterposePUF,40,1.7,-0.03132,0.9995094084599705,0.91751
InterposePUF,40,1.71,-0.03142,0.9995062699153018,0.91536
InterposePUF,40,1.72,-0.0316,0.9995005952974717,0.91323
InterposePUF,40,1.73,-0.03144,0.9995056410045917,0.91105
InterposePUF,40,1.74,-0.03108,0.9995169001072467,0.90915
InterposePUF,40,1.75,-0.0304,0.9995378131916772,0.90707
InterposePUF,40,1.76,-0.03004,0.999548697362965,0.90489
InterposePUF,40,1.77,-0.03056,0.9995329341247341,0.90269
InterposePUF,40,1.78,-0.0306,0.999531710352403,0.90051
InterposePUF,40,1.79,-0.03058,0.9995323224388494,0.89852
InterposePUF,40,1.8,-0.03058,0.9995323224388495,0.89644
InterposePUF,40,1.81,-0.03046,0.999535986545757,0.89414
InterposePUF,40,1.82,-0.0306,0.999531710352403,0.89215
InterposePUF,40,1.83,-0.0304,0.9995378131916772,0.89007
InterposePUF,40,1.84,-0.02982,0.9995552849142464,0.88798
InterposePUF,40,1.85,-0.0295,0.9995647802919029,0.88574
InterposePUF,40,1.86,-0.0286,0.9995909363334584,0.88371
InterposePUF,40,1.87,-0.02822,0.9996017364930895,0.88182
InterposePUF,40,1.88,-0.02798,0.999608483157281,0.88018
InterposePUF,40,1.89,-0.02758,0.9996195994477097,0.87816
InterposePUF,40,1.9,-0.02734,0.9996261923339143,0.8763
InterposePUF,40,1.91,-0.02726,0.9996283771482279,0.87392
InterposePUF,40,1.92,-0.02698,0.999635973542369,0.87188
InterposePUF,40,1.93,-0.0274,0.999624549518468,0.87001
InterposePUF,40,1.94,-0.0271,0.9996327275554756,0.8682
InterposePUF,40,1.95,-0.02716,0.9996310991560837,0.86635
InterposePUF,40,1.96,-0.02716,0.999631099156084,0.86443
InterposePUF,40,1.97,-0.02674,0.9996424222690832,0.86236
InterposePUF,40,1.98,-0.02598,0.9996624628343308,0.86012
InterposePUF,40,1.99,-0.0257,0.9996697004511041,0.85806
InterposePUF,40,2.0,-0.02548,0.9996753320953758,0.85613
InterposePUF,40,2.01,-0.02538,0.9996778759180377,0.85434
InterposePUF,40,2.02,-0.02458,0.9996978661575705,0.85218
InterposePUF,40,2.03,-0.02472,0.9996944141086315,0.85027
InterposePUF,40,2.04,-0.02452,0.9996993396016625,0.84815
InterposePUF,40,2.05,-0.0243,0.9997047114023223,0.84632
InterposePUF,40,2.06,-0.02434,0.999703738314507,0.84442
InterposePUF,40,2.07,-0.02428,0.9997051973456974,0.84239
InterposePUF,40,2.08,-0.02386,0.9997153096757098,0.8404
InterposePUF,40,2.09,-0.02358,0.999721953144973,0.8385
InterposePUF,40,2.1,-0.02378,0.9997172158165528,0.83678
InterposePUF,40,2.11,-0.0235,0.9997238368669621,0.83488
InterposePUF,40,2.12,-0.0233,0.9997285181488024,0.83282
InterposePUF,40,2.13,-0.02282,0.9997395898932881,0.83104
InterposePUF,40,2.14,-0.02294,0.9997368435743477,0.82928
InterposePUF,40,2.15,-0.02326,0.9997294496012408,0.82746
InterposePUF,40,2.16,-0.02308,0.9997336213211997,0.82577
InterposePUF,40,2.17,-0.02336,0.9997271179676983,0.82393
InterposePUF,40,2.18,-0.02402,0.999711478177579,0.8224
InterposePUF,40,2.19,-0.02402,0.999711478177579,0.82072
InterposePUF,40,2.2,-0.02428,0.9997051973456974,0.81879
InterposePUF,40,2.21,-0.02438,0.9997027636252689,0.81688
InterposePUF,40,2.22,-0.02394,0.9997133971293973,0.8152
InterposePUF,40,2.23,-0.02418,0.9997076210572771,0.81366
InterposePUF,40,2.24,-0.02394,0.9997133971293972,0.81168
InterposePUF,40,2.25,-0.02398,0.9997124384541787,0.80964
InterposePUF,40,2.26,-0.02372,0.999718641218618,0.80793
InterposePUF,40,2.27,-0.02354,0.999722895806633,0.8062
InterposePUF,40,2.28,-0.02368,0.9997195894849715,0.80441
InterposePUF,40,2.29,-0.02306,0.9997340828440331,0.80296
InterposePUF,40,2.3,-0.02252,0.999746392641654,0.80129
InterposePUF,40,2.31,-0.02226,0.999752215501421,0.79948
InterposePUF,40,2.32,-0.02226,0.9997522155014211,0.79744
InterposePUF,40,2.33,-0.02208,0.9997562070825069,0.79597
InterposePUF,40,2.34,-0.02174,0.9997636582712935,0.79448
InterposePUF,40,2.35,-0.02132,0.9997727029680296,0.79269
InterposePUF,40,2.36,-0.0207,0.9997857320446216,0.79118
InterposePUF,40,2.37,-0.02046,0.9997906722909553,0.78948
InterposePUF,40,2.38,-0.02078,0.9997840724876548,0.78786
InterposePUF,40,2.39,-0.02118,0.9997756786399636,0.7858
InterposePUF,40,2.4,-0.0209,0.9997815711444175,0.78432
InterposePUF,40,2.41,-0.02048,0.9997902628051544,0.78269
InterposePUF,40,2.42,-0.02006,0.9997987779548444,0.78128
InterposePUF,40,2.43,-0.01954,0.9998090759740081,0.7799
InterposePUF,40,2.44,-0.01904,0.999818722769283,0.77855
InterposePUF,40,2.45,-0.01844,0.9998299687446861,0.77667
InterposePUF,40,2.46,-0.01828,0.9998329068399381,0.77537
InterposePUF,40,2.47,-0.01812,0.9998358193223524,0.77383
InterposePUF,40,2.48,-0.0184,0.999830705669715,0.77233
InterposePUF,40,2.49,-0.01814,0.9998354566627452,0.77072
InterposePUF,40,2.5,-0.01842,0.9998303374073023,0.76928
InterposePUF,40,2.51,-0.01828,0.9998329068399381,0.76781
InterposePUF,40,2.52,-0.01826,0.9998332723009372,0.76634
InterposePUF,40,2.53,-0.01786,0.9998404974794731,0.7649
InterposePUF,40,2.54,-0.01798,0.9998383467341108,0.7633
InterposePUF,40,2.55,-0.01714,0.9998530994101084,0.76182
InterposePUF,40,2.56,-0.01696,0.999856168856301,0.76043
InterposePUF,40,2.57,-0.01688,0.9998575226501025,0.75901
InterposePUF,40,2.58,-0.01638,0.9998658388003865,0.75748
InterposePUF,40,2.59,-0.01658,0.9998625423526974,0.75592
InterposePUF,40,2.6,-0.01652,0.9998635354887185,0.75443
InterposePUF,40,2.61,-0.01664,0.9998615456151918,0.75287
InterposePUF,40,2.62,-0.01684,0.9998581971459753,0.75141
InterposePUF,40,2.63,-0.01702,0.9998551493091388,0.75014
InterposePUF,40,2.64,-0.01726,0.9998510351047301,0.74858
InterposePUF,40,2.65,-0.01686,0.999857860098124,0.7474
InterposePUF,40,2.66,-0.01674,0.999859876382686,0.746
InterposePUF,40,2.67,-0.0165,0.9998638657337309,0.74478
InterposePUF,40,2.68,-0.01658,0.9998625423526976,0.74364
InterposePUF,40,2.69,-0.01658,0.9998625423526974,0.7424
InterposePUF,40,2.7,-0.01622,0.9998684471469234,0.74088
InterposePUF,40,2.71,-0.01638,0.9998658388003865,0.73988
InterposePUF,40,2.72,-0.01626,0.9998677974612443,0.73878
InterposePUF,40,2.73,-0.01606,0.9998710298833546,0.73764
InterposePUF,40,2.74,-0.01624,0.9998681225041631,0.73643
InterposePUF,40,2.75,-0.01624,0.999868122504163,0.73517
InterposePUF,40,2.76,-0.01636,0.9998661662442628,0.73383
InterposePUF,40,2.77,-0.01626,0.9998677974612443,0.7327
InterposePUF,40,2.78,-0.01638,0.9998658388003864,0.73146
InterposePUF,40,2.79,-0.01554,0.9998792469093456,0.73008
InterposePUF,40,2.8,-0.01562,0.9998780003580436,0.7289
InterposePUF,40,2.81,-0.01508,0.9998862903350562,0.72773
InterposePUF,40,2.82,-0.0146,0.9998934143197463,0.72657
InterposePUF,40,2.83,-0.01414,0.9999000252025201,0.72556
InterposePUF,40,2.84,-0.01332,0.9999112848648124,0.72439
InterposePUF,40,2.85,-0.0132,0.9999128762047222,0.72279
InterposePUF,40,2.86,-0.013,0.9999154964295732,0.72161
InterposePUF,40,2.87,-0.01284,0.9999175638021367,0.72027
InterposePUF,40,2.88,-0.01336,0.9999107512173276,0.71929
InterposePUF,40,2.89,-0.01292,0.9999165333166564,0.71811
InterposePUF,40,2.9,-0.0127,0.9999193517479297,0.71674
InterposePUF,40,2.91,-0.01242,0.999922868825391,0.7159
InterposePUF,40,2.92,-0.0126,0.9999206168491577,0.71471
InterposePUF,40,2.93,-0.01268,0.9999196055683677,0.71355
InterposePUF,40,2.94,-0.01246,0.9999223711868837,0.71228
InterposePUF,40,2.95,-0.01216,0.9999260644667683,0.71095
InterposePUF,40,2.96,-0.01178,0.9999306133927492,0.70982
InterposePUF,40,2.97,-0.01146,0.9999343320438595,0.70866
InterposePUF,40,2.98,-0.01156,0.9999331809676084,0.70775
InterposePUF,40,2.99,-0.01154,0.999933411983018,0.70648
InterposePUF,40,3.0,-0.0112,0.9999372780329775,0.70527
