PUF,Temperature,Vdd,Bias,Std,Reliability
LightweightSecurePUF,0,0.5,-0.00436,0.9999904951548289,0.89887
LightweightSecurePUF,0,0.51,-0.00426,0.9999909261588326,0.89976
LightweightSecurePUF,0,0.52,-0.0046,0.9999894199440311,0.90083
LightweightSecurePUF,0,0.53,-0.0046,0.9999894199440311,0.90187
LightweightSecurePUF,0,0.54,-0.00452,0.9999897847478244,0.90287
LightweightSecurePUF,0,0.55,-0.00492,0.9999878967267554,0.90393
LightweightSecurePUF,0,0.56,-0.00504,0.9999872991193439,0.90503
LightweightSecurePUF,0,0.57,-0.0052,0.9999864799086035,0.90593
LightweightSecurePUF,0,0.58,-0.00518,0.9999865837100015,0.90702
LightweightSecurePUF,0,0.59,-0.00532,0.9999858486998703,0.90819
LightweightSecurePUF,0,0.6,-0.0052,0.9999864799086036,0.90921
LightweightSecurePUF,0,0.61,-0.00548,0.9999849846872703,0.91027
LightweightSecurePUF,0,0.62,-0.0052,0.9999864799086036,0.91137
LightweightSecurePUF,0,0.63,-0.00518,0.9999865837100014,0.9124
LightweightSecurePUF,0,0.64,-0.00516,0.9999866871113835,0.91349
LightweightSecurePUF,0,0.65,-0.0055,0.9999848748856156,0.91464
LightweightSecurePUF,0,0.66,-0.0056,0.9999843198770668,0.91577
LightweightSecurePUF,0,0.67,-0.00558,0.9999844316788138,0.91688
LightweightSecurePUF,0,0.68,-0.00554,0.9999846540822516,0.9181
LightweightSecurePUF,0,0.69,-0.0054,0.9999854198937105,0.91921
LightweightSecurePUF,0,0.7,-0.00558,0.9999844316788137,0.92024
LightweightSecurePUF,0,0.71,-0.00546,0.999985094088907,0.9215
LightweightSecurePUF,0,0.72,-0.00534,0.9999857420983559,0.92264
LightweightSecurePUF,0,0.73,-0.00548,0.9999849846872703,0.92377
LightweightSecurePUF,0,0.74,-0.00554,0.9999846540822515,0.92492
LightweightSecurePUF,0,0.75,-0.00516,0.9999866871113835,0.92613
LightweightSecurePUF,0,0.76,-0.00518,0.9999865837100015,0.92714
LightweightSecurePUF,0,0.77,-0.00552,0.9999847646839426,0.92799
LightweightSecurePUF,0,0.78,-0.00572,0.9999836406661862,0.92903
LightweightSecurePUF,0,0.79,-0.00568,0.99998386866989,0.93037
LightweightSecurePUF,0,0.8,-0.00546,0.9999850940889069,0.93154
LightweightSecurePUF,0,0.81,-0.00548,0.9999849846872703,0.93259
LightweightSecurePUF,0,0.82,-0.0055,0.9999848748856155,0.9338
LightweightSecurePUF,0,0.83,-0.006,0.9999819998379971,0.93483
LightweightSecurePUF,0,0.84,-0.0059,0.9999825948485304,0.9358
LightweightSecurePUF,0,0.85,-0.0061,0.9999813948269238,0.93696
LightweightSecurePUF,0,0.86,-0.00616,0.9999810270200129,0.93801
LightweightSecurePUF,0,0.87,-0.00592,0.999982476646466,0.93929
LightweightSecurePUF,0,0.88,-0.00634,0.9999799019980353,0.94044
LightweightSecurePUF,0,0.89,-0.00598,0.9999821196401464,0.94164
LightweightSecurePUF,0,0.9,-0.00638,0.9999796475928896,0.943
LightweightSecurePUF,0,0.91,-0.00618,0.9999809036176641,0.9442
LightweightSecurePUF,0,0.92,-0.00602,0.9999818796358261,0.94534
LightweightSecurePUF,0,0.93,-0.00574,0.999983526064305,0.94658
LightweightSecurePUF,0,0.94,-0.00546,0.999985094088907,0.9478
LightweightSecurePUF,0,0.95,-0.00512,0.9999868927140995,0.94923
LightweightSecurePUF,0,0.96,-0.00494,0.9999877981255573,0.95054
LightweightSecurePUF,0,0.97,-0.00452,0.9999897847478245,0.95179
LightweightSecurePUF,0,0.98,-0.0046,0.9999894199440309,0.95301
LightweightSecurePUF,0,0.99,-0.00462,0.9999893277430515,0.95406
LightweightSecurePUF,0,1.0,-0.00414,0.999991430163279,0.95522
LightweightSecurePUF,0,1.01,-0.00462,0.9999893277430515,0.9565
LightweightSecurePUF,0,1.02,-0.0048,0.9999884799336438,0.95777
LightweightSecurePUF,0,1.03,-0.00512,0.9999868927140996,0.95901
LightweightSecurePUF,0,1.04,-0.00502,0.9999873997206163,0.96028
LightweightSecurePUF,0,1.05,-0.00486,0.9999881901302634,0.96146
LightweightSecurePUF,0,1.06,-0.00486,0.9999881901302636,0.96254
LightweightSecurePUF,0,1.07,-0.0052,0.9999864799086037,0.96393
LightweightSecurePUF,0,1.08,-0.0053,0.9999859549013678,0.96508
LightweightSecurePUF,0,1.09,-0.0052,0.9999864799086036,0.96617
LightweightSecurePUF,0,1.1,-0.00516,0.9999866871113835,0.96745
LightweightSecurePUF,0,1.11,-0.00522,0.9999863757071892,0.96866
LightweightSecurePUF,0,1.12,-0.00506,0.9999871981180559,0.9698
LightweightSecurePUF,0,1.13,-0.0049,0.999987994927939,0.97106
LightweightSecurePUF,0,1.14,-0.00462,0.9999893277430515,0.9724
LightweightSecurePUF,0,1.15,-0.00438,0.9999904077539944,0.97364
LightweightSecurePUF,0,1.16,-0.0044,0.9999903199531486,0.97477
LightweightSecurePUF,0,1.17,-0.0048,0.999988479933644,0.97609
LightweightSecurePUF,0,1.18,-0.00518,0.9999865837100015,0.97738
LightweightSecurePUF,0,1.19,-0.00536,0.9999856350968247,0.97865
LightweightSecurePUF,0,1.2,-0.00548,0.9999849846872704,0.97983
LightweightSecurePUF,0,1.21,-0.00528,0.9999860607028478,0.98117
LightweightSecurePUF,0,1.22,-0.00528,0.9999860607028479,0.98233
LightweightSecurePUF,0,1.23,-0.00536,0.9999856350968247,0.98367
LightweightSecurePUF,0,1.24,-0.00494,0.9999877981255573,0.98508
LightweightSecurePUF,0,1.25,-0.00504,0.9999872991193439,0.98637
LightweightSecurePUF,0,1.26,-0.00504,0.9999872991193439,0.98797
LightweightSecurePUF,0,1.27,-0.00524,0.9999862711057587,0.98915
LightweightSecurePUF,0,1.28,-0.0052,0.9999864799086036,0.99033
LightweightSecurePUF,0,1.29,-0.00546,0.999985094088907,0.99178
LightweightSecurePUF,0,1.3,-0.0054,0.9999854198937103,0.99307
LightweightSecurePUF,0,1.31,-0.00536,0.9999856350968247,0.99443
LightweightSecurePUF,0,1.32,-0.0058,0.9999831798585413,0.99577
LightweightSecurePUF,0,1.33,-0.0059,0.9999825948485304,0.9971
LightweightSecurePUF,0,1.34,-0.00616,0.9999810270200129,0.99849
LightweightSecurePUF,0,1.35,-0.00598,0.9999821196401463,1.0
LightweightSecurePUF,0,1.36,-0.00582,0.9999830636565801,0.9986
LightweightSecurePUF,0,1.37,-0.00554,0.9999846540822515,0.99726
LightweightSecurePUF,0,1.38,-0.00558,0.9999844316788138,0.9958
LightweightSecurePUF,0,1.39,-0.0056,0.9999843198770669,0.99453
LightweightSecurePUF,0,1.4,-0.00582,0.99998306365658,0.99328
LightweightSecurePUF,0,1.41,-0.00558,0.9999844316788137,0.99188
LightweightSecurePUF,0,1.42,-0.0057,0.9999837548680479,0.99028
LightweightSecurePUF,0,1.43,-0.00548,0.9999849846872704,0.98871
LightweightSecurePUF,0,1.44,-0.00596,0.9999822390422741,0.98737
LightweightSecurePUF,0,1.45,-0.00566,0.999983982071713,0.98584
LightweightSecurePUF,0,1.46,-0.00556,0.9999845430805417,0.98465
LightweightSecurePUF,0,1.47,-0.00512,0.9999868927140996,0.98335
LightweightSecurePUF,0,1.48,-0.00452,0.9999897847478244,0.98207
LightweightSecurePUF,0,1.49,-0.00488,0.9999880927291087,0.98065
LightweightSecurePUF,0,1.5,-0.0051,0.999986994915434,0.97924
LightweightSecurePUF,0,1.51,-0.00526,0.9999861661043117,0.97788
LightweightSecurePUF,0,1.52,-0.00508,0.9999870967167526,0.97641
LightweightSecurePUF,0,1.53,-0.0049,0.999987994927939,0.97502
LightweightSecurePUF,0,1.54,-0.00446,0.9999900541505399,0.97364
LightweightSecurePUF,0,1.55,-0.00486,0.9999881901302636,0.9722
LightweightSecurePUF,0,1.56,-0.00512,0.9999868927140995,0.97101
LightweightSecurePUF,0,1.57,-0.00526,0.9999861661043117,0.96978
LightweightSecurePUF,0,1.58,-0.00524,0.9999862711057588,0.96831
LightweightSecurePUF,0,1.59,-0.00506,0.999987198118056,0.9672
LightweightSecurePUF,0,1.6,-0.00516,0.9999866871113835,0.96573
LightweightSecurePUF,0,1.61,-0.00498,0.9999875997231167,0.96426
LightweightSecurePUF,0,1.62,-0.00506,0.9999871981180559,0.96264
LightweightSecurePUF,0,1.63,-0.00502,0.9999873997206163,0.96128
LightweightSecurePUF,0,1.64,-0.00492,0.9999878967267554,0.95997
LightweightSecurePUF,0,1.65,-0.00436,0.9999904951548289,0.95867
LightweightSecurePUF,0,1.66,-0.00448,0.9999899647496469,0.95733
LightweightSecurePUF,0,1.67,-0.00422,0.9999910957603572,0.95598
LightweightSecurePUF,0,1.68,-0.0043,0.9999907549572647,0.95468
LightweightSecurePUF,0,1.69,-0.00442,0.9999902317522906,0.9533
LightweightSecurePUF,0,1.7,-0.00446,0.9999900541505401,0.9519
LightweightSecurePUF,0,1.71,-0.004,0.9999919999679996,0.95027
LightweightSecurePUF,0,1.72,-0.00392,0.9999923167704838,0.94887
LightweightSecurePUF,0,1.73,-0.00416,0.9999913471625642,0.94743
LightweightSecurePUF,0,1.74,-0.00426,0.9999909261588326,0.94616
LightweightSecurePUF,0,1.75,-0.0044,0.9999903199531485,0.94497
LightweightSecurePUF,0,1.76,-0.0045,0.9999898749487416,0.94358
LightweightSecurePUF,0,1.77,-0.00464,0.999989235142059,0.94209
LightweightSecurePUF,0,1.78,-0.00468,0.9999890487400349,0.94073
LightweightSecurePUF,0,1.79,-0.004,0.9999919999679996,0.93937
LightweightSecurePUF,0,1.8,-0.00386,0.9999925501722501,0.93824
LightweightSecurePUF,0,1.81,-0.00396,0.9999921591692607,0.93711
LightweightSecurePUF,0,1.82,-0.00412,0.9999915127639835,0.93585
LightweightSecurePUF,0,1.83,-0.0043,0.9999907549572646,0.9345
LightweightSecurePUF,0,1.84,-0.00416,0.9999913471625642,0.93331
LightweightSecurePUF,0,1.85,-0.00428,0.9999908407580541,0.93217
LightweightSecurePUF,0,1.86,-0.00426,0.9999909261588327,0.93084
LightweightSecurePUF,0,1.87,-0.00416,0.9999913471625642,0.92955
LightweightSecurePUF,0,1.88,-0.00402,0.9999919197673548,0.9283
LightweightSecurePUF,0,1.89,-0.00422,0.9999910957603572,0.92724
LightweightSecurePUF,0,1.9,-0.0043,0.9999907549572647,0.9258
LightweightSecurePUF,0,1.91,-0.0045,0.9999898749487417,0.92432
LightweightSecurePUF,0,1.92,-0.00438,0.9999904077539944,0.92332
LightweightSecurePUF,0,1.93,-0.0047,0.9999889549390032,0.92178
LightweightSecurePUF,0,1.94,-0.00382,0.9999927037733825,0.9206
LightweightSecurePUF,0,1.95,-0.0039,0.9999923949710818,0.91928
LightweightSecurePUF,0,1.96,-0.00386,0.99999255017225,0.91792
LightweightSecurePUF,0,1.97,-0.00424,0.9999910111596004,0.91667
LightweightSecurePUF,0,1.98,-0.00386,0.9999925501722501,0.91526
LightweightSecurePUF,0,1.99,-0.0037,0.9999931549765728,0.91396
LightweightSecurePUF,0,2.0,-0.00404,0.9999918391667005,0.91269
LightweightSecurePUF,0,2.01,-0.00428,0.9999908407580541,0.91145
LightweightSecurePUF,0,2.02,-0.0046,0.999989419944031,0.91031
LightweightSecurePUF,0,2.03,-0.0045,0.9999898749487417,0.90916
LightweightSecurePUF,0,2.04,-0.00458,0.9999895117449983,0.90794
LightweightSecurePUF,0,2.05,-0.00446,0.9999900541505401,0.90658
LightweightSecurePUF,0,2.06,-0.00446,0.9999900541505401,0.90534
LightweightSecurePUF,0,2.07,-0.0046,0.999989419944031,0.90401
LightweightSecurePUF,0,2.08,-0.0047,0.9999889549390032,0.90288
LightweightSecurePUF,0,2.09,-0.00484,0.9999882871314044,0.90147
LightweightSecurePUF,0,2.1,-0.0046,0.999989419944031,0.90029
LightweightSecurePUF,0,2.11,-0.00486,0.9999881901302636,0.89906
LightweightSecurePUF,0,2.12,-0.0053,0.9999859549013678,0.89804
LightweightSecurePUF,0,2.13,-0.00514,0.9999867901127493,0.89664
LightweightSecurePUF,0,2.14,-0.00514,0.9999867901127493,0.89528
LightweightSecurePUF,0,2.15,-0.00516,0.9999866871113835,0.89411
LightweightSecurePUF,0,2.16,-0.00502,0.9999873997206163,0.89286
LightweightSecurePUF,0,2.17,-0.00498,0.9999875997231168,0.89162
LightweightSecurePUF,0,2.18,-0.00518,0.9999865837100015,0.89046
LightweightSecurePUF,0,2.19,-0.0051,0.999986994915434,0.8893
LightweightSecurePUF,0,2.2,-0.00554,0.9999846540822513,0.88812
LightweightSecurePUF,0,2.21,-0.00556,0.9999845430805417,0.88697
LightweightSecurePUF,0,2.22,-0.00536,0.9999856350968247,0.88581
LightweightSecurePUF,0,2.23,-0.00508,0.9999870967167526,0.88445
LightweightSecurePUF,0,2.24,-0.00512,0.9999868927140995,0.88307
LightweightSecurePUF,0,2.25,-0.00492,0.9999878967267554,0.88165
LightweightSecurePUF,0,2.26,-0.00468,0.9999890487400349,0.88027
LightweightSecurePUF,0,2.27,-0.0046,0.9999894199440309,0.87893
LightweightSecurePUF,0,2.28,-0.00448,0.9999899647496469,0.87763
LightweightSecurePUF,0,2.29,-0.00446,0.99999005415054,0.87652
LightweightSecurePUF,0,2.3,-0.00434,0.9999905821556522,0.87556
LightweightSecurePUF,0,2.31,-0.00418,0.9999912637618391,0.87452
LightweightSecurePUF,0,2.32,-0.00406,0.999991758166036,0.87324
LightweightSecurePUF,0,2.33,-0.0042,0.9999911799611034,0.87195
LightweightSecurePUF,0,2.34,-0.0041,0.9999915949646776,0.8706
LightweightSecurePUF,0,2.35,-0.0043,0.9999907549572646,0.86938
LightweightSecurePUF,0,2.36,-0.0048,0.9999884799336439,0.86805
LightweightSecurePUF,0,2.37,-0.00422,0.9999910957603572,0.86686
LightweightSecurePUF,0,2.38,-0.00418,0.999991263761839,0.8657
LightweightSecurePUF,0,2.39,-0.00404,0.9999918391667003,0.86435
LightweightSecurePUF,0,2.4,-0.00402,0.9999919197673547,0.86316
LightweightSecurePUF,0,2.41,-0.00392,0.9999923167704838,0.86181
LightweightSecurePUF,0,2.42,-0.00396,0.9999921591692607,0.86047
LightweightSecurePUF,0,2.43,-0.0039,0.9999923949710817,0.85922
LightweightSecurePUF,0,2.44,-0.00386,0.99999255017225,0.85812
LightweightSecurePUF,0,2.45,-0.0039,0.9999923949710818,0.85696
LightweightSecurePUF,0,2.46,-0.00352,0.9999938047808097,0.85589
LightweightSecurePUF,0,2.47,-0.00336,0.9999943551840679,0.85451
LightweightSecurePUF,0,2.48,-0.0033,0.999994554985176,0.85324
LightweightSecurePUF,0,2.49,-0.00336,0.9999943551840681,0.85213
LightweightSecurePUF,0,2.5,-0.0038,0.9999927799739354,0.85101
LightweightSecurePUF,0,2.51,-0.0038,0.9999927799739354,0.84993
LightweightSecurePUF,0,2.52,-0.00358,0.9999935917794673,0.84906
LightweightSecurePUF,0,2.53,-0.00382,0.9999927037733822,0.84792
LightweightSecurePUF,0,2.54,-0.00394,0.9999922381698769,0.84684
LightweightSecurePUF,0,2.55,-0.00382,0.9999927037733825,0.84564
LightweightSecurePUF,0,2.56,-0.00396,0.9999921591692607,0.84457
LightweightSecurePUF,0,2.57,-0.0036,0.9999935199790047,0.84321
LightweightSecurePUF,0,2.58,-0.00378,0.9999928557744799,0.84206
LightweightSecurePUF,0,2.59,-0.00342,0.9999941517828991,0.84098
LightweightSecurePUF,0,2.6,-0.0035,0.9999938749812423,0.83978
LightweightSecurePUF,0,2.61,-0.00368,0.9999932287770753,0.83863
LightweightSecurePUF,0,2.62,-0.00402,0.9999919197673548,0.8373
LightweightSecurePUF,0,2.63,-0.00414,0.999991430163279,0.83596
LightweightSecurePUF,0,2.64,-0.00414,0.999991430163279,0.83484
LightweightSecurePUF,0,2.65,-0.00382,0.9999927037733825,0.83386
LightweightSecurePUF,0,2.66,-0.00368,0.9999932287770751,0.83289
LightweightSecurePUF,0,2.67,-0.00386,0.99999255017225,0.83178
LightweightSecurePUF,0,2.68,-0.00432,0.9999906687564641,0.83059
LightweightSecurePUF,0,2.69,-0.00422,0.9999910957603572,0.82962
LightweightSecurePUF,0,2.7,-0.00426,0.9999909261588326,0.82858
LightweightSecurePUF,0,2.71,-0.00368,0.9999932287770752,0.82745
LightweightSecurePUF,0,2.72,-0.00324,0.999994751186225,0.82625
LightweightSecurePUF,0,2.73,-0.00278,0.9999961357925339,0.82524
LightweightSecurePUF,0,2.74,-0.00306,0.9999953181890404,0.82432
LightweightSecurePUF,0,2.75,-0.00296,0.9999956191904044,0.82323
LightweightSecurePUF,0,2.76,-0.00292,0.9999957367909124,0.82207
LightweightSecurePUF,0,2.77,-0.0031,0.9999951949884559,0.82102
LightweightSecurePUF,0,2.78,-0.00264,0.9999965151939281,0.81995
LightweightSecurePUF,0,2.79,-0.00264,0.9999965151939283,0.81897
LightweightSecurePUF,0,2.8,-0.00238,0.9999971677959895,0.81808
LightweightSecurePUF,0,2.81,-0.00242,0.9999970717957127,0.81718
LightweightSecurePUF,0,2.82,-0.00268,0.9999964087935517,0.81583
LightweightSecurePUF,0,2.83,-0.00222,0.9999975357969638,0.81468
LightweightSecurePUF,0,2.84,-0.0025,0.9999968749951169,0.81378
LightweightSecurePUF,0,2.85,-0.00254,0.999996774194797,0.81264
LightweightSecurePUF,0,2.86,-0.00272,0.9999963007931578,0.81175
LightweightSecurePUF,0,2.87,-0.00284,0.9999959671918682,0.81065
LightweightSecurePUF,0,2.88,-0.00292,0.9999957367909125,0.80955
LightweightSecurePUF,0,2.89,-0.00288,0.9999958527914004,0.80843
LightweightSecurePUF,0,2.9,-0.00278,0.9999961357925339,0.80726
LightweightSecurePUF,0,2.91,-0.00318,0.9999949437872173,0.80622
LightweightSecurePUF,0,2.92,-0.00282,0.999996023792095,0.80506
LightweightSecurePUF,0,2.93,-0.00284,0.9999959671918682,0.80403
LightweightSecurePUF,0,2.94,-0.00292,0.9999957367909124,0.80299
LightweightSecurePUF,0,2.95,-0.00298,0.9999955597901421,0.802
LightweightSecurePUF,0,2.96,-0.0033,0.999994554985176,0.801
LightweightSecurePUF,0,2.97,-0.00354,0.9999937341803696,0.80002
LightweightSecurePUF,0,2.98,-0.00382,0.9999927037733825,0.79882
LightweightSecurePUF,0,2.99,-0.0038,0.9999927799739354,0.79783
LightweightSecurePUF,0,3.0,-0.00336,0.9999943551840681,0.79669
LightweightSecurePUF,5,0.5,-0.00446,0.99999005415054,0.90145
LightweightSecurePUF,5,0.51,-0.00432,0.9999906687564641,0.90242
LightweightSecurePUF,5,0.52,-0.00434,0.9999905821556523,0.90331
LightweightSecurePUF,5,0.53,-0.00464,0.9999892351420588,0.90432
LightweightSecurePUF,5,0.54,-0.00468,0.9999890487400349,0.90538
LightweightSecurePUF,5,0.55,-0.00442,0.9999902317522907,0.90637
LightweightSecurePUF,5,0.56,-0.00474,0.9999887661369004,0.90729
LightweightSecurePUF,5,0.57,-0.005,0.9999874999218737,0.90846
LightweightSecurePUF,5,0.58,-0.00514,0.9999867901127493,0.90937
LightweightSecurePUF,5,0.59,-0.00532,0.9999858486998702,0.91042
LightweightSecurePUF,5,0.6,-0.0053,0.9999859549013678,0.91153
LightweightSecurePUF,5,0.61,-0.0054,0.9999854198937105,0.91264
LightweightSecurePUF,5,0.62,-0.00548,0.9999849846872703,0.9136
LightweightSecurePUF,5,0.63,-0.0054,0.9999854198937104,0.91468
LightweightSecurePUF,5,0.64,-0.00502,0.9999873997206163,0.91571
LightweightSecurePUF,5,0.65,-0.00534,0.9999857420983559,0.91687
LightweightSecurePUF,5,0.66,-0.00544,0.9999852030905259,0.91796
LightweightSecurePUF,5,0.67,-0.00558,0.9999844316788138,0.91889
LightweightSecurePUF,5,0.68,-0.00564,0.9999840950735167,0.91996
LightweightSecurePUF,5,0.69,-0.00552,0.9999847646839427,0.9212
LightweightSecurePUF,5,0.7,-0.00526,0.9999861661043117,0.92237
LightweightSecurePUF,5,0.71,-0.0055,0.9999848748856156,0.92339
LightweightSecurePUF,5,0.72,-0.00542,0.9999853116921268,0.92453
LightweightSecurePUF,5,0.73,-0.00534,0.9999857420983559,0.92575
LightweightSecurePUF,5,0.74,-0.0054,0.9999854198937104,0.9269
LightweightSecurePUF,5,0.75,-0.00542,0.9999853116921268,0.92791
LightweightSecurePUF,5,0.76,-0.00526,0.9999861661043118,0.92911
LightweightSecurePUF,5,0.77,-0.00528,0.9999860607028479,0.93032
LightweightSecurePUF,5,0.78,-0.00518,0.9999865837100015,0.93121
LightweightSecurePUF,5,0.79,-0.00548,0.9999849846872703,0.93212
LightweightSecurePUF,5,0.8,-0.00568,0.99998386866989,0.93324
LightweightSecurePUF,5,0.81,-0.00556,0.9999845430805419,0.93448
LightweightSecurePUF,5,0.82,-0.00546,0.999985094088907,0.93557
LightweightSecurePUF,5,0.83,-0.00542,0.9999853116921269,0.93659
LightweightSecurePUF,5,0.84,-0.00546,0.9999850940889068,0.93783
LightweightSecurePUF,5,0.85,-0.00602,0.9999818796358262,0.93877
LightweightSecurePUF,5,0.86,-0.00596,0.9999822390422741,0.93974
LightweightSecurePUF,5,0.87,-0.00616,0.9999810270200129,0.9409
LightweightSecurePUF,5,0.88,-0.0061,0.9999813948269237,0.94201
LightweightSecurePUF,5,0.89,-0.00592,0.999982476646466,0.94322
LightweightSecurePUF,5,0.9,-0.00638,0.9999796475928898,0.94433
LightweightSecurePUF,5,0.91,-0.00594,0.9999823580443807,0.94555
LightweightSecurePUF,5,0.92,-0.0063,0.9999801548030842,0.94691
LightweightSecurePUF,5,0.93,-0.00616,0.9999810270200129,0.94808
LightweightSecurePUF,5,0.94,-0.006,0.9999819998379968,0.94918
LightweightSecurePUF,5,0.95,-0.00584,0.9999829470545983,0.95034
LightweightSecurePUF,5,0.96,-0.00554,0.9999846540822512,0.95155
LightweightSecurePUF,5,0.97,-0.00522,0.9999863757071892,0.95289
LightweightSecurePUF,5,0.98,-0.00498,0.9999875997231166,0.95437
LightweightSecurePUF,5,0.99,-0.00448,0.9999899647496467,0.95552
LightweightSecurePUF,5,1.0,-0.0047,0.9999889549390033,0.95659
LightweightSecurePUF,5,1.01,-0.00456,0.9999896031459526,0.95766
LightweightSecurePUF,5,1.02,-0.00436,0.9999904951548289,0.9589
LightweightSecurePUF,5,1.03,-0.0047,0.9999889549390032,0.96009
LightweightSecurePUF,5,1.04,-0.00476,0.9999886711358287,0.96142
LightweightSecurePUF,5,1.05,-0.00506,0.9999871981180561,0.96261
LightweightSecurePUF,5,1.06,-0.0053,0.9999859549013678,0.96385
LightweightSecurePUF,5,1.07,-0.00494,0.9999877981255572,0.96499
LightweightSecurePUF,5,1.08,-0.00488,0.9999880927291085,0.96608
LightweightSecurePUF,5,1.09,-0.00498,0.9999875997231166,0.96743
LightweightSecurePUF,5,1.1,-0.00518,0.9999865837100016,0.96863
LightweightSecurePUF,5,1.11,-0.00516,0.9999866871113836,0.96974
LightweightSecurePUF,5,1.12,-0.0051,0.999986994915434,0.97091
LightweightSecurePUF,5,1.13,-0.00512,0.9999868927140995,0.97212
LightweightSecurePUF,5,1.14,-0.00518,0.9999865837100015,0.97329
LightweightSecurePUF,5,1.15,-0.00478,0.9999885757347432,0.97449
LightweightSecurePUF,5,1.16,-0.0049,0.9999879949279391,0.97573
LightweightSecurePUF,5,1.17,-0.00464,0.999989235142059,0.97692
LightweightSecurePUF,5,1.18,-0.00452,0.9999897847478244,0.9782
LightweightSecurePUF,5,1.19,-0.00456,0.9999896031459526,0.97936
LightweightSecurePUF,5,1.2,-0.00496,0.9999876991243444,0.98068
LightweightSecurePUF,5,1.21,-0.00512,0.9999868927140995,0.98194
LightweightSecurePUF,5,1.22,-0.00532,0.9999858486998704,0.98306
LightweightSecurePUF,5,1.23,-0.00538,0.999985527695276,0.98443
LightweightSecurePUF,5,1.24,-0.00516,0.9999866871113837,0.98552
LightweightSecurePUF,5,1.25,-0.00516,0.9999866871113835,0.9868
LightweightSecurePUF,5,1.26,-0.0054,0.9999854198937105,0.98818
LightweightSecurePUF,5,1.27,-0.00482,0.9999883837325311,0.98945
LightweightSecurePUF,5,1.28,-0.005,0.9999874999218737,0.9909
LightweightSecurePUF,5,1.29,-0.005,0.9999874999218737,0.99226
LightweightSecurePUF,5,1.3,-0.00516,0.9999866871113835,0.99342
LightweightSecurePUF,5,1.31,-0.00514,0.9999867901127493,0.99467
LightweightSecurePUF,5,1.32,-0.00546,0.999985094088907,0.99601
LightweightSecurePUF,5,1.33,-0.0054,0.9999854198937104,0.99734
LightweightSecurePUF,5,1.34,-0.00536,0.9999856350968247,0.99868
LightweightSecurePUF,5,1.35,-0.00576,0.9999834110624035,1.0
LightweightSecurePUF,5,1.36,-0.00584,0.9999829470545982,0.99872
LightweightSecurePUF,5,1.37,-0.00614,0.9999811500223392,0.99727
LightweightSecurePUF,5,1.38,-0.00602,0.9999818796358262,0.99587
LightweightSecurePUF,5,1.39,-0.00574,0.9999835260643047,0.99449
LightweightSecurePUF,5,1.4,-0.00572,0.9999836406661862,0.99318
LightweightSecurePUF,5,1.41,-0.0054,0.9999854198937105,0.99188
LightweightSecurePUF,5,1.42,-0.00556,0.9999845430805419,0.99062
LightweightSecurePUF,5,1.43,-0.00574,0.999983526064305,0.98937
LightweightSecurePUF,5,1.44,-0.00572,0.9999836406661862,0.988
LightweightSecurePUF,5,1.45,-0.00566,0.9999839820717131,0.98659
LightweightSecurePUF,5,1.46,-0.00554,0.9999846540822513,0.98497
LightweightSecurePUF,5,1.47,-0.0057,0.999983754868048,0.98365
LightweightSecurePUF,5,1.48,-0.00592,0.9999824766464661,0.9822
LightweightSecurePUF,5,1.49,-0.0055,0.9999848748856156,0.98089
LightweightSecurePUF,5,1.5,-0.00538,0.999985527695276,0.97985
LightweightSecurePUF,5,1.51,-0.00486,0.9999881901302635,0.97853
LightweightSecurePUF,5,1.52,-0.0045,0.9999898749487416,0.97715
LightweightSecurePUF,5,1.53,-0.00484,0.9999882871314043,0.9757
LightweightSecurePUF,5,1.54,-0.0052,0.9999864799086037,0.97444
LightweightSecurePUF,5,1.55,-0.00506,0.999987198118056,0.97307
LightweightSecurePUF,5,1.56,-0.0051,0.9999869949154339,0.97171
LightweightSecurePUF,5,1.57,-0.00456,0.9999896031459528,0.97026
LightweightSecurePUF,5,1.58,-0.00458,0.9999895117449983,0.96895
LightweightSecurePUF,5,1.59,-0.00498,0.9999875997231167,0.96765
LightweightSecurePUF,5,1.6,-0.0052,0.9999864799086036,0.96654
LightweightSecurePUF,5,1.61,-0.00546,0.9999850940889069,0.96515
LightweightSecurePUF,5,1.62,-0.00528,0.9999860607028477,0.96394
LightweightSecurePUF,5,1.63,-0.00518,0.9999865837100015,0.96265
LightweightSecurePUF,5,1.64,-0.0052,0.9999864799086036,0.9612
LightweightSecurePUF,5,1.65,-0.00484,0.9999882871314044,0.9598
LightweightSecurePUF,5,1.66,-0.00498,0.9999875997231168,0.95825
LightweightSecurePUF,5,1.67,-0.00504,0.9999872991193439,0.95702
LightweightSecurePUF,5,1.68,-0.0047,0.9999889549390032,0.95563
LightweightSecurePUF,5,1.69,-0.0043,0.9999907549572646,0.95443
LightweightSecurePUF,5,1.7,-0.0044,0.9999903199531485,0.95312
LightweightSecurePUF,5,1.71,-0.00418,0.9999912637618391,0.95179
LightweightSecurePUF,5,1.72,-0.00438,0.9999904077539944,0.95053
LightweightSecurePUF,5,1.73,-0.0045,0.9999898749487415,0.94923
LightweightSecurePUF,5,1.74,-0.00448,0.9999899647496467,0.94784
LightweightSecurePUF,5,1.75,-0.0039,0.9999923949710818,0.94623
LightweightSecurePUF,5,1.76,-0.00392,0.9999923167704838,0.94486
LightweightSecurePUF,5,1.77,-0.0042,0.9999911799611033,0.94348
LightweightSecurePUF,5,1.78,-0.00422,0.9999910957603572,0.94225
LightweightSecurePUF,5,1.79,-0.00438,0.9999904077539944,0.94107
LightweightSecurePUF,5,1.8,-0.0045,0.9999898749487416,0.93967
LightweightSecurePUF,5,1.81,-0.00456,0.9999896031459526,0.93826
LightweightSecurePUF,5,1.82,-0.0047,0.9999889549390033,0.93691
LightweightSecurePUF,5,1.83,-0.0041,0.9999915949646777,0.93557
LightweightSecurePUF,5,1.84,-0.0038,0.9999927799739353,0.93454
LightweightSecurePUF,5,1.85,-0.00404,0.9999918391667004,0.93338
LightweightSecurePUF,5,1.86,-0.0041,0.9999915949646776,0.93209
LightweightSecurePUF,5,1.87,-0.00426,0.9999909261588324,0.93085
LightweightSecurePUF,5,1.88,-0.0041,0.9999915949646776,0.92959
LightweightSecurePUF,5,1.89,-0.00434,0.9999905821556523,0.92853
LightweightSecurePUF,5,1.9,-0.00428,0.9999908407580541,0.92732
LightweightSecurePUF,5,1.91,-0.00436,0.9999904951548289,0.92594
LightweightSecurePUF,5,1.92,-0.00412,0.9999915127639836,0.9248
LightweightSecurePUF,5,1.93,-0.00418,0.9999912637618391,0.92375
LightweightSecurePUF,5,1.94,-0.00414,0.9999914301632788,0.92243
LightweightSecurePUF,5,1.95,-0.00442,0.9999902317522907,0.92101
LightweightSecurePUF,5,1.96,-0.0044,0.9999903199531485,0.91978
LightweightSecurePUF,5,1.97,-0.0046,0.999989419944031,0.91858
LightweightSecurePUF,5,1.98,-0.0042,0.9999911799611035,0.91732
LightweightSecurePUF,5,1.99,-0.00382,0.9999927037733825,0.91601
LightweightSecurePUF,5,2.0,-0.0038,0.9999927799739355,0.9148
LightweightSecurePUF,5,2.01,-0.00386,0.99999255017225,0.91351
LightweightSecurePUF,5,2.02,-0.004,0.9999919999679996,0.91208
LightweightSecurePUF,5,2.03,-0.00398,0.9999920797686351,0.91093
LightweightSecurePUF,5,2.04,-0.0038,0.9999927799739353,0.90964
LightweightSecurePUF,5,2.05,-0.00386,0.99999255017225,0.90837
LightweightSecurePUF,5,2.06,-0.00456,0.9999896031459526,0.9072
LightweightSecurePUF,5,2.07,-0.00454,0.9999896941468946,0.90611
LightweightSecurePUF,5,2.08,-0.0046,0.999989419944031,0.9049
LightweightSecurePUF,5,2.09,-0.00468,0.9999890487400349,0.90372
LightweightSecurePUF,5,2.1,-0.00434,0.9999905821556523,0.90251
LightweightSecurePUF,5,2.11,-0.0046,0.999989419944031,0.90132
LightweightSecurePUF,5,2.12,-0.00462,0.9999893277430516,0.90003
LightweightSecurePUF,5,2.13,-0.00456,0.9999896031459526,0.8988
LightweightSecurePUF,5,2.14,-0.00476,0.9999886711358287,0.89746
LightweightSecurePUF,5,2.15,-0.00464,0.9999892351420587,0.89634
LightweightSecurePUF,5,2.16,-0.00492,0.9999878967267553,0.89522
LightweightSecurePUF,5,2.17,-0.00522,0.9999863757071893,0.89417
LightweightSecurePUF,5,2.18,-0.00512,0.9999868927140995,0.89278
LightweightSecurePUF,5,2.19,-0.0052,0.9999864799086036,0.89146
LightweightSecurePUF,5,2.2,-0.00512,0.9999868927140996,0.89036
LightweightSecurePUF,5,2.21,-0.00508,0.9999870967167527,0.88912
LightweightSecurePUF,5,2.22,-0.00498,0.9999875997231168,0.88789
LightweightSecurePUF,5,2.23,-0.00518,0.9999865837100015,0.88679
LightweightSecurePUF,5,2.24,-0.00512,0.9999868927140996,0.88562
LightweightSecurePUF,5,2.25,-0.00554,0.9999846540822513,0.88447
LightweightSecurePUF,5,2.26,-0.00552,0.9999847646839427,0.8834
LightweightSecurePUF,5,2.27,-0.0053,0.9999859549013677,0.88219
LightweightSecurePUF,5,2.28,-0.00528,0.9999860607028478,0.88096
LightweightSecurePUF,5,2.29,-0.00506,0.999987198118056,0.87957
LightweightSecurePUF,5,2.3,-0.00496,0.9999876991243444,0.87814
LightweightSecurePUF,5,2.31,-0.0046,0.999989419944031,0.87686
LightweightSecurePUF,5,2.32,-0.00454,0.9999896941468948,0.87561
LightweightSecurePUF,5,2.33,-0.00446,0.99999005415054,0.87429
LightweightSecurePUF,5,2.34,-0.00462,0.9999893277430516,0.87325
LightweightSecurePUF,5,2.35,-0.0043,0.9999907549572647,0.87227
LightweightSecurePUF,5,2.36,-0.00416,0.9999913471625642,0.87126
LightweightSecurePUF,5,2.37,-0.00408,0.9999916767653622,0.8701
LightweightSecurePUF,5,2.38,-0.00428,0.9999908407580541,0.86888
LightweightSecurePUF,5,2.39,-0.0042,0.9999911799611033,0.86756
LightweightSecurePUF,5,2.4,-0.00408,0.9999916767653622,0.86638
LightweightSecurePUF,5,2.41,-0.00474,0.9999887661369005,0.86511
LightweightSecurePUF,5,2.42,-0.0045,0.9999898749487417,0.86395
LightweightSecurePUF,5,2.43,-0.00444,0.9999901431514213,0.86278
LightweightSecurePUF,5,2.44,-0.00404,0.9999918391667003,0.86162
LightweightSecurePUF,5,2.45,-0.00388,0.9999924727716702,0.8603
LightweightSecurePUF,5,2.46,-0.0039,0.9999923949710818,0.85913
LightweightSecurePUF,5,2.47,-0.00392,0.9999923167704838,0.85772
LightweightSecurePUF,5,2.48,-0.00418,0.9999912637618391,0.85651
LightweightSecurePUF,5,2.49,-0.0039,0.9999923949710817,0.85531
LightweightSecurePUF,5,2.5,-0.00386,0.99999255017225,0.85423
LightweightSecurePUF,5,2.51,-0.00362,0.9999934477785342,0.85323
LightweightSecurePUF,5,2.52,-0.0036,0.9999935199790048,0.85212
LightweightSecurePUF,5,2.53,-0.00332,0.9999944887848132,0.8507
LightweightSecurePUF,5,2.54,-0.00316,0.9999950071875359,0.84948
LightweightSecurePUF,5,2.55,-0.00338,0.9999942877836853,0.84855
LightweightSecurePUF,5,2.56,-0.0038,0.9999927799739354,0.84746
LightweightSecurePUF,5,2.57,-0.00364,0.999993375178056,0.84642
LightweightSecurePUF,5,2.58,-0.00372,0.9999930807760621,0.84552
LightweightSecurePUF,5,2.59,-0.00374,0.9999930061755432,0.84435
LightweightSecurePUF,5,2.6,-0.004,0.9999919999679996,0.84322
LightweightSecurePUF,5,2.61,-0.00376,0.999992931175016,0.84218
LightweightSecurePUF,5,2.62,-0.00396,0.9999921591692607,0.84108
LightweightSecurePUF,5,2.63,-0.00352,0.9999938047808096,0.83986
LightweightSecurePUF,5,2.64,-0.00378,0.9999928557744799,0.83869
LightweightSecurePUF,5,2.65,-0.00336,0.9999943551840681,0.83766
LightweightSecurePUF,5,2.66,-0.00356,0.9999936631799222,0.83652
LightweightSecurePUF,5,2.67,-0.0037,0.9999931549765729,0.83539
LightweightSecurePUF,5,2.68,-0.004,0.9999919999679995,0.83408
LightweightSecurePUF,5,2.69,-0.00408,0.999991676765362,0.83276
LightweightSecurePUF,5,2.7,-0.00416,0.9999913471625642,0.8317
LightweightSecurePUF,5,2.71,-0.00374,0.9999930061755433,0.83075
LightweightSecurePUF,5,2.72,-0.00368,0.9999932287770751,0.82974
LightweightSecurePUF,5,2.73,-0.00384,0.9999926271728207,0.82872
LightweightSecurePUF,5,2.74,-0.00446,0.9999900541505401,0.82755
LightweightSecurePUF,5,2.75,-0.00422,0.9999910957603572,0.82659
LightweightSecurePUF,5,2.76,-0.00436,0.9999904951548289,0.8256
LightweightSecurePUF,5,2.77,-0.00382,0.9999927037733825,0.82447
LightweightSecurePUF,5,2.78,-0.0034,0.9999942199832957,0.82334
LightweightSecurePUF,5,2.79,-0.00294,0.9999956781906609,0.82231
LightweightSecurePUF,5,2.8,-0.00312,0.9999951327881552,0.8215
LightweightSecurePUF,5,2.81,-0.00282,0.9999960237920948,0.82049
LightweightSecurePUF,5,2.82,-0.00288,0.9999958527914004,0.81938
LightweightSecurePUF,5,2.83,-0.00302,0.9999954397896021,0.81827
LightweightSecurePUF,5,2.84,-0.00278,0.9999961357925339,0.81725
LightweightSecurePUF,5,2.85,-0.00262,0.9999965677941101,0.81623
LightweightSecurePUF,5,2.86,-0.00246,0.999996974195422,0.81543
LightweightSecurePUF,5,2.87,-0.00242,0.9999970717957127,0.81441
LightweightSecurePUF,5,2.88,-0.0025,0.999996874995117,0.81353
LightweightSecurePUF,5,2.89,-0.00252,0.9999968247949593,0.81222
LightweightSecurePUF,5,2.9,-0.00228,0.9999974007966222,0.81122
LightweightSecurePUF,5,2.91,-0.00222,0.9999975357969639,0.81021
LightweightSecurePUF,5,2.92,-0.00272,0.9999963007931579,0.80916
LightweightSecurePUF,5,2.93,-0.00264,0.9999965151939281,0.80832
LightweightSecurePUF,5,2.94,-0.00292,0.9999957367909124,0.80722
LightweightSecurePUF,5,2.95,-0.00308,0.999995256788751,0.80614
LightweightSecurePUF,5,2.96,-0.00272,0.9999963007931578,0.80492
LightweightSecurePUF,5,2.97,-0.0031,0.999995194988456,0.80387
LightweightSecurePUF,5,2.98,-0.003,0.9999954999898749,0.80288
LightweightSecurePUF,5,2.99,-0.00286,0.9999959101916366,0.80175
LightweightSecurePUF,5,3.0,-0.00302,0.9999954397896021,0.80083
LightweightSecurePUF,10,0.5,-0.0044,0.9999903199531485,0.90373
LightweightSecurePUF,10,0.51,-0.00436,0.9999904951548289,0.90451
LightweightSecurePUF,10,0.52,-0.0043,0.9999907549572647,0.90554
LightweightSecurePUF,10,0.53,-0.00422,0.9999910957603572,0.90644
LightweightSecurePUF,10,0.54,-0.00456,0.9999896031459526,0.90743
LightweightSecurePUF,10,0.55,-0.00448,0.9999899647496469,0.90837
LightweightSecurePUF,10,0.56,-0.0046,0.9999894199440311,0.90939
LightweightSecurePUF,10,0.57,-0.00474,0.9999887661369004,0.91034
LightweightSecurePUF,10,0.58,-0.0049,0.9999879949279391,0.91144
LightweightSecurePUF,10,0.59,-0.00512,0.9999868927140995,0.91239
LightweightSecurePUF,10,0.6,-0.00516,0.9999866871113836,0.91343
LightweightSecurePUF,10,0.61,-0.00514,0.9999867901127493,0.9145
LightweightSecurePUF,10,0.62,-0.0055,0.9999848748856156,0.9156
LightweightSecurePUF,10,0.63,-0.00532,0.9999858486998704,0.91647
LightweightSecurePUF,10,0.64,-0.00544,0.9999852030905259,0.91757
LightweightSecurePUF,10,0.65,-0.00526,0.9999861661043116,0.91856
LightweightSecurePUF,10,0.66,-0.00522,0.9999863757071892,0.9196
LightweightSecurePUF,10,0.67,-0.00516,0.9999866871113836,0.92069
LightweightSecurePUF,10,0.68,-0.0055,0.9999848748856157,0.9218
LightweightSecurePUF,10,0.69,-0.00558,0.9999844316788138,0.9229
LightweightSecurePUF,10,0.7,-0.00556,0.9999845430805416,0.92387
LightweightSecurePUF,10,0.71,-0.00552,0.9999847646839428,0.92513
LightweightSecurePUF,10,0.72,-0.00528,0.9999860607028477,0.92623
LightweightSecurePUF,10,0.73,-0.00562,0.999984207675301,0.9272
LightweightSecurePUF,10,0.74,-0.0053,0.9999859549013679,0.92844
LightweightSecurePUF,10,0.75,-0.00546,0.9999850940889069,0.92956
LightweightSecurePUF,10,0.76,-0.00548,0.9999849846872703,0.93067
LightweightSecurePUF,10,0.77,-0.00546,0.9999850940889069,0.93166
LightweightSecurePUF,10,0.78,-0.00534,0.9999857420983559,0.93294
LightweightSecurePUF,10,0.79,-0.0053,0.9999859549013677,0.93404
LightweightSecurePUF,10,0.8,-0.0052,0.9999864799086036,0.93493
LightweightSecurePUF,10,0.81,-0.00562,0.9999842076753012,0.9359
LightweightSecurePUF,10,0.82,-0.00574,0.9999835260643049,0.93708
LightweightSecurePUF,10,0.83,-0.00554,0.9999846540822516,0.93814
LightweightSecurePUF,10,0.84,-0.00542,0.9999853116921269,0.93924
LightweightSecurePUF,10,0.85,-0.00528,0.9999860607028479,0.94029
LightweightSecurePUF,10,0.86,-0.0054,0.9999854198937105,0.94145
LightweightSecurePUF,10,0.87,-0.00596,0.9999822390422741,0.94243
LightweightSecurePUF,10,0.88,-0.00604,0.9999817590336334,0.94341
LightweightSecurePUF,10,0.89,-0.0061,0.9999813948269237,0.94452
LightweightSecurePUF,10,0.9,-0.00612,0.9999812726246426,0.94561
LightweightSecurePUF,10,0.91,-0.00592,0.999982476646466,0.94679
LightweightSecurePUF,10,0.92,-0.00634,0.9999799019980352,0.94788
LightweightSecurePUF,10,0.93,-0.00596,0.9999822390422742,0.94907
LightweightSecurePUF,10,0.94,-0.00638,0.9999796475928896,0.95044
LightweightSecurePUF,10,0.95,-0.00604,0.9999817590336334,0.95159
LightweightSecurePUF,10,0.96,-0.00594,0.9999823580443807,0.95268
LightweightSecurePUF,10,0.97,-0.00586,0.9999828300525965,0.95382
LightweightSecurePUF,10,0.98,-0.00568,0.99998386866989,0.95493
LightweightSecurePUF,10,0.99,-0.0053,0.9999859549013679,0.95628
LightweightSecurePUF,10,1.0,-0.00494,0.9999877981255573,0.95768
LightweightSecurePUF,10,1.01,-0.00482,0.9999883837325312,0.95884
LightweightSecurePUF,10,1.02,-0.00452,0.9999897847478244,0.96009
LightweightSecurePUF,10,1.03,-0.00458,0.9999895117449982,0.96114
LightweightSecurePUF,10,1.04,-0.0044,0.9999903199531486,0.96229
LightweightSecurePUF,10,1.05,-0.0045,0.9999898749487415,0.96348
LightweightSecurePUF,10,1.06,-0.0048,0.9999884799336439,0.96467
LightweightSecurePUF,10,1.07,-0.00494,0.9999877981255572,0.966
LightweightSecurePUF,10,1.08,-0.00502,0.9999873997206163,0.9671
LightweightSecurePUF,10,1.09,-0.00496,0.9999876991243444,0.96835
LightweightSecurePUF,10,1.1,-0.00496,0.9999876991243444,0.96953
LightweightSecurePUF,10,1.11,-0.0047,0.9999889549390033,0.9706
LightweightSecurePUF,10,1.12,-0.00522,0.9999863757071892,0.97188
LightweightSecurePUF,10,1.13,-0.00538,0.9999855276952759,0.973
LightweightSecurePUF,10,1.14,-0.0052,0.9999864799086036,0.97405
LightweightSecurePUF,10,1.15,-0.00506,0.9999871981180559,0.97526
LightweightSecurePUF,10,1.16,-0.0052,0.9999864799086036,0.97649
LightweightSecurePUF,10,1.17,-0.00514,0.9999867901127493,0.97756
LightweightSecurePUF,10,1.18,-0.0048,0.9999884799336438,0.97877
LightweightSecurePUF,10,1.19,-0.00474,0.9999887661369004,0.98004
LightweightSecurePUF,10,1.2,-0.00442,0.9999902317522906,0.98126
LightweightSecurePUF,10,1.21,-0.00444,0.9999901431514212,0.98245
LightweightSecurePUF,10,1.22,-0.00464,0.9999892351420588,0.98355
LightweightSecurePUF,10,1.23,-0.0051,0.999986994915434,0.98496
LightweightSecurePUF,10,1.24,-0.00518,0.9999865837100015,0.98616
LightweightSecurePUF,10,1.25,-0.00534,0.9999857420983559,0.98732
LightweightSecurePUF,10,1.26,-0.00508,0.9999870967167526,0.98861
LightweightSecurePUF,10,1.27,-0.00524,0.9999862711057586,0.98973
LightweightSecurePUF,10,1.28,-0.00528,0.9999860607028478,0.99095
LightweightSecurePUF,10,1.29,-0.0053,0.9999859549013678,0.99228
LightweightSecurePUF,10,1.3,-0.00476,0.9999886711358286,0.99355
LightweightSecurePUF,10,1.31,-0.00506,0.9999871981180559,0.995
LightweightSecurePUF,10,1.32,-0.00496,0.9999876991243444,0.99631
LightweightSecurePUF,10,1.33,-0.00514,0.9999867901127493,0.99746
LightweightSecurePUF,10,1.34,-0.00514,0.9999867901127493,0.99866
LightweightSecurePUF,10,1.35,-0.00546,0.999985094088907,1.0
LightweightSecurePUF,10,1.36,-0.00546,0.9999850940889069,0.99866
LightweightSecurePUF,10,1.37,-0.0054,0.9999854198937104,0.99737
LightweightSecurePUF,10,1.38,-0.00576,0.9999834110624035,0.99607
LightweightSecurePUF,10,1.39,-0.00588,0.9999827126505738,0.99481
LightweightSecurePUF,10,1.4,-0.0062,0.9999807798152922,0.99343
LightweightSecurePUF,10,1.41,-0.0061,0.9999813948269238,0.99206
LightweightSecurePUF,10,1.42,-0.00584,0.9999829470545983,0.99071
LightweightSecurePUF,10,1.43,-0.00564,0.9999840950735167,0.98945
LightweightSecurePUF,10,1.44,-0.00548,0.9999849846872703,0.98817
LightweightSecurePUF,10,1.45,-0.00544,0.9999852030905259,0.98693
LightweightSecurePUF,10,1.46,-0.00588,0.9999827126505737,0.98569
LightweightSecurePUF,10,1.47,-0.00578,0.9999832956604825,0.98446
LightweightSecurePUF,10,1.48,-0.00586,0.9999828300525965,0.98306
LightweightSecurePUF,10,1.49,-0.0057,0.999983754868048,0.98152
LightweightSecurePUF,10,1.5,-0.00548,0.9999849846872704,0.98019
LightweightSecurePUF,10,1.51,-0.00602,0.9999818796358262,0.97896
LightweightSecurePUF,10,1.52,-0.00562,0.9999842076753012,0.97748
LightweightSecurePUF,10,1.53,-0.00546,0.9999850940889069,0.9764
LightweightSecurePUF,10,1.54,-0.00508,0.9999870967167526,0.97511
LightweightSecurePUF,10,1.55,-0.00454,0.9999896941468946,0.97382
LightweightSecurePUF,10,1.56,-0.0049,0.9999879949279391,0.9726
LightweightSecurePUF,10,1.57,-0.00506,0.9999871981180559,0.97114
LightweightSecurePUF,10,1.58,-0.0052,0.9999864799086036,0.96983
LightweightSecurePUF,10,1.59,-0.00512,0.9999868927140996,0.96847
LightweightSecurePUF,10,1.6,-0.00492,0.9999878967267554,0.96717
LightweightSecurePUF,10,1.61,-0.00448,0.9999899647496469,0.96587
LightweightSecurePUF,10,1.62,-0.00472,0.9999888607379585,0.96457
LightweightSecurePUF,10,1.63,-0.00512,0.9999868927140995,0.96333
LightweightSecurePUF,10,1.64,-0.00522,0.9999863757071892,0.96212
LightweightSecurePUF,10,1.65,-0.0054,0.9999854198937104,0.96089
LightweightSecurePUF,10,1.66,-0.00528,0.9999860607028479,0.95971
LightweightSecurePUF,10,1.67,-0.00502,0.9999873997206165,0.95842
LightweightSecurePUF,10,1.68,-0.00506,0.999987198118056,0.95708
LightweightSecurePUF,10,1.69,-0.00486,0.9999881901302636,0.95566
LightweightSecurePUF,10,1.7,-0.00506,0.999987198118056,0.95414
LightweightSecurePUF,10,1.71,-0.00502,0.9999873997206165,0.95284
LightweightSecurePUF,10,1.72,-0.00462,0.9999893277430516,0.95154
LightweightSecurePUF,10,1.73,-0.00432,0.9999906687564641,0.95049
LightweightSecurePUF,10,1.74,-0.0043,0.9999907549572647,0.94914
LightweightSecurePUF,10,1.75,-0.00424,0.9999910111596004,0.94787
LightweightSecurePUF,10,1.76,-0.0045,0.9999898749487417,0.94658
LightweightSecurePUF,10,1.77,-0.00444,0.9999901431514212,0.94539
LightweightSecurePUF,10,1.78,-0.00442,0.9999902317522908,0.94394
LightweightSecurePUF,10,1.79,-0.004,0.9999919999679996,0.94241
LightweightSecurePUF,10,1.8,-0.0039,0.9999923949710816,0.9411
LightweightSecurePUF,10,1.81,-0.0042,0.9999911799611033,0.93981
LightweightSecurePUF,10,1.82,-0.00426,0.9999909261588326,0.93858
LightweightSecurePUF,10,1.83,-0.0044,0.9999903199531485,0.93743
LightweightSecurePUF,10,1.84,-0.00452,0.9999897847478245,0.93607
LightweightSecurePUF,10,1.85,-0.00454,0.9999896941468948,0.93478
LightweightSecurePUF,10,1.86,-0.00476,0.9999886711358286,0.93337
LightweightSecurePUF,10,1.87,-0.0042,0.9999911799611033,0.93213
LightweightSecurePUF,10,1.88,-0.00384,0.9999926271728209,0.93101
LightweightSecurePUF,10,1.89,-0.00402,0.9999919197673548,0.92992
LightweightSecurePUF,10,1.9,-0.00406,0.999991758166036,0.92872
LightweightSecurePUF,10,1.91,-0.00416,0.9999913471625642,0.92751
LightweightSecurePUF,10,1.92,-0.004,0.9999919999679996,0.92627
LightweightSecurePUF,10,1.93,-0.00428,0.9999908407580541,0.92521
LightweightSecurePUF,10,1.94,-0.00412,0.9999915127639835,0.92415
LightweightSecurePUF,10,1.95,-0.00438,0.9999904077539944,0.92286
LightweightSecurePUF,10,1.96,-0.00404,0.9999918391667005,0.92167
LightweightSecurePUF,10,1.97,-0.00406,0.999991758166036,0.92052
LightweightSecurePUF,10,1.98,-0.00404,0.9999918391667005,0.91935
LightweightSecurePUF,10,1.99,-0.00424,0.9999910111596004,0.91801
LightweightSecurePUF,10,2.0,-0.00446,0.9999900541505399,0.91668
LightweightSecurePUF,10,2.01,-0.00458,0.9999895117449983,0.91574
LightweightSecurePUF,10,2.02,-0.00456,0.9999896031459526,0.91427
LightweightSecurePUF,10,2.03,-0.0039,0.9999923949710817,0.91318
LightweightSecurePUF,10,2.04,-0.00386,0.99999255017225,0.91188
LightweightSecurePUF,10,2.05,-0.00386,0.9999925501722501,0.9106
LightweightSecurePUF,10,2.06,-0.00428,0.9999908407580541,0.90939
LightweightSecurePUF,10,2.07,-0.00386,0.9999925501722501,0.90804
LightweightSecurePUF,10,2.08,-0.00392,0.9999923167704838,0.90687
LightweightSecurePUF,10,2.09,-0.004,0.9999919999679996,0.90567
LightweightSecurePUF,10,2.1,-0.00414,0.9999914301632788,0.90442
LightweightSecurePUF,10,2.11,-0.00454,0.9999896941468946,0.90334
LightweightSecurePUF,10,2.12,-0.00458,0.9999895117449983,0.9023
LightweightSecurePUF,10,2.13,-0.00462,0.9999893277430514,0.90116
LightweightSecurePUF,10,2.14,-0.00454,0.9999896941468948,0.89982
LightweightSecurePUF,10,2.15,-0.00422,0.9999910957603572,0.89864
LightweightSecurePUF,10,2.16,-0.00462,0.9999893277430515,0.8975
LightweightSecurePUF,10,2.17,-0.00464,0.9999892351420587,0.89637
LightweightSecurePUF,10,2.18,-0.00466,0.9999891421410535,0.8951
LightweightSecurePUF,10,2.19,-0.00466,0.9999891421410534,0.89384
LightweightSecurePUF,10,2.2,-0.00458,0.9999895117449983,0.89276
LightweightSecurePUF,10,2.21,-0.005,0.9999874999218739,0.89167
LightweightSecurePUF,10,2.22,-0.00512,0.9999868927140995,0.89057
LightweightSecurePUF,10,2.23,-0.00504,0.9999872991193439,0.88935
LightweightSecurePUF,10,2.24,-0.0051,0.999986994915434,0.88802
LightweightSecurePUF,10,2.25,-0.00516,0.9999866871113835,0.88693
LightweightSecurePUF,10,2.26,-0.00506,0.999987198118056,0.88572
LightweightSecurePUF,10,2.27,-0.00498,0.9999875997231168,0.88454
LightweightSecurePUF,10,2.28,-0.00518,0.9999865837100015,0.88344
LightweightSecurePUF,10,2.29,-0.00506,0.9999871981180559,0.88234
LightweightSecurePUF,10,2.3,-0.0056,0.9999843198770669,0.88119
LightweightSecurePUF,10,2.31,-0.00548,0.9999849846872703,0.88015
LightweightSecurePUF,10,2.32,-0.00526,0.9999861661043117,0.879
LightweightSecurePUF,10,2.33,-0.00528,0.9999860607028479,0.87785
LightweightSecurePUF,10,2.34,-0.00508,0.9999870967167526,0.87649
LightweightSecurePUF,10,2.35,-0.00502,0.9999873997206166,0.8752
LightweightSecurePUF,10,2.36,-0.00476,0.9999886711358286,0.87397
LightweightSecurePUF,10,2.37,-0.00466,0.9999891421410535,0.87264
LightweightSecurePUF,10,2.38,-0.00446,0.99999005415054,0.8713
LightweightSecurePUF,10,2.39,-0.00474,0.9999887661369005,0.87022
LightweightSecurePUF,10,2.4,-0.00434,0.9999905821556523,0.8693
LightweightSecurePUF,10,2.41,-0.00414,0.999991430163279,0.86836
LightweightSecurePUF,10,2.42,-0.00412,0.9999915127639836,0.86723
LightweightSecurePUF,10,2.43,-0.00406,0.999991758166036,0.86608
LightweightSecurePUF,10,2.44,-0.00432,0.9999906687564641,0.86485
LightweightSecurePUF,10,2.45,-0.00404,0.9999918391667004,0.86363
LightweightSecurePUF,10,2.46,-0.00452,0.9999897847478245,0.86239
LightweightSecurePUF,10,2.47,-0.00476,0.9999886711358286,0.86119
LightweightSecurePUF,10,2.48,-0.00426,0.9999909261588326,0.8601
LightweightSecurePUF,10,2.49,-0.00434,0.9999905821556523,0.85898
LightweightSecurePUF,10,2.5,-0.00404,0.9999918391667003,0.85771
LightweightSecurePUF,10,2.51,-0.00398,0.9999920797686351,0.85658
LightweightSecurePUF,10,2.52,-0.00382,0.9999927037733823,0.85526
LightweightSecurePUF,10,2.53,-0.00396,0.9999921591692607,0.85399
LightweightSecurePUF,10,2.54,-0.00398,0.9999920797686351,0.85286
LightweightSecurePUF,10,2.55,-0.00386,0.99999255017225,0.8518
LightweightSecurePUF,10,2.56,-0.0039,0.9999923949710818,0.85074
LightweightSecurePUF,10,2.57,-0.00356,0.9999936631799223,0.84983
LightweightSecurePUF,10,2.58,-0.0035,0.9999938749812421,0.84856
LightweightSecurePUF,10,2.59,-0.00324,0.9999947511862249,0.84723
LightweightSecurePUF,10,2.6,-0.00326,0.9999946861858818,0.84608
LightweightSecurePUF,10,2.61,-0.00356,0.9999936631799223,0.84513
LightweightSecurePUF,10,2.62,-0.00382,0.9999927037733823,0.84412
LightweightSecurePUF,10,2.63,-0.00386,0.99999255017225,0.84306
LightweightSecurePUF,10,2.64,-0.00378,0.9999928557744798,0.84222
LightweightSecurePUF,10,2.65,-0.00374,0.9999930061755432,0.84106
LightweightSecurePUF,10,2.66,-0.00394,0.9999922381698769,0.83996
LightweightSecurePUF,10,2.67,-0.00388,0.9999924727716702,0.83893
LightweightSecurePUF,10,2.68,-0.00398,0.9999920797686351,0.83784
LightweightSecurePUF,10,2.69,-0.00348,0.9999939447816673,0.83663
LightweightSecurePUF,10,2.7,-0.00374,0.9999930061755433,0.8355
LightweightSecurePUF,10,2.71,-0.0034,0.9999942199832957,0.83451
LightweightSecurePUF,10,2.72,-0.0036,0.9999935199790048,0.83337
LightweightSecurePUF,10,2.73,-0.00368,0.9999932287770753,0.83227
LightweightSecurePUF,10,2.74,-0.00406,0.999991758166036,0.831
LightweightSecurePUF,10,2.75,-0.0041,0.9999915949646776,0.8297
LightweightSecurePUF,10,2.76,-0.00418,0.9999912637618389,0.82864
LightweightSecurePUF,10,2.77,-0.0038,0.9999927799739355,0.82773
LightweightSecurePUF,10,2.78,-0.00366,0.9999933021775695,0.82672
LightweightSecurePUF,10,2.79,-0.00376,0.9999929311750159,0.82571
LightweightSecurePUF,10,2.8,-0.00444,0.9999901431514212,0.82457
LightweightSecurePUF,10,2.81,-0.00426,0.9999909261588324,0.82372
LightweightSecurePUF,10,2.82,-0.00442,0.9999902317522906,0.82274
LightweightSecurePUF,10,2.83,-0.004,0.9999919999679996,0.82161
LightweightSecurePUF,10,2.84,-0.00312,0.9999951327881552,0.82053
LightweightSecurePUF,10,2.85,-0.00306,0.9999953181890405,0.81958
LightweightSecurePUF,10,2.86,-0.00306,0.9999953181890404,0.8185
LightweightSecurePUF,10,2.87,-0.003,0.9999954999898749,0.81773
LightweightSecurePUF,10,2.88,-0.0031,0.999995194988456,0.81656
LightweightSecurePUF,10,2.89,-0.00284,0.9999959671918683,0.81557
LightweightSecurePUF,10,2.9,-0.00296,0.9999956191904044,0.81457
LightweightSecurePUF,10,2.91,-0.0027,0.9999963549933568,0.8135
LightweightSecurePUF,10,2.92,-0.0026,0.9999966199942877,0.81277
LightweightSecurePUF,10,2.93,-0.00242,0.9999970717957126,0.81184
LightweightSecurePUF,10,2.94,-0.00244,0.9999970231955694,0.81103
LightweightSecurePUF,10,2.95,-0.00262,0.9999965677941101,0.80972
LightweightSecurePUF,10,2.96,-0.00224,0.9999974911968529,0.80859
LightweightSecurePUF,10,2.97,-0.00246,0.9999969741954221,0.80772
LightweightSecurePUF,10,2.98,-0.00258,0.9999966717944615,0.80666
LightweightSecurePUF,10,2.99,-0.00284,0.9999959671918682,0.80587
LightweightSecurePUF,10,3.0,-0.00276,0.9999961911927466,0.80475
LightweightSecurePUF,15,0.5,-0.00444,0.9999901431514212,0.90589
LightweightSecurePUF,15,0.51,-0.00432,0.9999906687564641,0.90677
LightweightSecurePUF,15,0.52,-0.00434,0.9999905821556522,0.90758
LightweightSecurePUF,15,0.53,-0.00438,0.9999904077539944,0.90854
LightweightSecurePUF,15,0.54,-0.0043,0.9999907549572646,0.90944
LightweightSecurePUF,15,0.55,-0.0046,0.999989419944031,0.91035
LightweightSecurePUF,15,0.56,-0.00454,0.9999896941468946,0.91128
LightweightSecurePUF,15,0.57,-0.00448,0.9999899647496469,0.91229
LightweightSecurePUF,15,0.58,-0.00474,0.9999887661369005,0.91322
LightweightSecurePUF,15,0.59,-0.0049,0.9999879949279391,0.9143
LightweightSecurePUF,15,0.6,-0.00502,0.9999873997206163,0.91532
LightweightSecurePUF,15,0.61,-0.0052,0.9999864799086035,0.91627
LightweightSecurePUF,15,0.62,-0.0052,0.9999864799086036,0.91731
LightweightSecurePUF,15,0.63,-0.00536,0.9999856350968246,0.91837
LightweightSecurePUF,15,0.64,-0.00514,0.9999867901127493,0.91944
LightweightSecurePUF,15,0.65,-0.00542,0.9999853116921269,0.92036
LightweightSecurePUF,15,0.66,-0.00534,0.999985742098356,0.92136
LightweightSecurePUF,15,0.67,-0.00514,0.9999867901127493,0.92248
LightweightSecurePUF,15,0.68,-0.00528,0.9999860607028479,0.92355
LightweightSecurePUF,15,0.69,-0.00546,0.9999850940889069,0.92462
LightweightSecurePUF,15,0.7,-0.00562,0.9999842076753012,0.92554
LightweightSecurePUF,15,0.71,-0.00566,0.9999839820717131,0.92658
LightweightSecurePUF,15,0.72,-0.00542,0.999985311692127,0.92774
LightweightSecurePUF,15,0.73,-0.00546,0.9999850940889068,0.92886
LightweightSecurePUF,15,0.74,-0.00544,0.9999852030905259,0.92991
LightweightSecurePUF,15,0.75,-0.00542,0.9999853116921269,0.9309
LightweightSecurePUF,15,0.76,-0.00542,0.9999853116921269,0.9321
LightweightSecurePUF,15,0.77,-0.00532,0.9999858486998704,0.93321
LightweightSecurePUF,15,0.78,-0.0055,0.9999848748856156,0.93428
LightweightSecurePUF,15,0.79,-0.00554,0.9999846540822513,0.93542
LightweightSecurePUF,15,0.8,-0.00532,0.9999858486998703,0.93659
LightweightSecurePUF,15,0.81,-0.00526,0.9999861661043118,0.9376
LightweightSecurePUF,15,0.82,-0.00528,0.9999860607028479,0.93847
LightweightSecurePUF,15,0.83,-0.00566,0.9999839820717131,0.9394
LightweightSecurePUF,15,0.84,-0.0058,0.9999831798585413,0.94067
LightweightSecurePUF,15,0.85,-0.00538,0.999985527695276,0.94162
LightweightSecurePUF,15,0.86,-0.00554,0.9999846540822515,0.9427
LightweightSecurePUF,15,0.87,-0.00534,0.999985742098356,0.9438
LightweightSecurePUF,15,0.88,-0.0055,0.9999848748856157,0.94488
LightweightSecurePUF,15,0.89,-0.00596,0.9999822390422741,0.94579
LightweightSecurePUF,15,0.9,-0.00606,0.9999816380314189,0.94678
LightweightSecurePUF,15,0.91,-0.00608,0.9999815166291824,0.94787
LightweightSecurePUF,15,0.92,-0.00612,0.9999812726246426,0.94897
LightweightSecurePUF,15,0.93,-0.00592,0.999982476646466,0.95015
LightweightSecurePUF,15,0.94,-0.00632,0.9999800286005717,0.95119
LightweightSecurePUF,15,0.95,-0.00598,0.9999821196401462,0.95234
LightweightSecurePUF,15,0.96,-0.0063,0.9999801548030843,0.95376
LightweightSecurePUF,15,0.97,-0.00596,0.9999822390422741,0.95483
LightweightSecurePUF,15,0.98,-0.00588,0.9999827126505738,0.95583
LightweightSecurePUF,15,0.99,-0.0057,0.999983754868048,0.957
LightweightSecurePUF,15,1.0,-0.0057,0.9999837548680479,0.95814
LightweightSecurePUF,15,1.01,-0.00548,0.9999849846872703,0.95931
LightweightSecurePUF,15,1.02,-0.00496,0.9999876991243444,0.96077
LightweightSecurePUF,15,1.03,-0.00486,0.9999881901302635,0.96186
LightweightSecurePUF,15,1.04,-0.00456,0.9999896031459526,0.96313
LightweightSecurePUF,15,1.05,-0.00464,0.9999892351420587,0.96427
LightweightSecurePUF,15,1.06,-0.00452,0.9999897847478244,0.96535
LightweightSecurePUF,15,1.07,-0.00426,0.9999909261588326,0.9665
LightweightSecurePUF,15,1.08,-0.00466,0.9999891421410535,0.9677
LightweightSecurePUF,15,1.09,-0.0048,0.9999884799336439,0.96889
LightweightSecurePUF,15,1.1,-0.00506,0.999987198118056,0.97008
LightweightSecurePUF,15,1.11,-0.00516,0.9999866871113836,0.97127
LightweightSecurePUF,15,1.12,-0.00492,0.9999878967267554,0.97239
LightweightSecurePUF,15,1.13,-0.00484,0.9999882871314043,0.97343
LightweightSecurePUF,15,1.14,-0.00498,0.9999875997231167,0.9747
LightweightSecurePUF,15,1.15,-0.00514,0.9999867901127493,0.97588
LightweightSecurePUF,15,1.16,-0.00516,0.9999866871113836,0.97697
LightweightSecurePUF,15,1.17,-0.00508,0.9999870967167528,0.97809
LightweightSecurePUF,15,1.18,-0.00512,0.9999868927140995,0.97925
LightweightSecurePUF,15,1.19,-0.00528,0.9999860607028479,0.98035
LightweightSecurePUF,15,1.2,-0.00488,0.9999880927291086,0.98153
LightweightSecurePUF,15,1.21,-0.0049,0.999987994927939,0.98266
LightweightSecurePUF,15,1.22,-0.00462,0.9999893277430516,0.9838
LightweightSecurePUF,15,1.23,-0.00438,0.9999904077539944,0.9851
LightweightSecurePUF,15,1.24,-0.0044,0.9999903199531486,0.98623
LightweightSecurePUF,15,1.25,-0.00474,0.9999887661369004,0.98748
LightweightSecurePUF,15,1.26,-0.00522,0.9999863757071892,0.98868
LightweightSecurePUF,15,1.27,-0.0053,0.9999859549013678,0.99
LightweightSecurePUF,15,1.28,-0.00538,0.999985527695276,0.9911
LightweightSecurePUF,15,1.29,-0.0053,0.9999859549013678,0.99234
LightweightSecurePUF,15,1.3,-0.0054,0.9999854198937105,0.99343
LightweightSecurePUF,15,1.31,-0.00518,0.9999865837100015,0.99464
LightweightSecurePUF,15,1.32,-0.0053,0.9999859549013679,0.996
LightweightSecurePUF,15,1.33,-0.0047,0.9999889549390032,0.99728
LightweightSecurePUF,15,1.34,-0.00506,0.999987198118056,0.99864
LightweightSecurePUF,15,1.35,-0.00518,0.9999865837100015,1.0
LightweightSecurePUF,15,1.36,-0.00512,0.9999868927140995,0.99889
LightweightSecurePUF,15,1.37,-0.00514,0.9999867901127493,0.9977
LightweightSecurePUF,15,1.38,-0.00546,0.999985094088907,0.99642
LightweightSecurePUF,15,1.39,-0.0054,0.9999854198937104,0.99515
LightweightSecurePUF,15,1.4,-0.00542,0.9999853116921269,0.99386
LightweightSecurePUF,15,1.41,-0.00574,0.9999835260643049,0.99256
LightweightSecurePUF,15,1.42,-0.00588,0.9999827126505738,0.99135
LightweightSecurePUF,15,1.43,-0.0062,0.9999807798152921,0.99003
LightweightSecurePUF,15,1.44,-0.006,0.9999819998379971,0.98867
LightweightSecurePUF,15,1.45,-0.0057,0.9999837548680479,0.98732
LightweightSecurePUF,15,1.46,-0.00566,0.999983982071713,0.98602
LightweightSecurePUF,15,1.47,-0.00566,0.999983982071713,0.9849
LightweightSecurePUF,15,1.48,-0.0054,0.9999854198937105,0.98361
LightweightSecurePUF,15,1.49,-0.00568,0.99998386866989,0.98243
LightweightSecurePUF,15,1.5,-0.00572,0.9999836406661861,0.98129
LightweightSecurePUF,15,1.51,-0.0057,0.9999837548680479,0.97998
LightweightSecurePUF,15,1.52,-0.00576,0.9999834110624035,0.97839
LightweightSecurePUF,15,1.53,-0.00546,0.9999850940889068,0.97712
LightweightSecurePUF,15,1.54,-0.00592,0.9999824766464658,0.97583
LightweightSecurePUF,15,1.55,-0.00574,0.9999835260643047,0.97442
LightweightSecurePUF,15,1.56,-0.00556,0.9999845430805419,0.97327
LightweightSecurePUF,15,1.57,-0.005,0.9999874999218739,0.97213
LightweightSecurePUF,15,1.58,-0.00462,0.9999893277430515,0.971
LightweightSecurePUF,15,1.59,-0.00452,0.9999897847478244,0.96967
LightweightSecurePUF,15,1.6,-0.00494,0.9999877981255573,0.96828
LightweightSecurePUF,15,1.61,-0.00518,0.9999865837100015,0.96712
LightweightSecurePUF,15,1.62,-0.00504,0.9999872991193439,0.96579
LightweightSecurePUF,15,1.63,-0.00512,0.9999868927140995,0.96449
LightweightSecurePUF,15,1.64,-0.00464,0.999989235142059,0.96305
LightweightSecurePUF,15,1.65,-0.00458,0.9999895117449983,0.96188
LightweightSecurePUF,15,1.66,-0.00502,0.9999873997206163,0.9606
LightweightSecurePUF,15,1.67,-0.00514,0.9999867901127492,0.95962
LightweightSecurePUF,15,1.68,-0.00538,0.999985527695276,0.9583
LightweightSecurePUF,15,1.69,-0.00526,0.9999861661043117,0.95698
LightweightSecurePUF,15,1.7,-0.00506,0.999987198118056,0.956
LightweightSecurePUF,15,1.71,-0.00514,0.9999867901127493,0.95464
LightweightSecurePUF,15,1.72,-0.005,0.9999874999218739,0.95325
LightweightSecurePUF,15,1.73,-0.00504,0.9999872991193439,0.95185
LightweightSecurePUF,15,1.74,-0.00492,0.9999878967267554,0.95043
LightweightSecurePUF,15,1.75,-0.00494,0.9999877981255573,0.94934
LightweightSecurePUF,15,1.76,-0.00456,0.9999896031459526,0.94795
LightweightSecurePUF,15,1.77,-0.00428,0.9999908407580541,0.94691
LightweightSecurePUF,15,1.78,-0.00436,0.9999904951548289,0.94557
LightweightSecurePUF,15,1.79,-0.0042,0.9999911799611033,0.94431
LightweightSecurePUF,15,1.8,-0.00438,0.9999904077539944,0.94308
LightweightSecurePUF,15,1.81,-0.00448,0.9999899647496469,0.94193
LightweightSecurePUF,15,1.82,-0.0045,0.9999898749487416,0.9405
LightweightSecurePUF,15,1.83,-0.00406,0.9999917581660361,0.93896
LightweightSecurePUF,15,1.84,-0.0039,0.9999923949710818,0.93774
LightweightSecurePUF,15,1.85,-0.0042,0.9999911799611033,0.93649
LightweightSecurePUF,15,1.86,-0.00424,0.9999910111596004,0.93529
LightweightSecurePUF,15,1.87,-0.0045,0.9999898749487417,0.9342
LightweightSecurePUF,15,1.88,-0.00458,0.9999895117449984,0.9329
LightweightSecurePUF,15,1.89,-0.00458,0.9999895117449983,0.93162
LightweightSecurePUF,15,1.9,-0.00484,0.9999882871314044,0.93021
LightweightSecurePUF,15,1.91,-0.0042,0.9999911799611033,0.92907
LightweightSecurePUF,15,1.92,-0.00392,0.9999923167704838,0.92797
LightweightSecurePUF,15,1.93,-0.00394,0.999992238169877,0.9269
LightweightSecurePUF,15,1.94,-0.00414,0.9999914301632788,0.9258
LightweightSecurePUF,15,1.95,-0.00416,0.9999913471625641,0.92451
LightweightSecurePUF,15,1.96,-0.00426,0.9999909261588326,0.92338
LightweightSecurePUF,15,1.97,-0.00426,0.9999909261588324,0.92218
LightweightSecurePUF,15,1.98,-0.00422,0.9999910957603572,0.9212
LightweightSecurePUF,15,1.99,-0.00432,0.9999906687564641,0.91999
LightweightSecurePUF,15,2.0,-0.0042,0.9999911799611033,0.91883
LightweightSecurePUF,15,2.01,-0.004,0.9999919999679996,0.91765
LightweightSecurePUF,15,2.02,-0.00424,0.9999910111596004,0.91665
LightweightSecurePUF,15,2.03,-0.00432,0.9999906687564641,0.91537
LightweightSecurePUF,15,2.04,-0.00452,0.9999897847478244,0.91395
LightweightSecurePUF,15,2.05,-0.00436,0.9999904951548289,0.91291
LightweightSecurePUF,15,2.06,-0.0047,0.9999889549390032,0.91168
LightweightSecurePUF,15,2.07,-0.00416,0.9999913471625642,0.91049
LightweightSecurePUF,15,2.08,-0.00376,0.9999929311750159,0.90923
LightweightSecurePUF,15,2.09,-0.00382,0.9999927037733825,0.9081
LightweightSecurePUF,15,2.1,-0.00372,0.9999930807760621,0.90685
LightweightSecurePUF,15,2.11,-0.00412,0.9999915127639835,0.90559
LightweightSecurePUF,15,2.12,-0.00396,0.9999921591692609,0.90437
LightweightSecurePUF,15,2.13,-0.0038,0.9999927799739355,0.90315
LightweightSecurePUF,15,2.14,-0.00396,0.9999921591692607,0.90205
LightweightSecurePUF,15,2.15,-0.00444,0.9999901431514212,0.90089
LightweightSecurePUF,15,2.16,-0.00456,0.9999896031459526,0.89981
LightweightSecurePUF,15,2.17,-0.00454,0.9999896941468946,0.89876
LightweightSecurePUF,15,2.18,-0.0045,0.9999898749487415,0.89758
LightweightSecurePUF,15,2.19,-0.00454,0.9999896941468946,0.89634
LightweightSecurePUF,15,2.2,-0.0042,0.9999911799611034,0.89529
LightweightSecurePUF,15,2.21,-0.00462,0.9999893277430516,0.89406
LightweightSecurePUF,15,2.22,-0.00472,0.9999888607379586,0.89301
LightweightSecurePUF,15,2.23,-0.00482,0.9999883837325311,0.89176
LightweightSecurePUF,15,2.24,-0.0047,0.9999889549390032,0.89058
LightweightSecurePUF,15,2.25,-0.00458,0.9999895117449983,0.88946
LightweightSecurePUF,15,2.26,-0.00502,0.9999873997206163,0.88848
LightweightSecurePUF,15,2.27,-0.00512,0.9999868927140995,0.88739
LightweightSecurePUF,15,2.28,-0.00502,0.9999873997206163,0.8862
LightweightSecurePUF,15,2.29,-0.00514,0.9999867901127493,0.88488
LightweightSecurePUF,15,2.3,-0.0051,0.9999869949154339,0.8838
LightweightSecurePUF,15,2.31,-0.00506,0.999987198118056,0.88264
LightweightSecurePUF,15,2.32,-0.00498,0.9999875997231168,0.8815
LightweightSecurePUF,15,2.33,-0.0052,0.9999864799086036,0.88041
LightweightSecurePUF,15,2.34,-0.00512,0.9999868927140996,0.87931
LightweightSecurePUF,15,2.35,-0.0055,0.9999848748856156,0.87828
LightweightSecurePUF,15,2.36,-0.0055,0.9999848748856156,0.87716
LightweightSecurePUF,15,2.37,-0.00528,0.9999860607028479,0.87605
LightweightSecurePUF,15,2.38,-0.00514,0.9999867901127493,0.87494
LightweightSecurePUF,15,2.39,-0.00506,0.9999871981180559,0.87366
LightweightSecurePUF,15,2.4,-0.00514,0.9999867901127493,0.87244
LightweightSecurePUF,15,2.41,-0.0048,0.9999884799336439,0.87117
LightweightSecurePUF,15,2.42,-0.0046,0.9999894199440309,0.86983
LightweightSecurePUF,15,2.43,-0.0046,0.9999894199440309,0.86863
LightweightSecurePUF,15,2.44,-0.00458,0.9999895117449982,0.86752
LightweightSecurePUF,15,2.45,-0.00446,0.9999900541505401,0.86648
LightweightSecurePUF,15,2.46,-0.0043,0.9999907549572646,0.86564
LightweightSecurePUF,15,2.47,-0.00422,0.9999910957603572,0.86462
LightweightSecurePUF,15,2.48,-0.00402,0.9999919197673548,0.86346
LightweightSecurePUF,15,2.49,-0.00418,0.999991263761839,0.86236
LightweightSecurePUF,15,2.5,-0.00416,0.9999913471625641,0.86105
LightweightSecurePUF,15,2.51,-0.00418,0.9999912637618391,0.85998
LightweightSecurePUF,15,2.52,-0.00476,0.9999886711358286,0.85877
LightweightSecurePUF,15,2.53,-0.00458,0.9999895117449982,0.85764
LightweightSecurePUF,15,2.54,-0.00442,0.9999902317522907,0.8566
LightweightSecurePUF,15,2.55,-0.004,0.9999919999679996,0.85553
LightweightSecurePUF,15,2.56,-0.00388,0.9999924727716702,0.85425
LightweightSecurePUF,15,2.57,-0.00386,0.99999255017225,0.85314
LightweightSecurePUF,15,2.58,-0.00384,0.9999926271728209,0.85185
LightweightSecurePUF,15,2.59,-0.0042,0.9999911799611034,0.85061
LightweightSecurePUF,15,2.6,-0.00388,0.9999924727716702,0.84953
LightweightSecurePUF,15,2.61,-0.0039,0.9999923949710817,0.84854
LightweightSecurePUF,15,2.62,-0.00388,0.9999924727716702,0.84753
LightweightSecurePUF,15,2.63,-0.00352,0.9999938047808097,0.84659
LightweightSecurePUF,15,2.64,-0.00348,0.9999939447816671,0.84537
LightweightSecurePUF,15,2.65,-0.00318,0.9999949437872173,0.84416
LightweightSecurePUF,15,2.66,-0.00326,0.9999946861858817,0.84298
LightweightSecurePUF,15,2.67,-0.00358,0.9999935917794672,0.84208
LightweightSecurePUF,15,2.68,-0.00394,0.999992238169877,0.84106
LightweightSecurePUF,15,2.69,-0.00376,0.9999929311750159,0.84017
LightweightSecurePUF,15,2.7,-0.00376,0.999992931175016,0.83927
LightweightSecurePUF,15,2.71,-0.00372,0.9999930807760621,0.83813
LightweightSecurePUF,15,2.72,-0.0038,0.9999927799739355,0.83703
LightweightSecurePUF,15,2.73,-0.00384,0.9999926271728209,0.83603
LightweightSecurePUF,15,2.74,-0.00394,0.9999922381698769,0.83496
LightweightSecurePUF,15,2.75,-0.0035,0.9999938749812421,0.83374
LightweightSecurePUF,15,2.76,-0.00378,0.9999928557744799,0.83272
LightweightSecurePUF,15,2.77,-0.00336,0.9999943551840681,0.83169
LightweightSecurePUF,15,2.78,-0.00356,0.9999936631799222,0.83059
LightweightSecurePUF,15,2.79,-0.0037,0.9999931549765728,0.8295
LightweightSecurePUF,15,2.8,-0.00408,0.999991676765362,0.82827
LightweightSecurePUF,15,2.81,-0.00424,0.9999910111596004,0.82701
LightweightSecurePUF,15,2.82,-0.00412,0.9999915127639835,0.82595
LightweightSecurePUF,15,2.83,-0.00376,0.9999929311750159,0.82503
LightweightSecurePUF,15,2.84,-0.00372,0.9999930807760622,0.82405
LightweightSecurePUF,15,2.85,-0.00364,0.999993375178056,0.82305
LightweightSecurePUF,15,2.86,-0.00432,0.9999906687564641,0.82201
LightweightSecurePUF,15,2.87,-0.00432,0.9999906687564641,0.82109
LightweightSecurePUF,15,2.88,-0.0043,0.9999907549572647,0.82018
LightweightSecurePUF,15,2.89,-0.00406,0.999991758166036,0.81914
LightweightSecurePUF,15,2.9,-0.00356,0.9999936631799223,0.81813
LightweightSecurePUF,15,2.91,-0.00314,0.9999950701878484,0.81712
LightweightSecurePUF,15,2.92,-0.00282,0.9999960237920948,0.81622
LightweightSecurePUF,15,2.93,-0.00304,0.9999953791893239,0.81537
LightweightSecurePUF,15,2.94,-0.00296,0.9999956191904044,0.81433
LightweightSecurePUF,15,2.95,-0.00282,0.999996023792095,0.81324
LightweightSecurePUF,15,2.96,-0.00308,0.999995256788751,0.81229
LightweightSecurePUF,15,2.97,-0.00274,0.9999962461929545,0.81124
LightweightSecurePUF,15,2.98,-0.00256,0.9999967231946313,0.81033
LightweightSecurePUF,15,2.99,-0.00246,0.9999969741954221,0.80952
LightweightSecurePUF,15,3.0,-0.0024,0.9999971199958526,0.80861
LightweightSecurePUF,20,0.5,-0.0045,0.9999898749487416,0.90852
LightweightSecurePUF,20,0.51,-0.00446,0.99999005415054,0.9093
LightweightSecurePUF,20,0.52,-0.00436,0.9999904951548289,0.91017
LightweightSecurePUF,20,0.53,-0.00436,0.9999904951548289,0.91095
LightweightSecurePUF,20,0.54,-0.00444,0.9999901431514213,0.91193
LightweightSecurePUF,20,0.55,-0.00432,0.9999906687564641,0.91279
LightweightSecurePUF,20,0.56,-0.00434,0.9999905821556522,0.91364
LightweightSecurePUF,20,0.57,-0.00462,0.9999893277430516,0.9146
LightweightSecurePUF,20,0.58,-0.0046,0.9999894199440311,0.91563
LightweightSecurePUF,20,0.59,-0.00454,0.9999896941468946,0.91654
LightweightSecurePUF,20,0.6,-0.00482,0.9999883837325311,0.91752
LightweightSecurePUF,20,0.61,-0.00504,0.9999872991193439,0.91865
LightweightSecurePUF,20,0.62,-0.00512,0.9999868927140995,0.91949
LightweightSecurePUF,20,0.63,-0.0053,0.9999859549013679,0.9205
LightweightSecurePUF,20,0.64,-0.0053,0.9999859549013678,0.9216
LightweightSecurePUF,20,0.65,-0.00536,0.9999856350968247,0.92261
LightweightSecurePUF,20,0.66,-0.0054,0.9999854198937104,0.92347
LightweightSecurePUF,20,0.67,-0.00544,0.9999852030905259,0.92461
LightweightSecurePUF,20,0.68,-0.00508,0.9999870967167527,0.92553
LightweightSecurePUF,20,0.69,-0.00538,0.9999855276952759,0.92654
LightweightSecurePUF,20,0.7,-0.00522,0.9999863757071892,0.9276
LightweightSecurePUF,20,0.71,-0.0055,0.9999848748856156,0.92864
LightweightSecurePUF,20,0.72,-0.0056,0.9999843198770669,0.92967
LightweightSecurePUF,20,0.73,-0.0057,0.9999837548680479,0.93066
LightweightSecurePUF,20,0.74,-0.0056,0.9999843198770669,0.93183
LightweightSecurePUF,20,0.75,-0.00526,0.9999861661043117,0.93292
LightweightSecurePUF,20,0.76,-0.00552,0.9999847646839427,0.93387
LightweightSecurePUF,20,0.77,-0.00542,0.9999853116921268,0.93504
LightweightSecurePUF,20,0.78,-0.00532,0.9999858486998704,0.93609
LightweightSecurePUF,20,0.79,-0.00542,0.9999853116921269,0.93722
LightweightSecurePUF,20,0.8,-0.0055,0.9999848748856156,0.9382
LightweightSecurePUF,20,0.81,-0.00534,0.9999857420983559,0.9394
LightweightSecurePUF,20,0.82,-0.00526,0.9999861661043116,0.9405
LightweightSecurePUF,20,0.83,-0.00522,0.9999863757071892,0.94144
LightweightSecurePUF,20,0.84,-0.00534,0.9999857420983559,0.94224
LightweightSecurePUF,20,0.85,-0.00562,0.9999842076753012,0.94318
LightweightSecurePUF,20,0.86,-0.00584,0.9999829470545983,0.94447
LightweightSecurePUF,20,0.87,-0.00548,0.9999849846872703,0.94549
LightweightSecurePUF,20,0.88,-0.00556,0.9999845430805419,0.94639
LightweightSecurePUF,20,0.89,-0.0053,0.9999859549013677,0.94762
LightweightSecurePUF,20,0.9,-0.0056,0.9999843198770668,0.94857
LightweightSecurePUF,20,0.91,-0.00596,0.9999822390422741,0.94947
LightweightSecurePUF,20,0.92,-0.0061,0.9999813948269237,0.95046
LightweightSecurePUF,20,0.93,-0.006,0.999981999837997,0.95155
LightweightSecurePUF,20,0.94,-0.00612,0.9999812726246426,0.95263
LightweightSecurePUF,20,0.95,-0.00588,0.9999827126505738,0.95379
LightweightSecurePUF,20,0.96,-0.00632,0.9999800286005717,0.95481
LightweightSecurePUF,20,0.97,-0.0059,0.9999825948485302,0.95592
LightweightSecurePUF,20,0.98,-0.00622,0.9999806556128974,0.95734
LightweightSecurePUF,20,0.99,-0.00604,0.9999817590336334,0.95843
LightweightSecurePUF,20,1.0,-0.00608,0.9999815166291823,0.95939
LightweightSecurePUF,20,1.01,-0.00578,0.9999832956604824,0.96054
LightweightSecurePUF,20,1.02,-0.00572,0.9999836406661861,0.96171
LightweightSecurePUF,20,1.03,-0.0055,0.9999848748856156,0.96274
LightweightSecurePUF,20,1.04,-0.00498,0.9999875997231167,0.96422
LightweightSecurePUF,20,1.05,-0.00486,0.9999881901302636,0.96538
LightweightSecurePUF,20,1.06,-0.00458,0.9999895117449984,0.96654
LightweightSecurePUF,20,1.07,-0.00464,0.9999892351420588,0.96771
LightweightSecurePUF,20,1.08,-0.00464,0.9999892351420588,0.96867
LightweightSecurePUF,20,1.09,-0.00444,0.9999901431514211,0.96987
LightweightSecurePUF,20,1.1,-0.00468,0.9999890487400349,0.97095
LightweightSecurePUF,20,1.11,-0.00476,0.9999886711358286,0.97223
LightweightSecurePUF,20,1.12,-0.00498,0.9999875997231167,0.97344
LightweightSecurePUF,20,1.13,-0.00522,0.9999863757071892,0.97454
LightweightSecurePUF,20,1.14,-0.0051,0.999986994915434,0.97568
LightweightSecurePUF,20,1.15,-0.00496,0.9999876991243444,0.97677
LightweightSecurePUF,20,1.16,-0.00464,0.999989235142059,0.97795
LightweightSecurePUF,20,1.17,-0.00522,0.9999863757071892,0.97912
LightweightSecurePUF,20,1.18,-0.00536,0.9999856350968246,0.98019
LightweightSecurePUF,20,1.19,-0.00522,0.9999863757071892,0.98118
LightweightSecurePUF,20,1.2,-0.00508,0.9999870967167527,0.98243
LightweightSecurePUF,20,1.21,-0.00528,0.9999860607028479,0.98359
LightweightSecurePUF,20,1.22,-0.0051,0.9999869949154339,0.98466
LightweightSecurePUF,20,1.23,-0.00484,0.9999882871314045,0.98579
LightweightSecurePUF,20,1.24,-0.00484,0.9999882871314045,0.98689
LightweightSecurePUF,20,1.25,-0.00458,0.9999895117449983,0.9881
LightweightSecurePUF,20,1.26,-0.0045,0.9999898749487416,0.9893
LightweightSecurePUF,20,1.27,-0.00448,0.9999899647496467,0.99041
LightweightSecurePUF,20,1.28,-0.00494,0.999987798125557,0.9916
LightweightSecurePUF,20,1.29,-0.00506,0.9999871981180559,0.99288
LightweightSecurePUF,20,1.3,-0.00538,0.999985527695276,0.99406
LightweightSecurePUF,20,1.31,-0.00546,0.9999850940889069,0.99514
LightweightSecurePUF,20,1.32,-0.00536,0.9999856350968247,0.99635
LightweightSecurePUF,20,1.33,-0.0053,0.9999859549013678,0.99746
LightweightSecurePUF,20,1.34,-0.00522,0.9999863757071892,0.9986
LightweightSecurePUF,20,1.35,-0.0051,0.999986994915434,1.0
LightweightSecurePUF,20,1.36,-0.00474,0.9999887661369004,0.99872
LightweightSecurePUF,20,1.37,-0.00522,0.9999863757071893,0.9974
LightweightSecurePUF,20,1.38,-0.00528,0.9999860607028479,0.99613
LightweightSecurePUF,20,1.39,-0.00512,0.9999868927140995,0.99507
LightweightSecurePUF,20,1.4,-0.00508,0.9999870967167526,0.99387
LightweightSecurePUF,20,1.41,-0.00546,0.999985094088907,0.99262
LightweightSecurePUF,20,1.42,-0.00542,0.9999853116921269,0.99138
LightweightSecurePUF,20,1.43,-0.00546,0.999985094088907,0.99012
LightweightSecurePUF,20,1.44,-0.0057,0.999983754868048,0.98884
LightweightSecurePUF,20,1.45,-0.00578,0.9999832956604824,0.98772
LightweightSecurePUF,20,1.46,-0.0061,0.9999813948269238,0.9864
LightweightSecurePUF,20,1.47,-0.00592,0.999982476646466,0.98511
LightweightSecurePUF,20,1.48,-0.00572,0.9999836406661862,0.98377
LightweightSecurePUF,20,1.49,-0.0057,0.9999837548680479,0.98256
LightweightSecurePUF,20,1.5,-0.00566,0.9999839820717131,0.98142
LightweightSecurePUF,20,1.51,-0.00556,0.9999845430805417,0.98005
LightweightSecurePUF,20,1.52,-0.00566,0.9999839820717131,0.97896
LightweightSecurePUF,20,1.53,-0.00586,0.9999828300525965,0.97786
LightweightSecurePUF,20,1.54,-0.00556,0.9999845430805417,0.97653
LightweightSecurePUF,20,1.55,-0.00574,0.9999835260643049,0.97518
LightweightSecurePUF,20,1.56,-0.00552,0.9999847646839426,0.97373
LightweightSecurePUF,20,1.57,-0.00568,0.99998386866989,0.97253
LightweightSecurePUF,20,1.58,-0.0059,0.9999825948485302,0.97122
LightweightSecurePUF,20,1.59,-0.00558,0.9999844316788138,0.97002
LightweightSecurePUF,20,1.6,-0.00542,0.9999853116921269,0.96894
LightweightSecurePUF,20,1.61,-0.00508,0.9999870967167526,0.96779
LightweightSecurePUF,20,1.62,-0.00466,0.9999891421410535,0.96638
LightweightSecurePUF,20,1.63,-0.00474,0.9999887661369005,0.96526
LightweightSecurePUF,20,1.64,-0.00508,0.9999870967167527,0.96393
LightweightSecurePUF,20,1.65,-0.00518,0.9999865837100015,0.96268
LightweightSecurePUF,20,1.66,-0.00498,0.9999875997231168,0.96142
LightweightSecurePUF,20,1.67,-0.00496,0.9999876991243444,0.96019
LightweightSecurePUF,20,1.68,-0.00458,0.9999895117449983,0.9589
LightweightSecurePUF,20,1.69,-0.00472,0.9999888607379585,0.95767
LightweightSecurePUF,20,1.7,-0.00508,0.9999870967167527,0.95647
LightweightSecurePUF,20,1.71,-0.00534,0.9999857420983559,0.95538
LightweightSecurePUF,20,1.72,-0.0054,0.9999854198937105,0.95415
LightweightSecurePUF,20,1.73,-0.00526,0.9999861661043117,0.95306
LightweightSecurePUF,20,1.74,-0.0051,0.9999869949154339,0.95188
LightweightSecurePUF,20,1.75,-0.00514,0.9999867901127493,0.95058
LightweightSecurePUF,20,1.76,-0.00494,0.9999877981255572,0.9493
LightweightSecurePUF,20,1.77,-0.00504,0.9999872991193439,0.94779
LightweightSecurePUF,20,1.78,-0.005,0.9999874999218736,0.94653
LightweightSecurePUF,20,1.79,-0.00498,0.9999875997231167,0.94548
LightweightSecurePUF,20,1.8,-0.0045,0.9999898749487415,0.94424
LightweightSecurePUF,20,1.81,-0.00436,0.9999904951548287,0.94311
LightweightSecurePUF,20,1.82,-0.00428,0.9999908407580541,0.94179
LightweightSecurePUF,20,1.83,-0.00416,0.9999913471625642,0.94055
LightweightSecurePUF,20,1.84,-0.00446,0.99999005415054,0.93936
LightweightSecurePUF,20,1.85,-0.0044,0.9999903199531486,0.93817
LightweightSecurePUF,20,1.86,-0.0045,0.9999898749487416,0.93682
LightweightSecurePUF,20,1.87,-0.00406,0.9999917581660361,0.93536
LightweightSecurePUF,20,1.88,-0.0039,0.9999923949710818,0.93416
LightweightSecurePUF,20,1.89,-0.0042,0.9999911799611033,0.93295
LightweightSecurePUF,20,1.9,-0.00422,0.9999910957603572,0.93178
LightweightSecurePUF,20,1.91,-0.00444,0.9999901431514211,0.93077
LightweightSecurePUF,20,1.92,-0.0046,0.9999894199440309,0.92947
LightweightSecurePUF,20,1.93,-0.00466,0.9999891421410535,0.92826
LightweightSecurePUF,20,1.94,-0.0048,0.9999884799336439,0.92681
LightweightSecurePUF,20,1.95,-0.00426,0.9999909261588324,0.92568
LightweightSecurePUF,20,1.96,-0.00398,0.9999920797686351,0.92462
LightweightSecurePUF,20,1.97,-0.0039,0.9999923949710817,0.92358
LightweightSecurePUF,20,1.98,-0.0041,0.9999915949646775,0.92258
LightweightSecurePUF,20,1.99,-0.00418,0.9999912637618391,0.92124
LightweightSecurePUF,20,2.0,-0.00432,0.9999906687564641,0.92011
LightweightSecurePUF,20,2.01,-0.00418,0.999991263761839,0.91902
LightweightSecurePUF,20,2.02,-0.00424,0.9999910111596004,0.91805
LightweightSecurePUF,20,2.03,-0.0044,0.9999903199531485,0.91687
LightweightSecurePUF,20,2.04,-0.00438,0.9999904077539944,0.91564
LightweightSecurePUF,20,2.05,-0.00412,0.9999915127639833,0.91453
LightweightSecurePUF,20,2.06,-0.00416,0.9999913471625642,0.91355
LightweightSecurePUF,20,2.07,-0.00412,0.9999915127639835,0.91237
LightweightSecurePUF,20,2.08,-0.00438,0.9999904077539944,0.91108
LightweightSecurePUF,20,2.09,-0.00444,0.9999901431514211,0.90989
LightweightSecurePUF,20,2.1,-0.00458,0.9999895117449983,0.90892
LightweightSecurePUF,20,2.11,-0.00458,0.9999895117449982,0.90758
LightweightSecurePUF,20,2.12,-0.00388,0.9999924727716702,0.90655
LightweightSecurePUF,20,2.13,-0.0039,0.9999923949710817,0.9053
LightweightSecurePUF,20,2.14,-0.0038,0.9999927799739354,0.90407
LightweightSecurePUF,20,2.15,-0.00402,0.9999919197673547,0.90294
LightweightSecurePUF,20,2.16,-0.00378,0.9999928557744799,0.90154
LightweightSecurePUF,20,2.17,-0.00396,0.9999921591692607,0.90049
LightweightSecurePUF,20,2.18,-0.0039,0.9999923949710818,0.8994
LightweightSecurePUF,20,2.19,-0.00394,0.9999922381698769,0.8982
LightweightSecurePUF,20,2.2,-0.00456,0.9999896031459526,0.89711
LightweightSecurePUF,20,2.21,-0.00452,0.9999897847478244,0.89609
LightweightSecurePUF,20,2.22,-0.00456,0.9999896031459528,0.89497
LightweightSecurePUF,20,2.23,-0.0046,0.999989419944031,0.89393
LightweightSecurePUF,20,2.24,-0.00446,0.99999005415054,0.89274
LightweightSecurePUF,20,2.25,-0.00442,0.9999902317522906,0.89162
LightweightSecurePUF,20,2.26,-0.0045,0.9999898749487417,0.89044
LightweightSecurePUF,20,2.27,-0.00474,0.9999887661369005,0.88942
LightweightSecurePUF,20,2.28,-0.00488,0.9999880927291085,0.88815
LightweightSecurePUF,20,2.29,-0.00474,0.9999887661369005,0.88714
LightweightSecurePUF,20,2.3,-0.00456,0.9999896031459528,0.88601
LightweightSecurePUF,20,2.31,-0.00498,0.9999875997231167,0.8851
LightweightSecurePUF,20,2.32,-0.00514,0.9999867901127492,0.88394
LightweightSecurePUF,20,2.33,-0.005,0.9999874999218739,0.88281
LightweightSecurePUF,20,2.34,-0.00514,0.9999867901127493,0.88158
LightweightSecurePUF,20,2.35,-0.0051,0.9999869949154339,0.8805
LightweightSecurePUF,20,2.36,-0.00508,0.9999870967167527,0.87939
LightweightSecurePUF,20,2.37,-0.00498,0.9999875997231167,0.8783
LightweightSecurePUF,20,2.38,-0.00528,0.9999860607028478,0.87719
LightweightSecurePUF,20,2.39,-0.00506,0.9999871981180559,0.87614
LightweightSecurePUF,20,2.4,-0.00542,0.9999853116921269,0.8751
LightweightSecurePUF,20,2.41,-0.00556,0.9999845430805417,0.87405
LightweightSecurePUF,20,2.42,-0.00516,0.9999866871113836,0.87297
LightweightSecurePUF,20,2.43,-0.00526,0.9999861661043116,0.87188
LightweightSecurePUF,20,2.44,-0.00506,0.9999871981180561,0.87064
LightweightSecurePUF,20,2.45,-0.00512,0.9999868927140995,0.86945
LightweightSecurePUF,20,2.46,-0.00498,0.9999875997231167,0.8682
LightweightSecurePUF,20,2.47,-0.0046,0.9999894199440309,0.86691
LightweightSecurePUF,20,2.48,-0.00464,0.9999892351420588,0.86577
LightweightSecurePUF,20,2.49,-0.00448,0.9999899647496469,0.86459
LightweightSecurePUF,20,2.5,-0.00448,0.9999899647496467,0.86365
LightweightSecurePUF,20,2.51,-0.00432,0.9999906687564641,0.86271
LightweightSecurePUF,20,2.52,-0.00418,0.9999912637618391,0.86178
LightweightSecurePUF,20,2.53,-0.00412,0.9999915127639833,0.86067
LightweightSecurePUF,20,2.54,-0.0042,0.9999911799611034,0.85953
LightweightSecurePUF,20,2.55,-0.0043,0.9999907549572646,0.8584
LightweightSecurePUF,20,2.56,-0.00416,0.9999913471625642,0.85729
LightweightSecurePUF,20,2.57,-0.00448,0.9999899647496469,0.85605
LightweightSecurePUF,20,2.58,-0.00482,0.9999883837325311,0.855
LightweightSecurePUF,20,2.59,-0.00428,0.9999908407580542,0.85399
LightweightSecurePUF,20,2.6,-0.0042,0.9999911799611033,0.85293
LightweightSecurePUF,20,2.61,-0.00406,0.999991758166036,0.85178
LightweightSecurePUF,20,2.62,-0.00404,0.9999918391667004,0.85067
LightweightSecurePUF,20,2.63,-0.0039,0.9999923949710817,0.84946
LightweightSecurePUF,20,2.64,-0.00402,0.9999919197673547,0.84818
LightweightSecurePUF,20,2.65,-0.00416,0.9999913471625642,0.84717
LightweightSecurePUF,20,2.66,-0.0038,0.9999927799739355,0.84607
LightweightSecurePUF,20,2.67,-0.00392,0.9999923167704838,0.84501
LightweightSecurePUF,20,2.68,-0.0037,0.999993154976573,0.84414
LightweightSecurePUF,20,2.69,-0.00366,0.9999933021775695,0.84316
LightweightSecurePUF,20,2.7,-0.0033,0.999994554985176,0.84186
LightweightSecurePUF,20,2.71,-0.00328,0.999994620785532,0.84073
LightweightSecurePUF,20,2.72,-0.00336,0.9999943551840681,0.83981
LightweightSecurePUF,20,2.73,-0.00374,0.9999930061755433,0.83878
LightweightSecurePUF,20,2.74,-0.00378,0.9999928557744799,0.83778
LightweightSecurePUF,20,2.75,-0.00364,0.999993375178056,0.83697
LightweightSecurePUF,20,2.76,-0.00382,0.9999927037733825,0.83608
LightweightSecurePUF,20,2.77,-0.00384,0.9999926271728209,0.83495
LightweightSecurePUF,20,2.78,-0.0039,0.9999923949710816,0.83388
LightweightSecurePUF,20,2.79,-0.00392,0.9999923167704838,0.83291
LightweightSecurePUF,20,2.8,-0.00382,0.9999927037733823,0.83182
LightweightSecurePUF,20,2.81,-0.00348,0.9999939447816673,0.83069
LightweightSecurePUF,20,2.82,-0.00378,0.9999928557744799,0.8297
LightweightSecurePUF,20,2.83,-0.00336,0.9999943551840681,0.82871
LightweightSecurePUF,20,2.84,-0.00352,0.9999938047808097,0.82757
LightweightSecurePUF,20,2.85,-0.0037,0.9999931549765728,0.82654
LightweightSecurePUF,20,2.86,-0.004,0.9999919999679996,0.82535
LightweightSecurePUF,20,2.87,-0.0043,0.9999907549572647,0.82408
LightweightSecurePUF,20,2.88,-0.00418,0.9999912637618389,0.8231
LightweightSecurePUF,20,2.89,-0.00394,0.999992238169877,0.82216
LightweightSecurePUF,20,2.9,-0.00362,0.9999934477785342,0.82124
LightweightSecurePUF,20,2.91,-0.00368,0.9999932287770751,0.82029
LightweightSecurePUF,20,2.92,-0.00408,0.9999916767653622,0.81933
LightweightSecurePUF,20,2.93,-0.0043,0.9999907549572646,0.81838
LightweightSecurePUF,20,2.94,-0.00428,0.9999908407580541,0.81755
LightweightSecurePUF,20,2.95,-0.00424,0.9999910111596004,0.81665
LightweightSecurePUF,20,2.96,-0.00366,0.9999933021775694,0.81556
LightweightSecurePUF,20,2.97,-0.00326,0.9999946861858817,0.81448
LightweightSecurePUF,20,2.98,-0.00282,0.9999960237920948,0.8136
LightweightSecurePUF,20,2.99,-0.00312,0.9999951327881552,0.81281
LightweightSecurePUF,20,3.0,-0.00284,0.9999959671918682,0.81189
LightweightSecurePUF,25,0.5,-0.00466,0.9999891421410535,0.91049
LightweightSecurePUF,25,0.51,-0.00448,0.9999899647496469,0.91144
LightweightSecurePUF,25,0.52,-0.00452,0.9999897847478244,0.91224
LightweightSecurePUF,25,0.53,-0.0044,0.9999903199531485,0.91304
LightweightSecurePUF,25,0.54,-0.00442,0.9999902317522906,0.91385
LightweightSecurePUF,25,0.55,-0.00458,0.9999895117449983,0.91473
LightweightSecurePUF,25,0.56,-0.0042,0.9999911799611033,0.91562
LightweightSecurePUF,25,0.57,-0.00422,0.9999910957603572,0.91645
LightweightSecurePUF,25,0.58,-0.00458,0.9999895117449983,0.91741
LightweightSecurePUF,25,0.59,-0.00466,0.9999891421410535,0.91835
LightweightSecurePUF,25,0.6,-0.00444,0.9999901431514211,0.91928
LightweightSecurePUF,25,0.61,-0.00466,0.9999891421410535,0.92013
LightweightSecurePUF,25,0.62,-0.00488,0.9999880927291086,0.92128
LightweightSecurePUF,25,0.63,-0.0051,0.999986994915434,0.92215
LightweightSecurePUF,25,0.64,-0.00516,0.9999866871113836,0.92316
LightweightSecurePUF,25,0.65,-0.0052,0.9999864799086036,0.92418
LightweightSecurePUF,25,0.66,-0.00536,0.9999856350968246,0.9253
LightweightSecurePUF,25,0.67,-0.00514,0.9999867901127493,0.92613
LightweightSecurePUF,25,0.68,-0.00546,0.9999850940889069,0.92705
LightweightSecurePUF,25,0.69,-0.0053,0.9999859549013678,0.92807
LightweightSecurePUF,25,0.7,-0.00512,0.9999868927140996,0.92912
LightweightSecurePUF,25,0.71,-0.00528,0.9999860607028479,0.93018
LightweightSecurePUF,25,0.72,-0.00546,0.9999850940889069,0.93123
LightweightSecurePUF,25,0.73,-0.0056,0.9999843198770668,0.9321
LightweightSecurePUF,25,0.74,-0.00556,0.9999845430805419,0.9332
LightweightSecurePUF,25,0.75,-0.0055,0.9999848748856156,0.93421
LightweightSecurePUF,25,0.76,-0.0055,0.9999848748856155,0.93531
LightweightSecurePUF,25,0.77,-0.0054,0.9999854198937105,0.9364
LightweightSecurePUF,25,0.78,-0.00558,0.9999844316788137,0.93735
LightweightSecurePUF,25,0.79,-0.00532,0.9999858486998704,0.93854
LightweightSecurePUF,25,0.8,-0.00546,0.9999850940889069,0.93959
LightweightSecurePUF,25,0.81,-0.00544,0.9999852030905259,0.94068
LightweightSecurePUF,25,0.82,-0.00542,0.9999853116921269,0.94159
LightweightSecurePUF,25,0.83,-0.0053,0.9999859549013679,0.94287
LightweightSecurePUF,25,0.84,-0.0053,0.9999859549013678,0.94391
LightweightSecurePUF,25,0.85,-0.00516,0.9999866871113835,0.94476
LightweightSecurePUF,25,0.86,-0.00548,0.9999849846872703,0.94564
LightweightSecurePUF,25,0.87,-0.0057,0.9999837548680479,0.94655
LightweightSecurePUF,25,0.88,-0.00566,0.9999839820717131,0.94779
LightweightSecurePUF,25,0.89,-0.0055,0.9999848748856156,0.94879
LightweightSecurePUF,25,0.9,-0.00552,0.9999847646839428,0.94974
LightweightSecurePUF,25,0.91,-0.00532,0.9999858486998704,0.9509
LightweightSecurePUF,25,0.92,-0.00562,0.999984207675301,0.95185
LightweightSecurePUF,25,0.93,-0.00598,0.9999821196401462,0.95271
LightweightSecurePUF,25,0.94,-0.0061,0.9999813948269237,0.95369
LightweightSecurePUF,25,0.95,-0.00596,0.9999822390422741,0.9548
LightweightSecurePUF,25,0.96,-0.00612,0.9999812726246426,0.95586
LightweightSecurePUF,25,0.97,-0.00578,0.9999832956604825,0.95699
LightweightSecurePUF,25,0.98,-0.00626,0.9999804060080378,0.95801
LightweightSecurePUF,25,0.99,-0.00592,0.999982476646466,0.95914
LightweightSecurePUF,25,1.0,-0.00614,0.9999811500223392,0.96057
LightweightSecurePUF,25,1.01,-0.00612,0.9999812726246426,0.96166
LightweightSecurePUF,25,1.02,-0.00612,0.9999812726246428,0.9626
LightweightSecurePUF,25,1.03,-0.00586,0.9999828300525964,0.96365
LightweightSecurePUF,25,1.04,-0.00572,0.9999836406661862,0.96488
LightweightSecurePUF,25,1.05,-0.0055,0.9999848748856156,0.96587
LightweightSecurePUF,25,1.06,-0.00508,0.9999870967167527,0.96722
LightweightSecurePUF,25,1.07,-0.00494,0.9999877981255573,0.96851
LightweightSecurePUF,25,1.08,-0.00446,0.99999005415054,0.96961
LightweightSecurePUF,25,1.09,-0.00466,0.9999891421410535,0.97063
LightweightSecurePUF,25,1.1,-0.0047,0.9999889549390033,0.97165
LightweightSecurePUF,25,1.11,-0.00442,0.9999902317522906,0.97279
LightweightSecurePUF,25,1.12,-0.00446,0.99999005415054,0.97393
LightweightSecurePUF,25,1.13,-0.00482,0.9999883837325311,0.97507
LightweightSecurePUF,25,1.14,-0.00488,0.9999880927291087,0.9763
LightweightSecurePUF,25,1.15,-0.00508,0.9999870967167527,0.97748
LightweightSecurePUF,25,1.16,-0.00504,0.9999872991193439,0.9786
LightweightSecurePUF,25,1.17,-0.00484,0.9999882871314044,0.97966
LightweightSecurePUF,25,1.18,-0.00488,0.9999880927291085,0.98066
LightweightSecurePUF,25,1.19,-0.00504,0.9999872991193439,0.98186
LightweightSecurePUF,25,1.2,-0.00516,0.9999866871113836,0.983
LightweightSecurePUF,25,1.21,-0.00514,0.9999867901127493,0.98409
LightweightSecurePUF,25,1.22,-0.00508,0.9999870967167526,0.98514
LightweightSecurePUF,25,1.23,-0.00516,0.9999866871113835,0.98626
LightweightSecurePUF,25,1.24,-0.00524,0.9999862711057588,0.98734
LightweightSecurePUF,25,1.25,-0.00508,0.9999870967167526,0.98842
LightweightSecurePUF,25,1.26,-0.00492,0.9999878967267555,0.98952
LightweightSecurePUF,25,1.27,-0.00474,0.9999887661369006,0.99077
LightweightSecurePUF,25,1.28,-0.00442,0.9999902317522906,0.99191
LightweightSecurePUF,25,1.29,-0.00444,0.9999901431514212,0.99306
LightweightSecurePUF,25,1.3,-0.00468,0.9999890487400349,0.9941
LightweightSecurePUF,25,1.31,-0.005,0.9999874999218737,0.99538
LightweightSecurePUF,25,1.32,-0.00518,0.9999865837100015,0.99657
LightweightSecurePUF,25,1.33,-0.00534,0.999985742098356,0.99763
LightweightSecurePUF,25,1.34,-0.0054,0.9999854198937105,0.99882
LightweightSecurePUF,25,1.35,-0.00528,0.9999860607028478,1.0
LightweightSecurePUF,25,1.36,-0.00528,0.9999860607028478,0.99896
LightweightSecurePUF,25,1.37,-0.00524,0.9999862711057587,0.99772
LightweightSecurePUF,25,1.38,-0.00502,0.9999873997206165,0.99643
LightweightSecurePUF,25,1.39,-0.00482,0.9999883837325312,0.99523
LightweightSecurePUF,25,1.4,-0.00524,0.9999862711057588,0.9939
LightweightSecurePUF,25,1.41,-0.00528,0.9999860607028479,0.99264
LightweightSecurePUF,25,1.42,-0.00514,0.9999867901127493,0.99165
LightweightSecurePUF,25,1.43,-0.0051,0.999986994915434,0.99047
LightweightSecurePUF,25,1.44,-0.00546,0.999985094088907,0.98927
LightweightSecurePUF,25,1.45,-0.0054,0.9999854198937105,0.98808
LightweightSecurePUF,25,1.46,-0.00552,0.9999847646839426,0.9868
LightweightSecurePUF,25,1.47,-0.0056,0.9999843198770669,0.9856
LightweightSecurePUF,25,1.48,-0.00578,0.9999832956604824,0.98447
LightweightSecurePUF,25,1.49,-0.00612,0.9999812726246428,0.98322
LightweightSecurePUF,25,1.5,-0.00588,0.9999827126505738,0.98192
LightweightSecurePUF,25,1.51,-0.00582,0.99998306365658,0.98063
LightweightSecurePUF,25,1.52,-0.00586,0.9999828300525966,0.97951
LightweightSecurePUF,25,1.53,-0.00556,0.999984543080542,0.97824
LightweightSecurePUF,25,1.54,-0.00556,0.9999845430805417,0.97698
LightweightSecurePUF,25,1.55,-0.00562,0.9999842076753012,0.97591
LightweightSecurePUF,25,1.56,-0.00576,0.9999834110624035,0.97484
LightweightSecurePUF,25,1.57,-0.0057,0.9999837548680479,0.97359
LightweightSecurePUF,25,1.58,-0.00568,0.9999838686698899,0.97228
LightweightSecurePUF,25,1.59,-0.00566,0.9999839820717131,0.97083
LightweightSecurePUF,25,1.6,-0.00548,0.9999849846872704,0.9696
LightweightSecurePUF,25,1.61,-0.00598,0.9999821196401464,0.96845
LightweightSecurePUF,25,1.62,-0.00558,0.9999844316788137,0.96709
LightweightSecurePUF,25,1.63,-0.00548,0.9999849846872703,0.96604
LightweightSecurePUF,25,1.64,-0.00514,0.9999867901127493,0.96487
LightweightSecurePUF,25,1.65,-0.0046,0.999989419944031,0.96374
LightweightSecurePUF,25,1.66,-0.00468,0.9999890487400348,0.96252
LightweightSecurePUF,25,1.67,-0.00494,0.9999877981255573,0.96121
LightweightSecurePUF,25,1.68,-0.0052,0.9999864799086037,0.9601
LightweightSecurePUF,25,1.69,-0.00516,0.9999866871113835,0.95886
LightweightSecurePUF,25,1.7,-0.00506,0.9999871981180559,0.95763
LightweightSecurePUF,25,1.71,-0.00464,0.9999892351420588,0.95624
LightweightSecurePUF,25,1.72,-0.00446,0.9999900541505399,0.95519
LightweightSecurePUF,25,1.73,-0.0049,0.999987994927939,0.95387
LightweightSecurePUF,25,1.74,-0.00516,0.9999866871113835,0.95284
LightweightSecurePUF,25,1.75,-0.00526,0.9999861661043117,0.95171
LightweightSecurePUF,25,1.76,-0.00544,0.9999852030905259,0.9505
LightweightSecurePUF,25,1.77,-0.00524,0.9999862711057588,0.94946
LightweightSecurePUF,25,1.78,-0.00506,0.9999871981180559,0.94827
LightweightSecurePUF,25,1.79,-0.00508,0.9999870967167526,0.94704
LightweightSecurePUF,25,1.8,-0.0048,0.9999884799336439,0.94574
LightweightSecurePUF,25,1.81,-0.00498,0.9999875997231168,0.94429
LightweightSecurePUF,25,1.82,-0.00504,0.9999872991193439,0.94314
LightweightSecurePUF,25,1.83,-0.00494,0.9999877981255574,0.94199
LightweightSecurePUF,25,1.84,-0.00442,0.9999902317522906,0.94089
LightweightSecurePUF,25,1.85,-0.00438,0.9999904077539944,0.93971
LightweightSecurePUF,25,1.86,-0.0042,0.9999911799611033,0.93846
LightweightSecurePUF,25,1.87,-0.00426,0.9999909261588326,0.93729
LightweightSecurePUF,25,1.88,-0.00444,0.9999901431514213,0.93608
LightweightSecurePUF,25,1.89,-0.00444,0.9999901431514212,0.93498
LightweightSecurePUF,25,1.9,-0.00442,0.9999902317522907,0.93363
LightweightSecurePUF,25,1.91,-0.00406,0.999991758166036,0.93219
LightweightSecurePUF,25,1.92,-0.0039,0.9999923949710816,0.93107
LightweightSecurePUF,25,1.93,-0.00412,0.9999915127639835,0.9299
LightweightSecurePUF,25,1.94,-0.0042,0.9999911799611034,0.9287
LightweightSecurePUF,25,1.95,-0.00438,0.9999904077539944,0.92775
LightweightSecurePUF,25,1.96,-0.00456,0.9999896031459526,0.92648
LightweightSecurePUF,25,1.97,-0.00456,0.9999896031459528,0.92534
LightweightSecurePUF,25,1.98,-0.0048,0.9999884799336439,0.92398
LightweightSecurePUF,25,1.99,-0.00432,0.9999906687564641,0.92278
LightweightSecurePUF,25,2.0,-0.0039,0.9999923949710817,0.92171
LightweightSecurePUF,25,2.01,-0.00392,0.9999923167704838,0.92074
LightweightSecurePUF,25,2.02,-0.00398,0.9999920797686351,0.91971
LightweightSecurePUF,25,2.03,-0.0041,0.9999915949646776,0.91855
LightweightSecurePUF,25,2.04,-0.00424,0.9999910111596004,0.91736
LightweightSecurePUF,25,2.05,-0.00406,0.9999917581660359,0.91621
LightweightSecurePUF,25,2.06,-0.0043,0.9999907549572646,0.91529
LightweightSecurePUF,25,2.07,-0.00416,0.9999913471625642,0.91424
LightweightSecurePUF,25,2.08,-0.0044,0.9999903199531486,0.91306
LightweightSecurePUF,25,2.09,-0.0041,0.9999915949646777,0.91199
LightweightSecurePUF,25,2.1,-0.00404,0.9999918391667005,0.91082
LightweightSecurePUF,25,2.11,-0.00412,0.9999915127639833,0.90986
LightweightSecurePUF,25,2.12,-0.00428,0.9999908407580541,0.9087
LightweightSecurePUF,25,2.13,-0.0045,0.9999898749487416,0.90737
LightweightSecurePUF,25,2.14,-0.00436,0.9999904951548287,0.90642
LightweightSecurePUF,25,2.15,-0.00468,0.9999890487400349,0.90522
LightweightSecurePUF,25,2.16,-0.00414,0.999991430163279,0.90407
LightweightSecurePUF,25,2.17,-0.00376,0.9999929311750159,0.9029
LightweightSecurePUF,25,2.18,-0.00376,0.9999929311750158,0.90184
LightweightSecurePUF,25,2.19,-0.00378,0.9999928557744799,0.90057
LightweightSecurePUF,25,2.2,-0.00426,0.9999909261588327,0.89945
LightweightSecurePUF,25,2.21,-0.00382,0.9999927037733823,0.89829
LightweightSecurePUF,25,2.22,-0.00372,0.9999930807760621,0.89714
LightweightSecurePUF,25,2.23,-0.004,0.9999919999679996,0.89608
LightweightSecurePUF,25,2.24,-0.00414,0.9999914301632788,0.89491
LightweightSecurePUF,25,2.25,-0.0046,0.999989419944031,0.89394
LightweightSecurePUF,25,2.26,-0.00452,0.9999897847478244,0.8929
LightweightSecurePUF,25,2.27,-0.00458,0.9999895117449983,0.89185
LightweightSecurePUF,25,2.28,-0.00462,0.9999893277430516,0.89075
LightweightSecurePUF,25,2.29,-0.00442,0.9999902317522906,0.88963
LightweightSecurePUF,25,2.3,-0.00462,0.9999893277430516,0.88853
LightweightSecurePUF,25,2.31,-0.00462,0.9999893277430515,0.88739
LightweightSecurePUF,25,2.32,-0.0047,0.9999889549390032,0.88635
LightweightSecurePUF,25,2.33,-0.00476,0.9999886711358287,0.88518
LightweightSecurePUF,25,2.34,-0.0047,0.9999889549390033,0.88419
LightweightSecurePUF,25,2.35,-0.00456,0.9999896031459528,0.8831
LightweightSecurePUF,25,2.36,-0.00502,0.9999873997206162,0.88217
LightweightSecurePUF,25,2.37,-0.00514,0.9999867901127492,0.88109
LightweightSecurePUF,25,2.38,-0.00502,0.9999873997206163,0.87995
LightweightSecurePUF,25,2.39,-0.00514,0.9999867901127493,0.87879
LightweightSecurePUF,25,2.4,-0.00514,0.9999867901127494,0.87775
LightweightSecurePUF,25,2.41,-0.00502,0.9999873997206163,0.87665
LightweightSecurePUF,25,2.42,-0.00498,0.9999875997231167,0.87557
LightweightSecurePUF,25,2.43,-0.0053,0.9999859549013678,0.87453
LightweightSecurePUF,25,2.44,-0.00504,0.9999872991193439,0.87352
LightweightSecurePUF,25,2.45,-0.00548,0.9999849846872703,0.87248
LightweightSecurePUF,25,2.46,-0.0056,0.9999843198770669,0.87148
LightweightSecurePUF,25,2.47,-0.00526,0.9999861661043116,0.87041
LightweightSecurePUF,25,2.48,-0.00538,0.999985527695276,0.86931
LightweightSecurePUF,25,2.49,-0.00506,0.9999871981180559,0.86809
LightweightSecurePUF,25,2.5,-0.00512,0.9999868927140996,0.86688
LightweightSecurePUF,25,2.51,-0.00492,0.9999878967267555,0.86568
LightweightSecurePUF,25,2.52,-0.00466,0.9999891421410536,0.86451
LightweightSecurePUF,25,2.53,-0.0045,0.9999898749487415,0.86337
LightweightSecurePUF,25,2.54,-0.00448,0.9999899647496469,0.8622
LightweightSecurePUF,25,2.55,-0.00468,0.9999890487400347,0.8612
LightweightSecurePUF,25,2.56,-0.00438,0.9999904077539944,0.86033
LightweightSecurePUF,25,2.57,-0.0042,0.9999911799611033,0.85944
LightweightSecurePUF,25,2.58,-0.00418,0.9999912637618391,0.85837
LightweightSecurePUF,25,2.59,-0.00408,0.9999916767653622,0.85734
LightweightSecurePUF,25,2.6,-0.00424,0.9999910111596003,0.85618
LightweightSecurePUF,25,2.61,-0.00412,0.9999915127639833,0.85502
LightweightSecurePUF,25,2.62,-0.00428,0.9999908407580541,0.85394
LightweightSecurePUF,25,2.63,-0.00482,0.9999883837325311,0.85289
LightweightSecurePUF,25,2.64,-0.0046,0.999989419944031,0.85174
LightweightSecurePUF,25,2.65,-0.0044,0.9999903199531485,0.85078
LightweightSecurePUF,25,2.66,-0.00414,0.9999914301632788,0.84989
LightweightSecurePUF,25,2.67,-0.004,0.9999919999679995,0.84854
LightweightSecurePUF,25,2.68,-0.00396,0.9999921591692607,0.84752
LightweightSecurePUF,25,2.69,-0.00392,0.9999923167704838,0.84634
LightweightSecurePUF,25,2.7,-0.00394,0.999992238169877,0.84513
LightweightSecurePUF,25,2.71,-0.0039,0.9999923949710818,0.84407
LightweightSecurePUF,25,2.72,-0.00388,0.9999924727716702,0.8431
LightweightSecurePUF,25,2.73,-0.00386,0.99999255017225,0.84207
LightweightSecurePUF,25,2.74,-0.00356,0.9999936631799221,0.84126
LightweightSecurePUF,25,2.75,-0.00358,0.9999935917794673,0.84015
LightweightSecurePUF,25,2.76,-0.00336,0.9999943551840679,0.83892
LightweightSecurePUF,25,2.77,-0.00318,0.9999949437872174,0.83779
LightweightSecurePUF,25,2.78,-0.00338,0.9999942877836854,0.83703
LightweightSecurePUF,25,2.79,-0.00386,0.9999925501722501,0.83605
LightweightSecurePUF,25,2.8,-0.00382,0.9999927037733825,0.83503
LightweightSecurePUF,25,2.81,-0.0037,0.9999931549765728,0.83429
LightweightSecurePUF,25,2.82,-0.00382,0.9999927037733825,0.83337
LightweightSecurePUF,25,2.83,-0.00382,0.9999927037733825,0.83227
LightweightSecurePUF,25,2.84,-0.00374,0.9999930061755433,0.83125
LightweightSecurePUF,25,2.85,-0.00388,0.9999924727716702,0.83034
LightweightSecurePUF,25,2.86,-0.00382,0.9999927037733823,0.82923
LightweightSecurePUF,25,2.87,-0.0035,0.9999938749812421,0.82813
LightweightSecurePUF,25,2.88,-0.00374,0.9999930061755433,0.82713
LightweightSecurePUF,25,2.89,-0.0034,0.9999942199832957,0.82616
LightweightSecurePUF,25,2.9,-0.00354,0.9999937341803696,0.82507
LightweightSecurePUF,25,2.91,-0.00362,0.9999934477785342,0.82409
LightweightSecurePUF,25,2.92,-0.00388,0.9999924727716702,0.8229
LightweightSecurePUF,25,2.93,-0.00432,0.9999906687564641,0.82174
LightweightSecurePUF,25,2.94,-0.00416,0.9999913471625643,0.82068
LightweightSecurePUF,25,2.95,-0.00388,0.9999924727716704,0.81978
LightweightSecurePUF,25,2.96,-0.00368,0.9999932287770752,0.81886
LightweightSecurePUF,25,2.97,-0.00362,0.9999934477785342,0.81799
LightweightSecurePUF,25,2.98,-0.00398,0.9999920797686351,0.81707
LightweightSecurePUF,25,2.99,-0.00432,0.9999906687564641,0.81604
LightweightSecurePUF,25,3.0,-0.00412,0.9999915127639833,0.8152
LightweightSecurePUF,30,0.5,-0.0046,0.999989419944031,0.91225
LightweightSecurePUF,30,0.51,-0.00456,0.9999896031459528,0.91317
LightweightSecurePUF,30,0.52,-0.00452,0.9999897847478244,0.91415
LightweightSecurePUF,30,0.53,-0.0045,0.9999898749487417,0.9149
LightweightSecurePUF,30,0.54,-0.0044,0.9999903199531485,0.91571
LightweightSecurePUF,30,0.55,-0.00454,0.9999896941468946,0.91644
LightweightSecurePUF,30,0.56,-0.00448,0.9999899647496467,0.91739
LightweightSecurePUF,30,0.57,-0.00434,0.9999905821556521,0.91826
LightweightSecurePUF,30,0.58,-0.00436,0.9999904951548289,0.91909
LightweightSecurePUF,30,0.59,-0.0046,0.999989419944031,0.91999
LightweightSecurePUF,30,0.6,-0.00454,0.9999896941468946,0.92098
LightweightSecurePUF,30,0.61,-0.0046,0.9999894199440311,0.92191
LightweightSecurePUF,30,0.62,-0.00472,0.9999888607379585,0.92279
LightweightSecurePUF,30,0.63,-0.00494,0.9999877981255573,0.9238
LightweightSecurePUF,30,0.64,-0.00506,0.9999871981180559,0.92478
LightweightSecurePUF,30,0.65,-0.00518,0.9999865837100015,0.9257
LightweightSecurePUF,30,0.66,-0.0052,0.9999864799086037,0.92665
LightweightSecurePUF,30,0.67,-0.00528,0.9999860607028479,0.92769
LightweightSecurePUF,30,0.68,-0.00536,0.9999856350968247,0.92875
LightweightSecurePUF,30,0.69,-0.0055,0.9999848748856157,0.9296
LightweightSecurePUF,30,0.7,-0.00548,0.9999849846872704,0.93065
LightweightSecurePUF,30,0.71,-0.005,0.9999874999218737,0.93163
LightweightSecurePUF,30,0.72,-0.0054,0.9999854198937105,0.93257
LightweightSecurePUF,30,0.73,-0.00522,0.9999863757071892,0.9336
LightweightSecurePUF,30,0.74,-0.00546,0.9999850940889068,0.93462
LightweightSecurePUF,30,0.75,-0.00556,0.9999845430805417,0.93563
LightweightSecurePUF,30,0.76,-0.00578,0.9999832956604824,0.93658
LightweightSecurePUF,30,0.77,-0.00552,0.9999847646839426,0.93765
LightweightSecurePUF,30,0.78,-0.00528,0.9999860607028479,0.93873
LightweightSecurePUF,30,0.79,-0.0055,0.9999848748856156,0.93972
LightweightSecurePUF,30,0.8,-0.00542,0.9999853116921269,0.94072
LightweightSecurePUF,30,0.81,-0.00542,0.9999853116921269,0.94184
LightweightSecurePUF,30,0.82,-0.00538,0.999985527695276,0.94288
LightweightSecurePUF,30,0.83,-0.00552,0.9999847646839427,0.94391
LightweightSecurePUF,30,0.84,-0.00564,0.9999840950735168,0.94493
LightweightSecurePUF,30,0.85,-0.00536,0.9999856350968247,0.94611
LightweightSecurePUF,30,0.86,-0.00528,0.9999860607028479,0.94715
LightweightSecurePUF,30,0.87,-0.00524,0.9999862711057586,0.94801
LightweightSecurePUF,30,0.88,-0.00546,0.9999850940889069,0.94884
LightweightSecurePUF,30,0.89,-0.00572,0.9999836406661862,0.94985
LightweightSecurePUF,30,0.9,-0.00568,0.99998386866989,0.95095
LightweightSecurePUF,30,0.91,-0.00552,0.9999847646839426,0.95199
LightweightSecurePUF,30,0.92,-0.00558,0.9999844316788138,0.9529
LightweightSecurePUF,30,0.93,-0.00532,0.9999858486998704,0.95409
LightweightSecurePUF,30,0.94,-0.00566,0.999983982071713,0.95496
LightweightSecurePUF,30,0.95,-0.00592,0.999982476646466,0.95581
LightweightSecurePUF,30,0.96,-0.00608,0.9999815166291824,0.95681
LightweightSecurePUF,30,0.97,-0.00596,0.9999822390422741,0.95789
LightweightSecurePUF,30,0.98,-0.0061,0.9999813948269237,0.95892
LightweightSecurePUF,30,0.99,-0.00578,0.9999832956604824,0.96004
LightweightSecurePUF,30,1.0,-0.00624,0.9999805310104792,0.96107
LightweightSecurePUF,30,1.01,-0.00604,0.9999817590336334,0.96219
LightweightSecurePUF,30,1.02,-0.0062,0.9999807798152922,0.96351
LightweightSecurePUF,30,1.03,-0.00616,0.9999810270200128,0.96457
LightweightSecurePUF,30,1.04,-0.0061,0.9999813948269238,0.96556
LightweightSecurePUF,30,1.05,-0.00588,0.9999827126505738,0.96663
LightweightSecurePUF,30,1.06,-0.00576,0.9999834110624035,0.96773
LightweightSecurePUF,30,1.07,-0.00548,0.9999849846872703,0.96883
LightweightSecurePUF,30,1.08,-0.00522,0.9999863757071892,0.97002
LightweightSecurePUF,30,1.09,-0.00502,0.9999873997206163,0.97136
LightweightSecurePUF,30,1.1,-0.0048,0.9999884799336438,0.97237
LightweightSecurePUF,30,1.11,-0.00456,0.9999896031459526,0.97355
LightweightSecurePUF,30,1.12,-0.00468,0.9999890487400349,0.97453
LightweightSecurePUF,30,1.13,-0.00452,0.9999897847478244,0.97559
LightweightSecurePUF,30,1.14,-0.00424,0.9999910111596004,0.97671
LightweightSecurePUF,30,1.15,-0.00456,0.9999896031459528,0.97785
LightweightSecurePUF,30,1.16,-0.00476,0.9999886711358286,0.97905
LightweightSecurePUF,30,1.17,-0.005,0.9999874999218736,0.98023
LightweightSecurePUF,30,1.18,-0.00524,0.9999862711057588,0.98125
LightweightSecurePUF,30,1.19,-0.005,0.9999874999218737,0.98239
LightweightSecurePUF,30,1.2,-0.00498,0.9999875997231167,0.9834
LightweightSecurePUF,30,1.21,-0.00474,0.9999887661369004,0.98456
LightweightSecurePUF,30,1.22,-0.0052,0.9999864799086038,0.98567
LightweightSecurePUF,30,1.23,-0.00534,0.9999857420983559,0.98668
LightweightSecurePUF,30,1.24,-0.0051,0.999986994915434,0.98766
LightweightSecurePUF,30,1.25,-0.0052,0.9999864799086036,0.98883
LightweightSecurePUF,30,1.26,-0.00522,0.9999863757071892,0.98992
LightweightSecurePUF,30,1.27,-0.00516,0.9999866871113836,0.99097
LightweightSecurePUF,30,1.28,-0.00486,0.9999881901302635,0.99204
LightweightSecurePUF,30,1.29,-0.0049,0.9999879949279391,0.99318
LightweightSecurePUF,30,1.3,-0.00462,0.9999893277430516,0.99418
LightweightSecurePUF,30,1.31,-0.00438,0.9999904077539944,0.99548
LightweightSecurePUF,30,1.32,-0.00438,0.9999904077539945,0.99648
LightweightSecurePUF,30,1.33,-0.00472,0.9999888607379585,0.99763
LightweightSecurePUF,30,1.34,-0.00518,0.9999865837100015,0.99888
LightweightSecurePUF,30,1.35,-0.00522,0.9999863757071893,1.0
LightweightSecurePUF,30,1.36,-0.00528,0.9999860607028479,0.99893
LightweightSecurePUF,30,1.37,-0.00538,0.999985527695276,0.99774
LightweightSecurePUF,30,1.38,-0.00518,0.9999865837100015,0.99668
LightweightSecurePUF,30,1.39,-0.0053,0.9999859549013679,0.9956
LightweightSecurePUF,30,1.4,-0.00536,0.9999856350968247,0.99437
LightweightSecurePUF,30,1.41,-0.0049,0.9999879949279391,0.9931
LightweightSecurePUF,30,1.42,-0.00478,0.9999885757347431,0.99194
LightweightSecurePUF,30,1.43,-0.00526,0.9999861661043117,0.99064
LightweightSecurePUF,30,1.44,-0.0053,0.9999859549013679,0.98938
LightweightSecurePUF,30,1.45,-0.0051,0.999986994915434,0.98842
LightweightSecurePUF,30,1.46,-0.00508,0.9999870967167526,0.98729
LightweightSecurePUF,30,1.47,-0.00548,0.9999849846872704,0.98609
LightweightSecurePUF,30,1.48,-0.00546,0.9999850940889069,0.98504
LightweightSecurePUF,30,1.49,-0.00544,0.9999852030905259,0.98377
LightweightSecurePUF,30,1.5,-0.0056,0.9999843198770669,0.98257
LightweightSecurePUF,30,1.51,-0.00586,0.9999828300525966,0.9815
LightweightSecurePUF,30,1.52,-0.0061,0.9999813948269237,0.98028
LightweightSecurePUF,30,1.53,-0.00594,0.9999823580443806,0.97906
LightweightSecurePUF,30,1.54,-0.00586,0.9999828300525964,0.97766
LightweightSecurePUF,30,1.55,-0.00586,0.9999828300525964,0.9766
LightweightSecurePUF,30,1.56,-0.00562,0.9999842076753013,0.9754
LightweightSecurePUF,30,1.57,-0.00544,0.999985203090526,0.97423
LightweightSecurePUF,30,1.58,-0.00542,0.9999853116921269,0.97308
LightweightSecurePUF,30,1.59,-0.00588,0.9999827126505737,0.97195
LightweightSecurePUF,30,1.6,-0.00576,0.9999834110624035,0.97091
LightweightSecurePUF,30,1.61,-0.00574,0.9999835260643049,0.9696
LightweightSecurePUF,30,1.62,-0.0058,0.9999831798585415,0.96815
LightweightSecurePUF,30,1.63,-0.00548,0.9999849846872704,0.96691
LightweightSecurePUF,30,1.64,-0.00592,0.9999824766464659,0.96569
LightweightSecurePUF,30,1.65,-0.00586,0.9999828300525964,0.96446
LightweightSecurePUF,30,1.66,-0.00548,0.9999849846872703,0.96327
LightweightSecurePUF,30,1.67,-0.00536,0.9999856350968247,0.96235
LightweightSecurePUF,30,1.68,-0.00498,0.9999875997231167,0.9612
LightweightSecurePUF,30,1.69,-0.00464,0.999989235142059,0.95991
LightweightSecurePUF,30,1.7,-0.00478,0.9999885757347432,0.95882
LightweightSecurePUF,30,1.71,-0.0051,0.9999869949154339,0.95754
LightweightSecurePUF,30,1.72,-0.00526,0.9999861661043117,0.95644
LightweightSecurePUF,30,1.73,-0.00492,0.9999878967267554,0.95517
LightweightSecurePUF,30,1.74,-0.005,0.9999874999218739,0.95403
LightweightSecurePUF,30,1.75,-0.00452,0.9999897847478243,0.95281
LightweightSecurePUF,30,1.76,-0.00458,0.9999895117449984,0.95166
LightweightSecurePUF,30,1.77,-0.00498,0.9999875997231168,0.95048
LightweightSecurePUF,30,1.78,-0.00522,0.9999863757071892,0.94956
LightweightSecurePUF,30,1.79,-0.00538,0.999985527695276,0.94834
LightweightSecurePUF,30,1.8,-0.00522,0.9999863757071892,0.94708
LightweightSecurePUF,30,1.81,-0.0052,0.9999864799086036,0.94617
LightweightSecurePUF,30,1.82,-0.00508,0.9999870967167526,0.94501
LightweightSecurePUF,30,1.83,-0.00512,0.9999868927140996,0.94377
LightweightSecurePUF,30,1.84,-0.00486,0.9999881901302636,0.94248
LightweightSecurePUF,30,1.85,-0.0051,0.9999869949154339,0.94106
LightweightSecurePUF,30,1.86,-0.005,0.9999874999218737,0.94003
LightweightSecurePUF,30,1.87,-0.0048,0.9999884799336439,0.93879
LightweightSecurePUF,30,1.88,-0.0044,0.9999903199531486,0.93773
LightweightSecurePUF,30,1.89,-0.0044,0.9999903199531485,0.93663
LightweightSecurePUF,30,1.9,-0.00424,0.9999910111596004,0.93541
LightweightSecurePUF,30,1.91,-0.00426,0.9999909261588326,0.93428
LightweightSecurePUF,30,1.92,-0.00446,0.9999900541505401,0.93306
LightweightSecurePUF,30,1.93,-0.0045,0.9999898749487417,0.932
LightweightSecurePUF,30,1.94,-0.0044,0.9999903199531485,0.93067
LightweightSecurePUF,30,1.95,-0.00406,0.9999917581660361,0.92926
LightweightSecurePUF,30,1.96,-0.00392,0.9999923167704838,0.92815
LightweightSecurePUF,30,1.97,-0.0041,0.9999915949646777,0.92706
LightweightSecurePUF,30,1.98,-0.00432,0.9999906687564641,0.92589
LightweightSecurePUF,30,1.99,-0.00428,0.9999908407580541,0.92491
LightweightSecurePUF,30,2.0,-0.00438,0.9999904077539944,0.9237
LightweightSecurePUF,30,2.01,-0.0046,0.9999894199440311,0.92251
LightweightSecurePUF,30,2.02,-0.00464,0.9999892351420588,0.92127
LightweightSecurePUF,30,2.03,-0.00436,0.9999904951548289,0.92007
LightweightSecurePUF,30,2.04,-0.00394,0.999992238169877,0.91904
LightweightSecurePUF,30,2.05,-0.00384,0.9999926271728209,0.91809
LightweightSecurePUF,30,2.06,-0.00402,0.9999919197673548,0.91706
LightweightSecurePUF,30,2.07,-0.00404,0.9999918391667004,0.91593
LightweightSecurePUF,30,2.08,-0.00414,0.999991430163279,0.91484
LightweightSecurePUF,30,2.09,-0.0041,0.9999915949646776,0.91374
LightweightSecurePUF,30,2.1,-0.00426,0.9999909261588326,0.9127
LightweightSecurePUF,30,2.11,-0.0043,0.9999907549572647,0.91172
LightweightSecurePUF,30,2.12,-0.00432,0.9999906687564641,0.91059
LightweightSecurePUF,30,2.13,-0.00416,0.9999913471625642,0.90951
LightweightSecurePUF,30,2.14,-0.00404,0.9999918391667005,0.90835
LightweightSecurePUF,30,2.15,-0.00426,0.9999909261588326,0.90754
LightweightSecurePUF,30,2.16,-0.0041,0.9999915949646777,0.90634
LightweightSecurePUF,30,2.17,-0.00434,0.9999905821556521,0.90508
LightweightSecurePUF,30,2.18,-0.00444,0.9999901431514211,0.90401
LightweightSecurePUF,30,2.19,-0.00458,0.9999895117449983,0.9031
LightweightSecurePUF,30,2.2,-0.00456,0.9999896031459526,0.90179
LightweightSecurePUF,30,2.21,-0.00382,0.9999927037733825,0.90078
LightweightSecurePUF,30,2.22,-0.00386,0.99999255017225,0.89962
LightweightSecurePUF,30,2.23,-0.00378,0.99999285577448,0.89842
LightweightSecurePUF,30,2.24,-0.00392,0.9999923167704837,0.89733
LightweightSecurePUF,30,2.25,-0.00394,0.999992238169877,0.8961
LightweightSecurePUF,30,2.26,-0.00396,0.9999921591692607,0.89501
LightweightSecurePUF,30,2.27,-0.00382,0.9999927037733825,0.89388
LightweightSecurePUF,30,2.28,-0.00392,0.9999923167704838,0.89289
LightweightSecurePUF,30,2.29,-0.0044,0.9999903199531486,0.89175
LightweightSecurePUF,30,2.3,-0.00462,0.9999893277430515,0.8908
LightweightSecurePUF,30,2.31,-0.00466,0.9999891421410535,0.88994
LightweightSecurePUF,30,2.32,-0.00458,0.9999895117449983,0.88886
LightweightSecurePUF,30,2.33,-0.00454,0.9999896941468948,0.88766
LightweightSecurePUF,30,2.34,-0.00438,0.9999904077539944,0.88654
LightweightSecurePUF,30,2.35,-0.00454,0.9999896941468946,0.8856
LightweightSecurePUF,30,2.36,-0.00466,0.9999891421410536,0.88442
LightweightSecurePUF,30,2.37,-0.00454,0.9999896941468949,0.88338
LightweightSecurePUF,30,2.38,-0.00474,0.9999887661369005,0.8823
LightweightSecurePUF,30,2.39,-0.00458,0.9999895117449983,0.88136
LightweightSecurePUF,30,2.4,-0.0046,0.9999894199440309,0.88029
LightweightSecurePUF,30,2.41,-0.00504,0.9999872991193438,0.87935
LightweightSecurePUF,30,2.42,-0.00512,0.9999868927140995,0.87831
LightweightSecurePUF,30,2.43,-0.00502,0.9999873997206163,0.8772
LightweightSecurePUF,30,2.44,-0.00514,0.9999867901127493,0.87604
LightweightSecurePUF,30,2.45,-0.00512,0.9999868927140996,0.87503
LightweightSecurePUF,30,2.46,-0.00506,0.9999871981180559,0.87396
LightweightSecurePUF,30,2.47,-0.00504,0.9999872991193438,0.87289
LightweightSecurePUF,30,2.48,-0.00528,0.9999860607028479,0.87191
LightweightSecurePUF,30,2.49,-0.00512,0.9999868927140994,0.87093
LightweightSecurePUF,30,2.5,-0.00546,0.9999850940889069,0.86986
LightweightSecurePUF,30,2.51,-0.00572,0.9999836406661861,0.86889
LightweightSecurePUF,30,2.52,-0.0055,0.9999848748856156,0.8679
LightweightSecurePUF,30,2.53,-0.0054,0.9999854198937104,0.86683
LightweightSecurePUF,30,2.54,-0.00512,0.9999868927140996,0.86565
LightweightSecurePUF,30,2.55,-0.00506,0.9999871981180559,0.86446
LightweightSecurePUF,30,2.56,-0.00504,0.9999872991193438,0.86325
LightweightSecurePUF,30,2.57,-0.00474,0.9999887661369005,0.8622
LightweightSecurePUF,30,2.58,-0.00472,0.9999888607379585,0.86101
LightweightSecurePUF,30,2.59,-0.00452,0.9999897847478244,0.85979
LightweightSecurePUF,30,2.6,-0.00452,0.9999897847478244,0.85879
LightweightSecurePUF,30,2.61,-0.00444,0.9999901431514212,0.85785
LightweightSecurePUF,30,2.62,-0.00434,0.9999905821556522,0.857
LightweightSecurePUF,30,2.63,-0.0041,0.9999915949646777,0.8562
LightweightSecurePUF,30,2.64,-0.00406,0.999991758166036,0.85506
LightweightSecurePUF,30,2.65,-0.00426,0.9999909261588327,0.85398
LightweightSecurePUF,30,2.66,-0.00432,0.9999906687564641,0.85291
LightweightSecurePUF,30,2.67,-0.00408,0.9999916767653622,0.85187
LightweightSecurePUF,30,2.68,-0.00454,0.9999896941468946,0.8507
LightweightSecurePUF,30,2.69,-0.00474,0.9999887661369005,0.84968
LightweightSecurePUF,30,2.7,-0.00424,0.9999910111596004,0.84871
LightweightSecurePUF,30,2.71,-0.0042,0.9999911799611034,0.84773
LightweightSecurePUF,30,2.72,-0.00394,0.9999922381698769,0.84668
LightweightSecurePUF,30,2.73,-0.0039,0.9999923949710817,0.84558
LightweightSecurePUF,30,2.74,-0.00388,0.9999924727716702,0.84447
LightweightSecurePUF,30,2.75,-0.00394,0.999992238169877,0.8432
LightweightSecurePUF,30,2.76,-0.0042,0.9999911799611034,0.84213
LightweightSecurePUF,30,2.77,-0.00382,0.9999927037733825,0.84116
LightweightSecurePUF,30,2.78,-0.00386,0.9999925501722501,0.84022
LightweightSecurePUF,30,2.79,-0.0039,0.9999923949710817,0.83928
LightweightSecurePUF,30,2.8,-0.0036,0.9999935199790048,0.83849
LightweightSecurePUF,30,2.81,-0.0035,0.9999938749812421,0.83732
LightweightSecurePUF,30,2.82,-0.00322,0.9999948157865619,0.83614
LightweightSecurePUF,30,2.83,-0.00316,0.9999950071875359,0.83509
LightweightSecurePUF,30,2.84,-0.00338,0.9999942877836853,0.83434
LightweightSecurePUF,30,2.85,-0.0037,0.999993154976573,0.83338
LightweightSecurePUF,30,2.86,-0.00372,0.9999930807760622,0.83247
LightweightSecurePUF,30,2.87,-0.00364,0.999993375178056,0.83169
LightweightSecurePUF,30,2.88,-0.00384,0.9999926271728209,0.83079
LightweightSecurePUF,30,2.89,-0.00388,0.9999924727716704,0.82971
LightweightSecurePUF,30,2.9,-0.00366,0.9999933021775695,0.8287
LightweightSecurePUF,30,2.91,-0.00386,0.99999255017225,0.82786
LightweightSecurePUF,30,2.92,-0.00382,0.9999927037733823,0.82678
LightweightSecurePUF,30,2.93,-0.00348,0.9999939447816673,0.82569
LightweightSecurePUF,30,2.94,-0.00376,0.9999929311750159,0.82473
LightweightSecurePUF,30,2.95,-0.00336,0.9999943551840679,0.82381
LightweightSecurePUF,30,2.96,-0.00354,0.9999937341803695,0.82272
LightweightSecurePUF,30,2.97,-0.00356,0.9999936631799221,0.82179
LightweightSecurePUF,30,2.98,-0.00378,0.9999928557744799,0.82062
LightweightSecurePUF,30,2.99,-0.00426,0.9999909261588326,0.81956
LightweightSecurePUF,30,3.0,-0.00412,0.9999915127639835,0.81841
LightweightSecurePUF,35,0.5,-0.00458,0.9999895117449982,0.91429
LightweightSecurePUF,35,0.51,-0.00464,0.9999892351420587,0.91522
LightweightSecurePUF,35,0.52,-0.00452,0.9999897847478244,0.91612
LightweightSecurePUF,35,0.53,-0.00452,0.9999897847478244,0.91706
LightweightSecurePUF,35,0.54,-0.0045,0.9999898749487417,0.91781
LightweightSecurePUF,35,0.55,-0.0044,0.9999903199531486,0.91856
LightweightSecurePUF,35,0.56,-0.00442,0.9999902317522906,0.91933
LightweightSecurePUF,35,0.57,-0.00446,0.99999005415054,0.92023
LightweightSecurePUF,35,0.58,-0.0043,0.9999907549572647,0.92109
LightweightSecurePUF,35,0.59,-0.0043,0.9999907549572646,0.92189
LightweightSecurePUF,35,0.6,-0.00462,0.9999893277430516,0.92279
LightweightSecurePUF,35,0.61,-0.00458,0.9999895117449984,0.92365
LightweightSecurePUF,35,0.62,-0.00448,0.9999899647496469,0.92462
LightweightSecurePUF,35,0.63,-0.00458,0.9999895117449983,0.92549
LightweightSecurePUF,35,0.64,-0.00488,0.9999880927291085,0.9265
LightweightSecurePUF,35,0.65,-0.00502,0.9999873997206163,0.92755
LightweightSecurePUF,35,0.66,-0.00512,0.9999868927140995,0.92834
LightweightSecurePUF,35,0.67,-0.00524,0.9999862711057587,0.92934
LightweightSecurePUF,35,0.68,-0.0052,0.9999864799086036,0.93036
LightweightSecurePUF,35,0.69,-0.00546,0.9999850940889068,0.93139
LightweightSecurePUF,35,0.7,-0.00528,0.9999860607028478,0.93218
LightweightSecurePUF,35,0.71,-0.00546,0.999985094088907,0.93319
LightweightSecurePUF,35,0.72,-0.0052,0.9999864799086037,0.93416
LightweightSecurePUF,35,0.73,-0.00514,0.9999867901127493,0.93517
LightweightSecurePUF,35,0.74,-0.00528,0.9999860607028479,0.93614
LightweightSecurePUF,35,0.75,-0.00544,0.9999852030905259,0.93714
LightweightSecurePUF,35,0.76,-0.00552,0.9999847646839428,0.938
LightweightSecurePUF,35,0.77,-0.00562,0.999984207675301,0.93909
LightweightSecurePUF,35,0.78,-0.00552,0.9999847646839426,0.94006
LightweightSecurePUF,35,0.79,-0.0055,0.9999848748856156,0.94113
LightweightSecurePUF,35,0.8,-0.0053,0.9999859549013678,0.94217
LightweightSecurePUF,35,0.81,-0.00566,0.9999839820717131,0.94311
LightweightSecurePUF,35,0.82,-0.00544,0.9999852030905259,0.94418
LightweightSecurePUF,35,0.83,-0.00534,0.9999857420983559,0.94521
LightweightSecurePUF,35,0.84,-0.00538,0.9999855276952759,0.94623
LightweightSecurePUF,35,0.85,-0.00556,0.9999845430805419,0.94722
LightweightSecurePUF,35,0.86,-0.00554,0.9999846540822515,0.94831
LightweightSecurePUF,35,0.87,-0.00532,0.9999858486998703,0.94944
LightweightSecurePUF,35,0.88,-0.00524,0.9999862711057588,0.95038
LightweightSecurePUF,35,0.89,-0.00522,0.9999863757071892,0.95117
LightweightSecurePUF,35,0.9,-0.00556,0.9999845430805417,0.95206
LightweightSecurePUF,35,0.91,-0.00568,0.99998386866989,0.95306
LightweightSecurePUF,35,0.92,-0.00564,0.9999840950735168,0.95412
LightweightSecurePUF,35,0.93,-0.00544,0.9999852030905259,0.95514
LightweightSecurePUF,35,0.94,-0.0056,0.9999843198770669,0.95602
LightweightSecurePUF,35,0.95,-0.00534,0.999985742098356,0.95723
LightweightSecurePUF,35,0.96,-0.00566,0.999983982071713,0.95807
LightweightSecurePUF,35,0.97,-0.00598,0.9999821196401463,0.95891
LightweightSecurePUF,35,0.98,-0.00608,0.9999815166291824,0.95988
LightweightSecurePUF,35,0.99,-0.00596,0.9999822390422741,0.96096
LightweightSecurePUF,35,1.0,-0.00614,0.9999811500223392,0.96195
LightweightSecurePUF,35,1.01,-0.00586,0.9999828300525965,0.96301
LightweightSecurePUF,35,1.02,-0.00622,0.9999806556128974,0.96407
LightweightSecurePUF,35,1.03,-0.0061,0.9999813948269238,0.96517
LightweightSecurePUF,35,1.04,-0.00608,0.9999815166291826,0.96644
LightweightSecurePUF,35,1.05,-0.00618,0.999980903617664,0.96745
LightweightSecurePUF,35,1.06,-0.0061,0.9999813948269238,0.96849
LightweightSecurePUF,35,1.07,-0.00602,0.999981879635826,0.96951
LightweightSecurePUF,35,1.08,-0.00586,0.9999828300525964,0.97061
LightweightSecurePUF,35,1.09,-0.0056,0.999984319877067,0.9716
LightweightSecurePUF,35,1.1,-0.00542,0.9999853116921269,0.97277
LightweightSecurePUF,35,1.11,-0.00494,0.9999877981255572,0.97417
LightweightSecurePUF,35,1.12,-0.00488,0.9999880927291085,0.97512
LightweightSecurePUF,35,1.13,-0.00456,0.9999896031459526,0.97634
LightweightSecurePUF,35,1.14,-0.00458,0.9999895117449982,0.97739
LightweightSecurePUF,35,1.15,-0.0047,0.9999889549390032,0.97841
LightweightSecurePUF,35,1.16,-0.00446,0.9999900541505399,0.97949
LightweightSecurePUF,35,1.17,-0.00466,0.9999891421410535,0.98053
LightweightSecurePUF,35,1.18,-0.00472,0.9999888607379585,0.98168
LightweightSecurePUF,35,1.19,-0.00502,0.9999873997206163,0.98293
LightweightSecurePUF,35,1.2,-0.005,0.9999874999218739,0.98394
LightweightSecurePUF,35,1.21,-0.00502,0.9999873997206163,0.98507
LightweightSecurePUF,35,1.22,-0.00484,0.9999882871314043,0.98612
LightweightSecurePUF,35,1.23,-0.00484,0.9999882871314044,0.98704
LightweightSecurePUF,35,1.24,-0.00502,0.9999873997206163,0.98821
LightweightSecurePUF,35,1.25,-0.0052,0.9999864799086036,0.98936
LightweightSecurePUF,35,1.26,-0.0052,0.9999864799086037,0.9904
LightweightSecurePUF,35,1.27,-0.00524,0.9999862711057587,0.99134
LightweightSecurePUF,35,1.28,-0.0052,0.9999864799086036,0.99244
LightweightSecurePUF,35,1.29,-0.00524,0.9999862711057587,0.99352
LightweightSecurePUF,35,1.3,-0.0051,0.999986994915434,0.99455
LightweightSecurePUF,35,1.31,-0.00476,0.9999886711358286,0.99564
LightweightSecurePUF,35,1.32,-0.0049,0.9999879949279391,0.99671
LightweightSecurePUF,35,1.33,-0.00458,0.9999895117449983,0.99783
LightweightSecurePUF,35,1.34,-0.00448,0.9999899647496469,0.999
LightweightSecurePUF,35,1.35,-0.00436,0.9999904951548289,1.0
LightweightSecurePUF,35,1.36,-0.00482,0.9999883837325311,0.99879
LightweightSecurePUF,35,1.37,-0.00522,0.9999863757071892,0.99771
LightweightSecurePUF,35,1.38,-0.00528,0.9999860607028479,0.9965
LightweightSecurePUF,35,1.39,-0.00538,0.9999855276952759,0.99547
LightweightSecurePUF,35,1.4,-0.00514,0.9999867901127493,0.99429
LightweightSecurePUF,35,1.41,-0.0052,0.9999864799086036,0.9933
LightweightSecurePUF,35,1.42,-0.00522,0.9999863757071892,0.99219
LightweightSecurePUF,35,1.43,-0.00534,0.999985742098356,0.99107
LightweightSecurePUF,35,1.44,-0.00488,0.9999880927291085,0.98978
LightweightSecurePUF,35,1.45,-0.00482,0.9999883837325311,0.98865
LightweightSecurePUF,35,1.46,-0.00524,0.9999862711057586,0.98734
LightweightSecurePUF,35,1.47,-0.0053,0.9999859549013679,0.98613
LightweightSecurePUF,35,1.48,-0.00508,0.9999870967167527,0.98518
LightweightSecurePUF,35,1.49,-0.00508,0.9999870967167526,0.98408
LightweightSecurePUF,35,1.5,-0.00546,0.999985094088907,0.98291
LightweightSecurePUF,35,1.51,-0.00548,0.9999849846872704,0.9819
LightweightSecurePUF,35,1.52,-0.00542,0.9999853116921269,0.98065
LightweightSecurePUF,35,1.53,-0.0055,0.9999848748856157,0.97949
LightweightSecurePUF,35,1.54,-0.00574,0.9999835260643049,0.97847
LightweightSecurePUF,35,1.55,-0.00614,0.9999811500223393,0.97725
LightweightSecurePUF,35,1.56,-0.00614,0.9999811500223393,0.97617
LightweightSecurePUF,35,1.57,-0.00594,0.9999823580443807,0.97487
LightweightSecurePUF,35,1.58,-0.00574,0.9999835260643047,0.97369
LightweightSecurePUF,35,1.59,-0.0057,0.9999837548680479,0.97253
LightweightSecurePUF,35,1.6,-0.00548,0.9999849846872703,0.9714
LightweightSecurePUF,35,1.61,-0.00546,0.9999850940889069,0.97027
LightweightSecurePUF,35,1.62,-0.00568,0.99998386866989,0.96918
LightweightSecurePUF,35,1.63,-0.00572,0.9999836406661861,0.96814
LightweightSecurePUF,35,1.64,-0.00558,0.9999844316788138,0.96695
LightweightSecurePUF,35,1.65,-0.00582,0.99998306365658,0.96561
LightweightSecurePUF,35,1.66,-0.00556,0.9999845430805419,0.96428
LightweightSecurePUF,35,1.67,-0.0057,0.999983754868048,0.96307
LightweightSecurePUF,35,1.68,-0.00592,0.9999824766464661,0.96194
LightweightSecurePUF,35,1.69,-0.00564,0.9999840950735168,0.96068
LightweightSecurePUF,35,1.7,-0.00546,0.999985094088907,0.95973
LightweightSecurePUF,35,1.71,-0.00504,0.9999872991193439,0.9586
LightweightSecurePUF,35,1.72,-0.00462,0.9999893277430515,0.95757
LightweightSecurePUF,35,1.73,-0.0047,0.9999889549390032,0.95645
LightweightSecurePUF,35,1.74,-0.00494,0.9999877981255573,0.95519
LightweightSecurePUF,35,1.75,-0.00516,0.9999866871113836,0.95414
LightweightSecurePUF,35,1.76,-0.0051,0.999986994915434,0.95299
LightweightSecurePUF,35,1.77,-0.00508,0.9999870967167526,0.95182
LightweightSecurePUF,35,1.78,-0.00478,0.9999885757347432,0.95049
LightweightSecurePUF,35,1.79,-0.00446,0.9999900541505399,0.94945
LightweightSecurePUF,35,1.8,-0.0047,0.9999889549390032,0.94831
LightweightSecurePUF,35,1.81,-0.00508,0.9999870967167526,0.94716
LightweightSecurePUF,35,1.82,-0.00534,0.9999857420983559,0.94613
LightweightSecurePUF,35,1.83,-0.00544,0.9999852030905259,0.945
LightweightSecurePUF,35,1.84,-0.00522,0.9999863757071893,0.94393
LightweightSecurePUF,35,1.85,-0.00504,0.9999872991193439,0.9429
LightweightSecurePUF,35,1.86,-0.0052,0.9999864799086037,0.94178
LightweightSecurePUF,35,1.87,-0.00504,0.9999872991193439,0.94052
LightweightSecurePUF,35,1.88,-0.00504,0.9999872991193439,0.93926
LightweightSecurePUF,35,1.89,-0.00508,0.9999870967167526,0.93802
LightweightSecurePUF,35,1.9,-0.00498,0.9999875997231168,0.93691
LightweightSecurePUF,35,1.91,-0.0047,0.9999889549390032,0.93573
LightweightSecurePUF,35,1.92,-0.00426,0.9999909261588326,0.93473
LightweightSecurePUF,35,1.93,-0.00448,0.9999899647496469,0.93362
LightweightSecurePUF,35,1.94,-0.00418,0.9999912637618391,0.93243
LightweightSecurePUF,35,1.95,-0.00428,0.9999908407580541,0.93132
LightweightSecurePUF,35,1.96,-0.00444,0.9999901431514212,0.93016
LightweightSecurePUF,35,1.97,-0.00452,0.9999897847478244,0.9291
LightweightSecurePUF,35,1.98,-0.00442,0.9999902317522907,0.92779
LightweightSecurePUF,35,1.99,-0.00408,0.999991676765362,0.9264
LightweightSecurePUF,35,2.0,-0.00392,0.9999923167704838,0.92534
LightweightSecurePUF,35,2.01,-0.00412,0.9999915127639836,0.92436
LightweightSecurePUF,35,2.02,-0.00432,0.9999906687564641,0.92314
LightweightSecurePUF,35,2.03,-0.00436,0.9999904951548289,0.92216
LightweightSecurePUF,35,2.04,-0.00428,0.999990840758054,0.9211
LightweightSecurePUF,35,2.05,-0.00438,0.9999904077539944,0.91993
LightweightSecurePUF,35,2.06,-0.00456,0.9999896031459526,0.91866
LightweightSecurePUF,35,2.07,-0.00464,0.999989235142059,0.91756
LightweightSecurePUF,35,2.08,-0.00408,0.999991676765362,0.91636
LightweightSecurePUF,35,2.09,-0.00384,0.9999926271728209,0.91544
LightweightSecurePUF,35,2.1,-0.00394,0.999992238169877,0.91449
LightweightSecurePUF,35,2.11,-0.00416,0.9999913471625642,0.9135
LightweightSecurePUF,35,2.12,-0.00422,0.9999910957603572,0.91235
LightweightSecurePUF,35,2.13,-0.0043,0.9999907549572646,0.91129
LightweightSecurePUF,35,2.14,-0.00418,0.999991263761839,0.91023
LightweightSecurePUF,35,2.15,-0.00424,0.9999910111596004,0.90932
LightweightSecurePUF,35,2.16,-0.00436,0.9999904951548289,0.90822
LightweightSecurePUF,35,2.17,-0.00436,0.9999904951548289,0.90706
LightweightSecurePUF,35,2.18,-0.00398,0.9999920797686351,0.90609
LightweightSecurePUF,35,2.19,-0.00404,0.9999918391667005,0.90508
LightweightSecurePUF,35,2.2,-0.00402,0.9999919197673547,0.90403
LightweightSecurePUF,35,2.21,-0.0042,0.9999911799611033,0.90296
LightweightSecurePUF,35,2.22,-0.0045,0.9999898749487417,0.90165
LightweightSecurePUF,35,2.23,-0.00434,0.9999905821556522,0.90077
LightweightSecurePUF,35,2.24,-0.00464,0.9999892351420587,0.89964
LightweightSecurePUF,35,2.25,-0.00422,0.9999910957603572,0.89855
LightweightSecurePUF,35,2.26,-0.0037,0.9999931549765728,0.89741
LightweightSecurePUF,35,2.27,-0.0038,0.9999927799739355,0.89638
LightweightSecurePUF,35,2.28,-0.00382,0.9999927037733825,0.89517
LightweightSecurePUF,35,2.29,-0.0043,0.9999907549572646,0.89411
LightweightSecurePUF,35,2.3,-0.00382,0.9999927037733825,0.89289
LightweightSecurePUF,35,2.31,-0.00396,0.9999921591692607,0.89188
LightweightSecurePUF,35,2.32,-0.00386,0.9999925501722502,0.89087
LightweightSecurePUF,35,2.33,-0.00386,0.99999255017225,0.88975
LightweightSecurePUF,35,2.34,-0.0045,0.9999898749487416,0.88881
LightweightSecurePUF,35,2.35,-0.00464,0.9999892351420587,0.88778
LightweightSecurePUF,35,2.36,-0.00452,0.9999897847478244,0.88688
LightweightSecurePUF,35,2.37,-0.00444,0.9999901431514212,0.8859
LightweightSecurePUF,35,2.38,-0.0046,0.999989419944031,0.88472
LightweightSecurePUF,35,2.39,-0.00422,0.9999910957603572,0.88365
LightweightSecurePUF,35,2.4,-0.00456,0.9999896031459528,0.88264
LightweightSecurePUF,35,2.41,-0.00462,0.9999893277430516,0.88161
LightweightSecurePUF,35,2.42,-0.00458,0.9999895117449983,0.88055
LightweightSecurePUF,35,2.43,-0.00484,0.9999882871314044,0.87948
LightweightSecurePUF,35,2.44,-0.00448,0.9999899647496469,0.87856
LightweightSecurePUF,35,2.45,-0.00466,0.9999891421410535,0.87755
LightweightSecurePUF,35,2.46,-0.00502,0.9999873997206163,0.87665
LightweightSecurePUF,35,2.47,-0.00512,0.9999868927140995,0.87562
LightweightSecurePUF,35,2.48,-0.00496,0.9999876991243444,0.87458
LightweightSecurePUF,35,2.49,-0.00508,0.9999870967167526,0.8734
LightweightSecurePUF,35,2.5,-0.00512,0.9999868927140996,0.87242
LightweightSecurePUF,35,2.51,-0.00512,0.9999868927140995,0.87136
LightweightSecurePUF,35,2.52,-0.00504,0.9999872991193439,0.87034
LightweightSecurePUF,35,2.53,-0.0052,0.9999864799086036,0.86932
LightweightSecurePUF,35,2.54,-0.00492,0.9999878967267554,0.86838
LightweightSecurePUF,35,2.55,-0.0053,0.9999859549013678,0.86735
LightweightSecurePUF,35,2.56,-0.0056,0.9999843198770669,0.8664
LightweightSecurePUF,35,2.57,-0.00556,0.9999845430805417,0.86542
LightweightSecurePUF,35,2.58,-0.0053,0.9999859549013677,0.86435
LightweightSecurePUF,35,2.59,-0.0053,0.9999859549013678,0.86331
LightweightSecurePUF,35,2.6,-0.00512,0.9999868927140995,0.8621
LightweightSecurePUF,35,2.61,-0.00514,0.9999867901127493,0.86099
LightweightSecurePUF,35,2.62,-0.00488,0.9999880927291084,0.85976
LightweightSecurePUF,35,2.63,-0.00472,0.9999888607379585,0.85864
LightweightSecurePUF,35,2.64,-0.0046,0.9999894199440309,0.8575
LightweightSecurePUF,35,2.65,-0.00448,0.9999899647496469,0.85642
LightweightSecurePUF,35,2.66,-0.00462,0.9999893277430516,0.85557
LightweightSecurePUF,35,2.67,-0.00438,0.9999904077539944,0.85471
LightweightSecurePUF,35,2.68,-0.00416,0.9999913471625642,0.85384
LightweightSecurePUF,35,2.69,-0.00414,0.999991430163279,0.85289
LightweightSecurePUF,35,2.7,-0.00404,0.9999918391667004,0.85186
LightweightSecurePUF,35,2.71,-0.00422,0.9999910957603572,0.85075
LightweightSecurePUF,35,2.72,-0.00406,0.9999917581660361,0.84967
LightweightSecurePUF,35,2.73,-0.0042,0.9999911799611035,0.84866
LightweightSecurePUF,35,2.74,-0.0047,0.9999889549390032,0.84759
LightweightSecurePUF,35,2.75,-0.00448,0.9999899647496469,0.84666
LightweightSecurePUF,35,2.76,-0.00436,0.9999904951548289,0.8456
LightweightSecurePUF,35,2.77,-0.0041,0.9999915949646776,0.84473
LightweightSecurePUF,35,2.78,-0.0041,0.9999915949646776,0.84357
LightweightSecurePUF,35,2.79,-0.00398,0.9999920797686351,0.84265
LightweightSecurePUF,35,2.8,-0.00384,0.9999926271728209,0.84148
LightweightSecurePUF,35,2.81,-0.00404,0.9999918391667004,0.84032
LightweightSecurePUF,35,2.82,-0.00414,0.999991430163279,0.83939
LightweightSecurePUF,35,2.83,-0.00388,0.9999924727716702,0.83832
LightweightSecurePUF,35,2.84,-0.00392,0.9999923167704838,0.83738
LightweightSecurePUF,35,2.85,-0.00384,0.9999926271728209,0.8365
LightweightSecurePUF,35,2.86,-0.0035,0.9999938749812423,0.83565
LightweightSecurePUF,35,2.87,-0.00354,0.9999937341803695,0.83457
LightweightSecurePUF,35,2.88,-0.00326,0.9999946861858818,0.83343
LightweightSecurePUF,35,2.89,-0.00326,0.9999946861858818,0.83241
LightweightSecurePUF,35,2.9,-0.00352,0.9999938047808097,0.83162
LightweightSecurePUF,35,2.91,-0.00382,0.9999927037733822,0.83075
LightweightSecurePUF,35,2.92,-0.00366,0.9999933021775697,0.82987
LightweightSecurePUF,35,2.93,-0.00356,0.9999936631799222,0.82912
LightweightSecurePUF,35,2.94,-0.00388,0.9999924727716702,0.82822
LightweightSecurePUF,35,2.95,-0.00382,0.9999927037733823,0.82719
LightweightSecurePUF,35,2.96,-0.0037,0.9999931549765729,0.82621
LightweightSecurePUF,35,2.97,-0.00388,0.9999924727716702,0.82538
LightweightSecurePUF,35,2.98,-0.00384,0.9999926271728209,0.82436
LightweightSecurePUF,35,2.99,-0.00352,0.9999938047808095,0.8233
LightweightSecurePUF,35,3.0,-0.00372,0.9999930807760621,0.8223
LightweightSecurePUF,40,0.5,-0.00478,0.9999885757347432,0.91595
LightweightSecurePUF,40,0.51,-0.00456,0.9999896031459528,0.91674
LightweightSecurePUF,40,0.52,-0.00466,0.9999891421410535,0.91763
LightweightSecurePUF,40,0.53,-0.00454,0.9999896941468948,0.91853
LightweightSecurePUF,40,0.54,-0.00454,0.9999896941468946,0.91945
LightweightSecurePUF,40,0.55,-0.0045,0.9999898749487416,0.92023
LightweightSecurePUF,40,0.56,-0.00436,0.9999904951548289,0.92096
LightweightSecurePUF,40,0.57,-0.00442,0.9999902317522907,0.92175
LightweightSecurePUF,40,0.58,-0.00444,0.9999901431514211,0.9226
LightweightSecurePUF,40,0.59,-0.0043,0.9999907549572647,0.92343
LightweightSecurePUF,40,0.6,-0.00428,0.9999908407580541,0.92426
LightweightSecurePUF,40,0.61,-0.00452,0.9999897847478244,0.92506
LightweightSecurePUF,40,0.62,-0.00464,0.999989235142059,0.92594
LightweightSecurePUF,40,0.63,-0.0046,0.9999894199440311,0.92694
LightweightSecurePUF,40,0.64,-0.00456,0.9999896031459526,0.92784
LightweightSecurePUF,40,0.65,-0.00474,0.9999887661369005,0.92873
LightweightSecurePUF,40,0.66,-0.00494,0.9999877981255573,0.92973
LightweightSecurePUF,40,0.67,-0.00508,0.9999870967167526,0.93058
LightweightSecurePUF,40,0.68,-0.00512,0.9999868927140995,0.93156
LightweightSecurePUF,40,0.69,-0.00526,0.9999861661043116,0.93257
LightweightSecurePUF,40,0.7,-0.00532,0.9999858486998703,0.93354
LightweightSecurePUF,40,0.71,-0.0052,0.9999864799086036,0.93446
LightweightSecurePUF,40,0.72,-0.0055,0.9999848748856156,0.93529
LightweightSecurePUF,40,0.73,-0.00552,0.9999847646839427,0.93628
LightweightSecurePUF,40,0.74,-0.00504,0.9999872991193439,0.93726
LightweightSecurePUF,40,0.75,-0.00538,0.999985527695276,0.93819
LightweightSecurePUF,40,0.76,-0.00516,0.9999866871113836,0.93916
LightweightSecurePUF,40,0.77,-0.00542,0.9999853116921269,0.94021
LightweightSecurePUF,40,0.78,-0.00562,0.9999842076753012,0.94117
LightweightSecurePUF,40,0.79,-0.00578,0.9999832956604825,0.94199
LightweightSecurePUF,40,0.8,-0.00554,0.9999846540822516,0.94311
LightweightSecurePUF,40,0.81,-0.00546,0.9999850940889068,0.94417
LightweightSecurePUF,40,0.82,-0.00542,0.9999853116921269,0.94519
LightweightSecurePUF,40,0.83,-0.00562,0.999984207675301,0.94605
LightweightSecurePUF,40,0.84,-0.00532,0.9999858486998704,0.9472
LightweightSecurePUF,40,0.85,-0.00542,0.9999853116921269,0.94817
LightweightSecurePUF,40,0.86,-0.00538,0.9999855276952759,0.94925
LightweightSecurePUF,40,0.87,-0.00544,0.9999852030905259,0.95012
LightweightSecurePUF,40,0.88,-0.00534,0.9999857420983559,0.95127
LightweightSecurePUF,40,0.89,-0.00516,0.9999866871113835,0.95232
LightweightSecurePUF,40,0.9,-0.00522,0.9999863757071892,0.95319
LightweightSecurePUF,40,0.91,-0.00528,0.9999860607028479,0.954
LightweightSecurePUF,40,0.92,-0.00568,0.99998386866989,0.95488
LightweightSecurePUF,40,0.93,-0.00574,0.9999835260643049,0.95595
LightweightSecurePUF,40,0.94,-0.0055,0.9999848748856156,0.95697
LightweightSecurePUF,40,0.95,-0.00542,0.9999853116921269,0.95789
LightweightSecurePUF,40,0.96,-0.00558,0.9999844316788138,0.95877
LightweightSecurePUF,40,0.97,-0.00532,0.9999858486998704,0.95996
LightweightSecurePUF,40,0.98,-0.0057,0.9999837548680479,0.96079
LightweightSecurePUF,40,0.99,-0.00598,0.9999821196401463,0.96163
LightweightSecurePUF,40,1.0,-0.0061,0.9999813948269237,0.96259
LightweightSecurePUF,40,1.01,-0.006,0.999981999837997,0.96364
LightweightSecurePUF,40,1.02,-0.0061,0.9999813948269237,0.96459
LightweightSecurePUF,40,1.03,-0.00584,0.9999829470545983,0.96572
LightweightSecurePUF,40,1.04,-0.0062,0.9999807798152923,0.96672
LightweightSecurePUF,40,1.05,-0.00624,0.9999805310104791,0.9678
LightweightSecurePUF,40,1.06,-0.00604,0.9999817590336334,0.96898
LightweightSecurePUF,40,1.07,-0.0062,0.9999807798152922,0.97014
LightweightSecurePUF,40,1.08,-0.0061,0.9999813948269238,0.97107
LightweightSecurePUF,40,1.09,-0.006,0.9999819998379968,0.97208
LightweightSecurePUF,40,1.1,-0.00582,0.99998306365658,0.97315
LightweightSecurePUF,40,1.11,-0.00574,0.9999835260643047,0.97415
LightweightSecurePUF,40,1.12,-0.00536,0.9999856350968247,0.97522
LightweightSecurePUF,40,1.13,-0.00492,0.9999878967267554,0.9766
LightweightSecurePUF,40,1.14,-0.00488,0.9999880927291085,0.9777
LightweightSecurePUF,40,1.15,-0.00448,0.9999899647496467,0.9788
LightweightSecurePUF,40,1.16,-0.00474,0.9999887661369005,0.97977
LightweightSecurePUF,40,1.17,-0.00472,0.9999888607379585,0.98072
LightweightSecurePUF,40,1.18,-0.00438,0.9999904077539944,0.98181
LightweightSecurePUF,40,1.19,-0.00438,0.9999904077539944,0.98289
LightweightSecurePUF,40,1.2,-0.00488,0.9999880927291085,0.98406
LightweightSecurePUF,40,1.21,-0.0048,0.9999884799336438,0.98518
LightweightSecurePUF,40,1.22,-0.00504,0.9999872991193438,0.9863
LightweightSecurePUF,40,1.23,-0.00522,0.9999863757071892,0.98739
LightweightSecurePUF,40,1.24,-0.00496,0.9999876991243444,0.98844
LightweightSecurePUF,40,1.25,-0.00496,0.9999876991243444,0.98942
LightweightSecurePUF,40,1.26,-0.00472,0.9999888607379586,0.99054
LightweightSecurePUF,40,1.27,-0.00522,0.9999863757071892,0.99159
LightweightSecurePUF,40,1.28,-0.0053,0.9999859549013679,0.99261
LightweightSecurePUF,40,1.29,-0.00512,0.9999868927140995,0.99356
LightweightSecurePUF,40,1.3,-0.00512,0.9999868927140996,0.99462
LightweightSecurePUF,40,1.31,-0.00508,0.9999870967167527,0.99568
LightweightSecurePUF,40,1.32,-0.00524,0.9999862711057587,0.99668
LightweightSecurePUF,40,1.33,-0.00498,0.9999875997231167,0.99777
LightweightSecurePUF,40,1.34,-0.00492,0.9999878967267554,0.99882
LightweightSecurePUF,40,1.35,-0.00472,0.9999888607379586,1.0
LightweightSecurePUF,40,1.36,-0.00452,0.9999897847478244,0.9989
LightweightSecurePUF,40,1.37,-0.00454,0.9999896941468948,0.99785
LightweightSecurePUF,40,1.38,-0.00456,0.9999896031459526,0.9968
LightweightSecurePUF,40,1.39,-0.0049,0.999987994927939,0.99573
LightweightSecurePUF,40,1.4,-0.0052,0.9999864799086037,0.99456
LightweightSecurePUF,40,1.41,-0.00524,0.9999862711057586,0.99342
LightweightSecurePUF,40,1.42,-0.0054,0.9999854198937104,0.99246
LightweightSecurePUF,40,1.43,-0.00516,0.9999866871113836,0.9913
LightweightSecurePUF,40,1.44,-0.00522,0.9999863757071892,0.99027
LightweightSecurePUF,40,1.45,-0.0052,0.9999864799086036,0.98924
LightweightSecurePUF,40,1.46,-0.00536,0.9999856350968247,0.9881
LightweightSecurePUF,40,1.47,-0.00498,0.9999875997231167,0.98687
LightweightSecurePUF,40,1.48,-0.00488,0.9999880927291086,0.98572
LightweightSecurePUF,40,1.49,-0.00516,0.9999866871113836,0.9844
LightweightSecurePUF,40,1.5,-0.00528,0.9999860607028478,0.98328
LightweightSecurePUF,40,1.51,-0.00512,0.9999868927140995,0.98236
LightweightSecurePUF,40,1.52,-0.00516,0.9999866871113837,0.9813
LightweightSecurePUF,40,1.53,-0.00554,0.9999846540822516,0.98017
LightweightSecurePUF,40,1.54,-0.00544,0.9999852030905259,0.97924
LightweightSecurePUF,40,1.55,-0.00542,0.9999853116921268,0.97799
LightweightSecurePUF,40,1.56,-0.00546,0.9999850940889069,0.97683
LightweightSecurePUF,40,1.57,-0.00568,0.99998386866989,0.97584
LightweightSecurePUF,40,1.58,-0.00616,0.9999810270200129,0.97468
LightweightSecurePUF,40,1.59,-0.00608,0.9999815166291824,0.97358
LightweightSecurePUF,40,1.6,-0.00606,0.9999816380314192,0.97235
LightweightSecurePUF,40,1.61,-0.00586,0.9999828300525965,0.97113
LightweightSecurePUF,40,1.62,-0.00568,0.9999838686698901,0.96996
LightweightSecurePUF,40,1.63,-0.00564,0.9999840950735169,0.969
LightweightSecurePUF,40,1.64,-0.00554,0.9999846540822513,0.96775
LightweightSecurePUF,40,1.65,-0.00572,0.9999836406661862,0.9668
LightweightSecurePUF,40,1.66,-0.0058,0.9999831798585416,0.96572
LightweightSecurePUF,40,1.67,-0.00572,0.9999836406661862,0.9646
LightweightSecurePUF,40,1.68,-0.00568,0.9999838686698899,0.9634
LightweightSecurePUF,40,1.69,-0.00568,0.99998386866989,0.96204
LightweightSecurePUF,40,1.7,-0.0055,0.9999848748856155,0.96087
LightweightSecurePUF,40,1.71,-0.0059,0.9999825948485302,0.95977
LightweightSecurePUF,40,1.72,-0.00572,0.9999836406661862,0.95846
LightweightSecurePUF,40,1.73,-0.00558,0.9999844316788138,0.95743
LightweightSecurePUF,40,1.74,-0.00532,0.9999858486998704,0.95652
LightweightSecurePUF,40,1.75,-0.005,0.9999874999218737,0.95548
LightweightSecurePUF,40,1.76,-0.00464,0.999989235142059,0.95428
LightweightSecurePUF,40,1.77,-0.00478,0.9999885757347432,0.95327
LightweightSecurePUF,40,1.78,-0.0051,0.999986994915434,0.95201
LightweightSecurePUF,40,1.79,-0.00514,0.9999867901127493,0.95101
LightweightSecurePUF,40,1.8,-0.00502,0.9999873997206163,0.94971
LightweightSecurePUF,40,1.81,-0.00504,0.9999872991193439,0.9487
LightweightSecurePUF,40,1.82,-0.00464,0.999989235142059,0.94746
LightweightSecurePUF,40,1.83,-0.00452,0.9999897847478244,0.94636
LightweightSecurePUF,40,1.84,-0.00496,0.9999876991243444,0.9452
LightweightSecurePUF,40,1.85,-0.00514,0.9999867901127493,0.94423
LightweightSecurePUF,40,1.86,-0.0052,0.9999864799086036,0.94316
LightweightSecurePUF,40,1.87,-0.00546,0.999985094088907,0.94203
LightweightSecurePUF,40,1.88,-0.00528,0.9999860607028478,0.94106
LightweightSecurePUF,40,1.89,-0.00514,0.9999867901127494,0.94001
LightweightSecurePUF,40,1.9,-0.00506,0.9999871981180559,0.93887
LightweightSecurePUF,40,1.91,-0.00498,0.9999875997231167,0.93767
LightweightSecurePUF,40,1.92,-0.00504,0.9999872991193439,0.9364
LightweightSecurePUF,40,1.93,-0.00494,0.9999877981255572,0.93519
LightweightSecurePUF,40,1.94,-0.00498,0.9999875997231168,0.93409
LightweightSecurePUF,40,1.95,-0.0047,0.9999889549390032,0.93297
LightweightSecurePUF,40,1.96,-0.00434,0.9999905821556523,0.93203
LightweightSecurePUF,40,1.97,-0.00438,0.9999904077539944,0.93097
LightweightSecurePUF,40,1.98,-0.0042,0.9999911799611033,0.92982
LightweightSecurePUF,40,1.99,-0.0043,0.9999907549572646,0.92871
LightweightSecurePUF,40,2.0,-0.00444,0.9999901431514212,0.9276
LightweightSecurePUF,40,2.01,-0.00452,0.9999897847478244,0.92654
LightweightSecurePUF,40,2.02,-0.00448,0.9999899647496469,0.92528
LightweightSecurePUF,40,2.03,-0.00398,0.9999920797686351,0.92397
LightweightSecurePUF,40,2.04,-0.00388,0.9999924727716704,0.92288
LightweightSecurePUF,40,2.05,-0.00394,0.999992238169877,0.92193
LightweightSecurePUF,40,2.06,-0.00428,0.9999908407580541,0.9208
LightweightSecurePUF,40,2.07,-0.00442,0.9999902317522907,0.91979
LightweightSecurePUF,40,2.08,-0.00424,0.9999910111596002,0.91876
LightweightSecurePUF,40,2.09,-0.00438,0.9999904077539945,0.91763
LightweightSecurePUF,40,2.1,-0.0047,0.9999889549390033,0.91633
LightweightSecurePUF,40,2.11,-0.00474,0.9999887661369004,0.91523
LightweightSecurePUF,40,2.12,-0.0042,0.9999911799611033,0.91418
LightweightSecurePUF,40,2.13,-0.00396,0.9999921591692607,0.91318
LightweightSecurePUF,40,2.14,-0.00392,0.9999923167704838,0.91226
LightweightSecurePUF,40,2.15,-0.0041,0.9999915949646775,0.91135
LightweightSecurePUF,40,2.16,-0.00412,0.9999915127639833,0.9102
LightweightSecurePUF,40,2.17,-0.00428,0.9999908407580541,0.9091
LightweightSecurePUF,40,2.18,-0.00412,0.9999915127639835,0.90806
LightweightSecurePUF,40,2.19,-0.00428,0.9999908407580541,0.9072
LightweightSecurePUF,40,2.2,-0.00416,0.9999913471625643,0.90624
LightweightSecurePUF,40,2.21,-0.00428,0.9999908407580541,0.90518
LightweightSecurePUF,40,2.22,-0.0042,0.9999911799611033,0.90414
LightweightSecurePUF,40,2.23,-0.00406,0.999991758166036,0.90305
LightweightSecurePUF,40,2.24,-0.0043,0.9999907549572646,0.90227
LightweightSecurePUF,40,2.25,-0.00418,0.999991263761839,0.90111
LightweightSecurePUF,40,2.26,-0.00436,0.999990495154829,0.89988
LightweightSecurePUF,40,2.27,-0.00444,0.9999901431514211,0.89886
LightweightSecurePUF,40,2.28,-0.00464,0.999989235142059,0.89802
LightweightSecurePUF,40,2.29,-0.0047,0.9999889549390032,0.89673
LightweightSecurePUF,40,2.3,-0.00384,0.9999926271728209,0.89572
LightweightSecurePUF,40,2.31,-0.00384,0.999992627172821,0.89462
LightweightSecurePUF,40,2.32,-0.0038,0.9999927799739355,0.89354
LightweightSecurePUF,40,2.33,-0.00376,0.999992931175016,0.89246
LightweightSecurePUF,40,2.34,-0.00424,0.9999910111596003,0.89136
LightweightSecurePUF,40,2.35,-0.00382,0.9999927037733823,0.89031
LightweightSecurePUF,40,2.36,-0.00378,0.9999928557744799,0.88925
LightweightSecurePUF,40,2.37,-0.00396,0.9999921591692607,0.88824
LightweightSecurePUF,40,2.38,-0.004,0.9999919999679996,0.88722
LightweightSecurePUF,40,2.39,-0.00456,0.9999896031459526,0.88624
LightweightSecurePUF,40,2.4,-0.00452,0.9999897847478244,0.88526
LightweightSecurePUF,40,2.41,-0.00448,0.9999899647496469,0.8843
LightweightSecurePUF,40,2.42,-0.00458,0.9999895117449983,0.88341
LightweightSecurePUF,40,2.43,-0.00454,0.9999896941468946,0.88221
LightweightSecurePUF,40,2.44,-0.0042,0.9999911799611034,0.8812
LightweightSecurePUF,40,2.45,-0.0046,0.9999894199440311,0.8802
LightweightSecurePUF,40,2.46,-0.00454,0.9999896941468946,0.87921
LightweightSecurePUF,40,2.47,-0.00454,0.9999896941468946,0.87815
LightweightSecurePUF,40,2.48,-0.0049,0.9999879949279391,0.87705
LightweightSecurePUF,40,2.49,-0.00454,0.9999896941468946,0.87619
LightweightSecurePUF,40,2.5,-0.0046,0.999989419944031,0.87518
LightweightSecurePUF,40,2.51,-0.00502,0.9999873997206163,0.87431
LightweightSecurePUF,40,2.52,-0.00512,0.9999868927140995,0.8733
LightweightSecurePUF,40,2.53,-0.005,0.9999874999218739,0.87232
LightweightSecurePUF,40,2.54,-0.00518,0.9999865837100015,0.87111
LightweightSecurePUF,40,2.55,-0.00516,0.9999866871113836,0.87016
LightweightSecurePUF,40,2.56,-0.00512,0.9999868927140995,0.8691
LightweightSecurePUF,40,2.57,-0.00522,0.9999863757071892,0.86815
LightweightSecurePUF,40,2.58,-0.00526,0.9999861661043117,0.86715
LightweightSecurePUF,40,2.59,-0.005,0.9999874999218737,0.86622
LightweightSecurePUF,40,2.6,-0.00526,0.9999861661043117,0.86523
LightweightSecurePUF,40,2.61,-0.00556,0.9999845430805419,0.86426
LightweightSecurePUF,40,2.62,-0.00548,0.9999849846872703,0.86332
LightweightSecurePUF,40,2.63,-0.00532,0.9999858486998703,0.86224
LightweightSecurePUF,40,2.64,-0.00512,0.9999868927140996,0.86126
LightweightSecurePUF,40,2.65,-0.00508,0.9999870967167526,0.86012
LightweightSecurePUF,40,2.66,-0.00504,0.9999872991193438,0.85904
LightweightSecurePUF,40,2.67,-0.00482,0.999988383732531,0.85785
LightweightSecurePUF,40,2.68,-0.00472,0.9999888607379585,0.8567
LightweightSecurePUF,40,2.69,-0.00448,0.9999899647496469,0.85568
LightweightSecurePUF,40,2.7,-0.00446,0.9999900541505401,0.85455
LightweightSecurePUF,40,2.71,-0.00476,0.9999886711358286,0.85362
LightweightSecurePUF,40,2.72,-0.0044,0.9999903199531485,0.85274
LightweightSecurePUF,40,2.73,-0.00428,0.9999908407580541,0.85196
LightweightSecurePUF,40,2.74,-0.00418,0.9999912637618391,0.85113
LightweightSecurePUF,40,2.75,-0.00414,0.999991430163279,0.85003
LightweightSecurePUF,40,2.76,-0.00428,0.9999908407580541,0.84904
LightweightSecurePUF,40,2.77,-0.00432,0.9999906687564641,0.84804
LightweightSecurePUF,40,2.78,-0.00414,0.999991430163279,0.84705
LightweightSecurePUF,40,2.79,-0.00452,0.9999897847478245,0.84594
LightweightSecurePUF,40,2.8,-0.00478,0.9999885757347431,0.84493
LightweightSecurePUF,40,2.81,-0.00432,0.9999906687564641,0.84398
LightweightSecurePUF,40,2.82,-0.00436,0.9999904951548289,0.84312
LightweightSecurePUF,40,2.83,-0.00406,0.9999917581660358,0.84219
LightweightSecurePUF,40,2.84,-0.00386,0.9999925501722502,0.84107
LightweightSecurePUF,40,2.85,-0.004,0.9999919999679996,0.84012
LightweightSecurePUF,40,2.86,-0.00392,0.9999923167704838,0.839
LightweightSecurePUF,40,2.87,-0.00396,0.9999921591692607,0.8379
LightweightSecurePUF,40,2.88,-0.00402,0.9999919197673548,0.83697
LightweightSecurePUF,40,2.89,-0.00386,0.99999255017225,0.83601
LightweightSecurePUF,40,2.9,-0.00398,0.9999920797686351,0.83501
LightweightSecurePUF,40,2.91,-0.00376,0.9999929311750158,0.83422
LightweightSecurePUF,40,2.92,-0.0036,0.9999935199790048,0.83336
LightweightSecurePUF,40,2.93,-0.00338,0.9999942877836853,0.83217
LightweightSecurePUF,40,2.94,-0.0032,0.999994879986893,0.83114
LightweightSecurePUF,40,2.95,-0.0032,0.9999948799868927,0.83018
LightweightSecurePUF,40,2.96,-0.00354,0.9999937341803696,0.82947
LightweightSecurePUF,40,2.97,-0.00382,0.9999927037733825,0.82859
LightweightSecurePUF,40,2.98,-0.00368,0.9999932287770751,0.82778
LightweightSecurePUF,40,2.99,-0.00362,0.9999934477785342,0.82705
LightweightSecurePUF,40,3.0,-0.0039,0.9999923949710816,0.82611
