PUF,Temperature,Vdd,Bias,Std,Reliability
PermutationPUF,0,0.5,-0.0081,0.9999671944618983,0.90032
PermutationPUF,0,0.51,-0.00826,0.9999658856181044,0.90116
PermutationPUF,0,0.52,-0.00838,0.9999648871835451,0.90204
PermutationPUF,0,0.53,-0.00804,0.999967678677666,0.90311
PermutationPUF,0,0.54,-0.0081,0.9999671944618984,0.90426
PermutationPUF,0,0.55,-0.00796,0.9999683186981475,0.90517
PermutationPUF,0,0.56,-0.0082,0.9999663794348288,0.90619
PermutationPUF,0,0.57,-0.00804,0.9999676786776661,0.90723
PermutationPUF,0,0.58,-0.00764,0.9999708147741114,0.90819
PermutationPUF,0,0.59,-0.00756,0.9999714227916716,0.90903
PermutationPUF,0,0.6,-0.00732,0.999973208441106,0.91001
PermutationPUF,0,0.61,-0.0073,0.9999733546450126,0.91106
PermutationPUF,0,0.62,-0.00734,0.9999730618371677,0.91214
PermutationPUF,0,0.63,-0.00756,0.9999714227916717,0.91325
PermutationPUF,0,0.64,-0.00706,0.9999750778894444,0.91416
PermutationPUF,0,0.65,-0.0071,0.9999747946823461,0.91516
PermutationPUF,0,0.66,-0.00692,0.9999760565133545,0.91613
PermutationPUF,0,0.67,-0.00662,0.9999780875599226,0.91722
PermutationPUF,0,0.68,-0.0065,0.9999788747768625,0.91828
PermutationPUF,0,0.69,-0.00662,0.9999780875599226,0.9191
PermutationPUF,0,0.7,-0.00692,0.9999760565133544,0.92019
PermutationPUF,0,0.71,-0.00652,0.9999787445741034,0.92119
PermutationPUF,0,0.72,-0.00652,0.9999787445741035,0.92237
PermutationPUF,0,0.73,-0.00628,0.9999802806055729,0.92347
PermutationPUF,0,0.74,-0.00636,0.9999797749954745,0.92453
PermutationPUF,0,0.75,-0.00632,0.9999800286005717,0.92549
PermutationPUF,0,0.76,-0.00644,0.9999792629849883,0.92655
PermutationPUF,0,0.77,-0.00638,0.9999796475928897,0.92764
PermutationPUF,0,0.78,-0.00636,0.9999797749954745,0.92871
PermutationPUF,0,0.79,-0.00642,0.9999793915876469,0.92976
PermutationPUF,0,0.8,-0.0064,0.9999795197902804,0.93073
PermutationPUF,0,0.81,-0.00574,0.9999835260643049,0.93182
PermutationPUF,0,0.82,-0.0055,0.9999848748856156,0.93306
PermutationPUF,0,0.83,-0.0055,0.9999848748856156,0.93436
PermutationPUF,0,0.84,-0.00522,0.9999863757071892,0.93546
PermutationPUF,0,0.85,-0.00504,0.9999872991193439,0.93677
PermutationPUF,0,0.86,-0.00518,0.9999865837100015,0.93804
PermutationPUF,0,0.87,-0.00512,0.9999868927140995,0.93945
PermutationPUF,0,0.88,-0.00512,0.9999868927140995,0.94059
PermutationPUF,0,0.89,-0.00526,0.9999861661043116,0.94168
PermutationPUF,0,0.9,-0.00538,0.999985527695276,0.94274
PermutationPUF,0,0.91,-0.00514,0.9999867901127493,0.94382
PermutationPUF,0,0.92,-0.00448,0.9999899647496466,0.94495
PermutationPUF,0,0.93,-0.0043,0.9999907549572646,0.94612
PermutationPUF,0,0.94,-0.00428,0.9999908407580541,0.94723
PermutationPUF,0,0.95,-0.004,0.9999919999679996,0.94847
PermutationPUF,0,0.96,-0.00416,0.9999913471625643,0.94961
PermutationPUF,0,0.97,-0.0043,0.9999907549572647,0.9507
PermutationPUF,0,0.98,-0.00464,0.999989235142059,0.95191
PermutationPUF,0,0.99,-0.00456,0.9999896031459528,0.95303
PermutationPUF,0,1.0,-0.0045,0.9999898749487417,0.9541
PermutationPUF,0,1.01,-0.0043,0.9999907549572647,0.95546
PermutationPUF,0,1.02,-0.00422,0.9999910957603572,0.95668
PermutationPUF,0,1.03,-0.00394,0.9999922381698769,0.95806
PermutationPUF,0,1.04,-0.00388,0.9999924727716702,0.95933
PermutationPUF,0,1.05,-0.00384,0.9999926271728209,0.96063
PermutationPUF,0,1.06,-0.00376,0.9999929311750159,0.96201
PermutationPUF,0,1.07,-0.00386,0.99999255017225,0.9632
PermutationPUF,0,1.08,-0.00434,0.9999905821556523,0.9643
PermutationPUF,0,1.09,-0.00424,0.9999910111596003,0.96551
PermutationPUF,0,1.1,-0.0042,0.9999911799611034,0.96671
PermutationPUF,0,1.11,-0.0042,0.9999911799611032,0.96799
PermutationPUF,0,1.12,-0.00446,0.9999900541505399,0.96928
PermutationPUF,0,1.13,-0.00444,0.9999901431514211,0.97073
PermutationPUF,0,1.14,-0.00458,0.9999895117449983,0.97192
PermutationPUF,0,1.15,-0.0049,0.9999879949279391,0.97322
PermutationPUF,0,1.16,-0.00458,0.9999895117449982,0.9745
PermutationPUF,0,1.17,-0.00496,0.9999876991243444,0.97585
PermutationPUF,0,1.18,-0.00492,0.9999878967267554,0.97695
PermutationPUF,0,1.19,-0.00498,0.9999875997231167,0.97804
PermutationPUF,0,1.2,-0.0048,0.9999884799336439,0.97917
PermutationPUF,0,1.21,-0.00512,0.9999868927140995,0.98051
PermutationPUF,0,1.22,-0.00504,0.9999872991193439,0.98199
PermutationPUF,0,1.23,-0.00526,0.9999861661043118,0.98338
PermutationPUF,0,1.24,-0.00492,0.9999878967267554,0.98469
PermutationPUF,0,1.25,-0.00468,0.9999890487400349,0.98601
PermutationPUF,0,1.26,-0.00466,0.9999891421410535,0.9873
PermutationPUF,0,1.27,-0.00478,0.9999885757347432,0.98874
PermutationPUF,0,1.28,-0.00444,0.9999901431514213,0.99017
PermutationPUF,0,1.29,-0.00394,0.9999922381698768,0.99172
PermutationPUF,0,1.3,-0.00404,0.9999918391667004,0.99301
PermutationPUF,0,1.31,-0.004,0.9999919999679996,0.99437
PermutationPUF,0,1.32,-0.0043,0.9999907549572646,0.99576
PermutationPUF,0,1.33,-0.00428,0.999990840758054,0.99717
PermutationPUF,0,1.34,-0.00396,0.9999921591692607,0.99847
PermutationPUF,0,1.35,-0.00426,0.9999909261588326,1.0
PermutationPUF,0,1.36,-0.00394,0.999992238169877,0.99856
PermutationPUF,0,1.37,-0.00414,0.9999914301632788,0.9973
PermutationPUF,0,1.38,-0.00418,0.9999912637618391,0.99574
PermutationPUF,0,1.39,-0.00418,0.9999912637618391,0.99442
PermutationPUF,0,1.4,-0.00432,0.9999906687564641,0.99307
PermutationPUF,0,1.41,-0.00416,0.9999913471625641,0.99155
PermutationPUF,0,1.42,-0.00388,0.9999924727716702,0.99029
PermutationPUF,0,1.43,-0.00388,0.9999924727716702,0.98913
PermutationPUF,0,1.44,-0.0038,0.9999927799739355,0.98789
PermutationPUF,0,1.45,-0.0038,0.9999927799739355,0.98641
PermutationPUF,0,1.46,-0.00386,0.9999925501722501,0.98504
PermutationPUF,0,1.47,-0.0039,0.9999923949710818,0.98362
PermutationPUF,0,1.48,-0.00356,0.9999936631799223,0.98227
PermutationPUF,0,1.49,-0.00318,0.9999949437872174,0.9809
PermutationPUF,0,1.5,-0.00316,0.999995007187536,0.97947
PermutationPUF,0,1.51,-0.00298,0.9999955597901422,0.97786
PermutationPUF,0,1.52,-0.00254,0.999996774194797,0.9764
PermutationPUF,0,1.53,-0.00262,0.9999965677941101,0.97504
PermutationPUF,0,1.54,-0.00282,0.9999960237920948,0.97378
PermutationPUF,0,1.55,-0.00288,0.9999958527914004,0.97255
PermutationPUF,0,1.56,-0.00294,0.9999956781906609,0.97112
PermutationPUF,0,1.57,-0.00274,0.9999962461929546,0.96994
PermutationPUF,0,1.58,-0.00314,0.9999950701878484,0.96834
PermutationPUF,0,1.59,-0.00298,0.9999955597901421,0.96712
PermutationPUF,0,1.6,-0.00286,0.9999959101916367,0.96602
PermutationPUF,0,1.61,-0.00292,0.9999957367909124,0.96471
PermutationPUF,0,1.62,-0.0026,0.9999966199942877,0.96319
PermutationPUF,0,1.63,-0.00246,0.9999969741954221,0.96196
PermutationPUF,0,1.64,-0.00256,0.9999967231946313,0.96061
PermutationPUF,0,1.65,-0.00274,0.9999962461929546,0.95926
PermutationPUF,0,1.66,-0.00296,0.9999956191904043,0.95791
PermutationPUF,0,1.67,-0.0032,0.9999948799868928,0.95669
PermutationPUF,0,1.68,-0.00318,0.9999949437872174,0.95524
PermutationPUF,0,1.69,-0.00344,0.9999940831824957,0.95405
PermutationPUF,0,1.7,-0.00272,0.9999963007931579,0.95265
PermutationPUF,0,1.71,-0.00294,0.9999956781906609,0.95136
PermutationPUF,0,1.72,-0.00314,0.9999950701878484,0.9501
PermutationPUF,0,1.73,-0.00278,0.9999961357925339,0.94882
PermutationPUF,0,1.74,-0.00294,0.9999956781906609,0.94756
PermutationPUF,0,1.75,-0.00298,0.9999955597901421,0.9461
PermutationPUF,0,1.76,-0.00328,0.999994620785532,0.94479
PermutationPUF,0,1.77,-0.00286,0.9999959101916366,0.94372
PermutationPUF,0,1.78,-0.00338,0.9999942877836854,0.9424
PermutationPUF,0,1.79,-0.0032,0.999994879986893,0.94113
PermutationPUF,0,1.8,-0.00298,0.9999955597901421,0.93958
PermutationPUF,0,1.81,-0.0029,0.999995794991159,0.93832
PermutationPUF,0,1.82,-0.0027,0.9999963549933569,0.9369
PermutationPUF,0,1.83,-0.00222,0.9999975357969639,0.93544
PermutationPUF,0,1.84,-0.002,0.999997999998,0.93411
PermutationPUF,0,1.85,-0.00188,0.9999982327984387,0.93261
PermutationPUF,0,1.86,-0.00164,0.9999986551990959,0.93127
PermutationPUF,0,1.87,-0.00156,0.9999987831992597,0.92997
PermutationPUF,0,1.88,-0.00172,0.999998520798906,0.92875
PermutationPUF,0,1.89,-0.00186,0.999998270198504,0.92764
PermutationPUF,0,1.9,-0.00178,0.9999984157987452,0.92652
PermutationPUF,0,1.91,-0.00162,0.9999986877991393,0.92492
PermutationPUF,0,1.92,-0.00136,0.9999990751995724,0.92371
PermutationPUF,0,1.93,-0.00148,0.9999989047994002,0.92233
PermutationPUF,0,1.94,-0.00122,0.9999992557997232,0.92108
PermutationPUF,0,1.95,-0.00126,0.9999992061996849,0.91966
PermutationPUF,0,1.96,-0.00084,0.9999996471999376,0.91843
PermutationPUF,0,1.97,-0.00086,0.9999996301999317,0.91712
PermutationPUF,0,1.98,-0.00112,0.9999993727998032,0.91595
PermutationPUF,0,1.99,-0.00108,0.9999994167998301,0.91485
PermutationPUF,0,2.0,-0.00092,0.9999995767999105,0.91359
PermutationPUF,0,2.01,-0.00082,0.9999996637999435,0.9124
PermutationPUF,0,2.02,-0.0006,0.9999998199999838,0.91099
PermutationPUF,0,2.03,-0.00034,0.9999999421999983,0.90952
PermutationPUF,0,2.04,8e-05,0.9999999968,0.90821
PermutationPUF,0,2.05,0.0001,0.9999999949999999,0.90708
PermutationPUF,0,2.06,0.00024,0.9999999711999997,0.90597
PermutationPUF,0,2.07,0.00074,0.9999997261999625,0.90462
PermutationPUF,0,2.08,0.00076,0.9999997111999585,0.90327
PermutationPUF,0,2.09,0.00084,0.9999996471999377,0.90201
PermutationPUF,0,2.1,0.00082,0.9999996637999435,0.90074
PermutationPUF,0,2.11,0.00062,0.9999998077999818,0.89922
PermutationPUF,0,2.12,0.0007,0.99999975499997,0.89786
PermutationPUF,0,2.13,0.00048,0.9999998847999935,0.89661
PermutationPUF,0,2.14,0.00036,0.999999935199998,0.89521
PermutationPUF,0,2.15,0.00064,0.9999997951999792,0.89397
PermutationPUF,0,2.16,0.00066,0.9999997821999764,0.89292
PermutationPUF,0,2.17,0.00076,0.9999997111999586,0.89175
PermutationPUF,0,2.18,0.00088,0.9999996127999249,0.89063
PermutationPUF,0,2.19,0.00098,0.9999995197998847,0.88952
PermutationPUF,0,2.2,0.00138,0.9999990477995465,0.88852
PermutationPUF,0,2.21,0.00128,0.9999991807996644,0.88743
PermutationPUF,0,2.22,0.00132,0.9999991287996206,0.88645
PermutationPUF,0,2.23,0.00114,0.9999993501997889,0.88552
PermutationPUF,0,2.24,0.00122,0.9999992557997232,0.88438
PermutationPUF,0,2.25,0.00144,0.9999989631994627,0.88307
PermutationPUF,0,2.26,0.00202,0.9999979597979188,0.8817
PermutationPUF,0,2.27,0.00232,0.9999973087963786,0.88033
PermutationPUF,0,2.28,0.00254,0.999996774194797,0.87916
PermutationPUF,0,2.29,0.0027,0.9999963549933569,0.87764
PermutationPUF,0,2.3,0.00256,0.9999967231946313,0.87633
PermutationPUF,0,2.31,0.00236,0.9999972151961223,0.87527
PermutationPUF,0,2.32,0.00206,0.9999978781977492,0.87406
PermutationPUF,0,2.33,0.00228,0.9999974007966221,0.87307
PermutationPUF,0,2.34,0.002,0.9999979999979999,0.87185
PermutationPUF,0,2.35,0.00216,0.9999976671972792,0.87055
PermutationPUF,0,2.36,0.00214,0.9999977101973784,0.86926
PermutationPUF,0,2.37,0.0023,0.9999973549965021,0.86824
PermutationPUF,0,2.38,0.00216,0.9999976671972792,0.86711
PermutationPUF,0,2.39,0.00194,0.9999981181982296,0.8657
PermutationPUF,0,2.4,0.00228,0.9999974007966222,0.86461
PermutationPUF,0,2.41,0.00222,0.9999975357969639,0.86334
PermutationPUF,0,2.42,0.00206,0.999997878197749,0.86234
PermutationPUF,0,2.43,0.00238,0.9999971677959894,0.86136
PermutationPUF,0,2.44,0.00226,0.999997446196739,0.86004
PermutationPUF,0,2.45,0.00212,0.9999977527974749,0.85885
PermutationPUF,0,2.46,0.00236,0.9999972151961223,0.85763
PermutationPUF,0,2.47,0.0024,0.9999971199958526,0.85653
PermutationPUF,0,2.48,0.00258,0.9999966717944614,0.8554
PermutationPUF,0,2.49,0.00262,0.9999965677941101,0.85416
PermutationPUF,0,2.5,0.00256,0.9999967231946314,0.85295
PermutationPUF,0,2.51,0.0025,0.999996874995117,0.85162
PermutationPUF,0,2.52,0.00256,0.9999967231946313,0.85033
PermutationPUF,0,2.53,0.00206,0.999997878197749,0.84928
PermutationPUF,0,2.54,0.00192,0.9999981567983012,0.84787
PermutationPUF,0,2.55,0.0014,0.9999990199995199,0.84663
PermutationPUF,0,2.56,0.00132,0.9999991287996206,0.84551
PermutationPUF,0,2.57,0.00134,0.9999991021995969,0.84446
PermutationPUF,0,2.58,0.00124,0.9999992311997045,0.84313
PermutationPUF,0,2.59,0.00116,0.9999993271997738,0.84181
PermutationPUF,0,2.6,0.00092,0.9999995767999105,0.84077
PermutationPUF,0,2.61,0.0011,0.999999394999817,0.83972
PermutationPUF,0,2.62,0.00086,0.9999996301999315,0.83882
PermutationPUF,0,2.63,0.00086,0.9999996301999315,0.8376
PermutationPUF,0,2.64,0.0011,0.9999993949998173,0.8366
PermutationPUF,0,2.65,0.00122,0.9999992557997232,0.8356
PermutationPUF,0,2.66,0.00124,0.9999992311997045,0.83437
PermutationPUF,0,2.67,0.00142,0.9999989917994918,0.83316
PermutationPUF,0,2.68,0.00162,0.9999986877991393,0.83208
PermutationPUF,0,2.69,0.00148,0.9999989047994002,0.83109
PermutationPUF,0,2.7,0.00156,0.9999987831992596,0.82995
PermutationPUF,0,2.71,0.00114,0.9999993501997888,0.82878
PermutationPUF,0,2.72,0.00134,0.9999991021995969,0.82774
PermutationPUF,0,2.73,0.00142,0.9999989917994918,0.8267
PermutationPUF,0,2.74,0.00166,0.9999986221990508,0.82546
PermutationPUF,0,2.75,0.00152,0.9999988447993328,0.82433
PermutationPUF,0,2.76,0.00162,0.9999986877991391,0.82342
PermutationPUF,0,2.77,0.00198,0.9999980397980789,0.82234
PermutationPUF,0,2.78,0.00204,0.999997919197835,0.82117
PermutationPUF,0,2.79,0.00226,0.9999974461967389,0.81998
PermutationPUF,0,2.8,0.00216,0.9999976671972792,0.81891
PermutationPUF,0,2.81,0.00198,0.9999980397980789,0.81792
PermutationPUF,0,2.82,0.00158,0.9999987517992208,0.8167
PermutationPUF,0,2.83,0.00202,0.9999979597979187,0.81554
PermutationPUF,0,2.84,0.00232,0.9999973087963786,0.81453
PermutationPUF,0,2.85,0.00226,0.999997446196739,0.81344
PermutationPUF,0,2.86,0.00262,0.9999965677941101,0.8122
PermutationPUF,0,2.87,0.0028,0.9999960799923167,0.81119
PermutationPUF,0,2.88,0.003,0.9999954999898749,0.81011
PermutationPUF,0,2.89,0.00316,0.9999950071875359,0.80905
PermutationPUF,0,2.9,0.00334,0.9999944221844439,0.80804
PermutationPUF,0,2.91,0.00342,0.9999941517828991,0.80704
PermutationPUF,0,2.92,0.00338,0.9999942877836852,0.80598
PermutationPUF,0,2.93,0.00314,0.9999950701878484,0.80486
PermutationPUF,0,2.94,0.00362,0.9999934477785343,0.80374
PermutationPUF,0,2.95,0.00342,0.9999941517828991,0.80292
PermutationPUF,0,2.96,0.00324,0.999994751186225,0.80173
PermutationPUF,0,2.97,0.00402,0.9999919197673547,0.8004
PermutationPUF,0,2.98,0.00412,0.9999915127639836,0.79957
PermutationPUF,0,2.99,0.00416,0.9999913471625642,0.79849
PermutationPUF,0,3.0,0.0044,0.9999903199531486,0.79745
PermutationPUF,5,0.5,-0.00784,0.999969266727733,0.90281
PermutationPUF,5,0.51,-0.00808,0.9999673562671935,0.90381
PermutationPUF,5,0.52,-0.0082,0.9999663794348288,0.90467
PermutationPUF,5,0.53,-0.00826,0.9999658856181044,0.90556
PermutationPUF,5,0.54,-0.00808,0.9999673562671934,0.90657
PermutationPUF,5,0.55,-0.00804,0.999967678677666,0.90771
PermutationPUF,5,0.56,-0.0082,0.9999663794348288,0.90851
PermutationPUF,5,0.57,-0.0082,0.9999663794348289,0.90963
PermutationPUF,5,0.58,-0.00824,0.9999660506237199,0.91055
PermutationPUF,5,0.59,-0.0077,0.9999703545605741,0.91156
PermutationPUF,5,0.6,-0.00764,0.9999708147741114,0.91237
PermutationPUF,5,0.61,-0.00736,0.999972914833197,0.91337
PermutationPUF,5,0.62,-0.00724,0.9999737908565404,0.91419
PermutationPUF,5,0.63,-0.00744,0.9999723228169869,0.91539
PermutationPUF,5,0.64,-0.00764,0.9999708147741114,0.91645
PermutationPUF,5,0.65,-0.00716,0.9999743668714712,0.91749
PermutationPUF,5,0.66,-0.00698,0.999975639503283,0.91836
PermutationPUF,5,0.67,-0.00678,0.9999770155358573,0.91942
PermutationPUF,5,0.68,-0.00654,0.9999786139713188,0.9204
PermutationPUF,5,0.69,-0.0067,0.9999775547481053,0.92144
PermutationPUF,5,0.7,-0.0065,0.9999788747768624,0.92242
PermutationPUF,5,0.71,-0.00668,0.9999776885510997,0.92337
PermutationPUF,5,0.72,-0.0069,0.9999761947166541,0.92434
PermutationPUF,5,0.73,-0.00652,0.9999787445741036,0.92537
PermutationPUF,5,0.74,-0.00624,0.999980531010479,0.92655
PermutationPUF,5,0.75,-0.00648,0.9999790045795961,0.92765
PermutationPUF,5,0.76,-0.00626,0.999980406008038,0.92864
PermutationPUF,5,0.77,-0.00624,0.999980531010479,0.92953
PermutationPUF,5,0.78,-0.0063,0.9999801548030842,0.93064
PermutationPUF,5,0.79,-0.00616,0.999981027020013,0.93171
PermutationPUF,5,0.8,-0.00638,0.9999796475928897,0.93272
PermutationPUF,5,0.81,-0.0064,0.9999795197902804,0.93371
PermutationPUF,5,0.82,-0.00616,0.9999810270200129,0.93481
PermutationPUF,5,0.83,-0.0056,0.9999843198770668,0.93583
PermutationPUF,5,0.84,-0.00546,0.9999850940889068,0.93708
PermutationPUF,5,0.85,-0.0055,0.9999848748856156,0.93834
PermutationPUF,5,0.86,-0.00518,0.9999865837100015,0.9394
PermutationPUF,5,0.87,-0.00504,0.9999872991193439,0.94073
PermutationPUF,5,0.88,-0.00518,0.9999865837100015,0.94198
PermutationPUF,5,0.89,-0.00512,0.9999868927140995,0.94335
PermutationPUF,5,0.9,-0.00512,0.9999868927140995,0.94449
PermutationPUF,5,0.91,-0.00524,0.9999862711057587,0.94555
PermutationPUF,5,0.92,-0.00546,0.999985094088907,0.9466
PermutationPUF,5,0.93,-0.00522,0.9999863757071892,0.94762
PermutationPUF,5,0.94,-0.00462,0.9999893277430516,0.94876
PermutationPUF,5,0.95,-0.0044,0.9999903199531484,0.94985
PermutationPUF,5,0.96,-0.00434,0.9999905821556523,0.951
PermutationPUF,5,0.97,-0.00402,0.9999919197673548,0.95214
PermutationPUF,5,0.98,-0.00402,0.9999919197673547,0.95336
PermutationPUF,5,0.99,-0.00428,0.9999908407580541,0.95447
PermutationPUF,5,1.0,-0.0046,0.999989419944031,0.95561
PermutationPUF,5,1.01,-0.00464,0.9999892351420588,0.95673
PermutationPUF,5,1.02,-0.0044,0.9999903199531484,0.95777
PermutationPUF,5,1.03,-0.0044,0.9999903199531486,0.95909
PermutationPUF,5,1.04,-0.0043,0.9999907549572646,0.96028
PermutationPUF,5,1.05,-0.00392,0.9999923167704838,0.96169
PermutationPUF,5,1.06,-0.00396,0.9999921591692607,0.96285
PermutationPUF,5,1.07,-0.00392,0.9999923167704838,0.96409
PermutationPUF,5,1.08,-0.00378,0.9999928557744799,0.96552
PermutationPUF,5,1.09,-0.00384,0.9999926271728209,0.96681
PermutationPUF,5,1.1,-0.0042,0.9999911799611033,0.96789
PermutationPUF,5,1.11,-0.00438,0.9999904077539944,0.96914
PermutationPUF,5,1.12,-0.00438,0.9999904077539944,0.97028
PermutationPUF,5,1.13,-0.0042,0.9999911799611034,0.97145
PermutationPUF,5,1.14,-0.00426,0.9999909261588326,0.97266
PermutationPUF,5,1.15,-0.00446,0.99999005415054,0.97404
PermutationPUF,5,1.16,-0.00458,0.9999895117449983,0.97534
PermutationPUF,5,1.17,-0.00482,0.9999883837325311,0.9766
PermutationPUF,5,1.18,-0.00472,0.9999888607379585,0.97771
PermutationPUF,5,1.19,-0.00456,0.9999896031459528,0.97915
PermutationPUF,5,1.2,-0.00474,0.9999887661369005,0.9804
PermutationPUF,5,1.21,-0.00504,0.9999872991193439,0.98147
PermutationPUF,5,1.22,-0.0048,0.9999884799336439,0.98253
PermutationPUF,5,1.23,-0.00498,0.9999875997231167,0.98374
PermutationPUF,5,1.24,-0.00522,0.9999863757071893,0.98504
PermutationPUF,5,1.25,-0.0052,0.9999864799086036,0.98655
PermutationPUF,5,1.26,-0.00524,0.9999862711057586,0.98787
PermutationPUF,5,1.27,-0.00484,0.9999882871314044,0.98909
PermutationPUF,5,1.28,-0.0047,0.9999889549390032,0.99036
PermutationPUF,5,1.29,-0.00442,0.9999902317522908,0.99178
PermutationPUF,5,1.3,-0.00478,0.9999885757347432,0.99314
PermutationPUF,5,1.31,-0.00438,0.9999904077539943,0.99458
PermutationPUF,5,1.32,-0.00388,0.9999924727716704,0.99607
PermutationPUF,5,1.33,-0.00408,0.9999916767653622,0.99733
PermutationPUF,5,1.34,-0.004,0.9999919999679996,0.99865
PermutationPUF,5,1.35,-0.0043,0.9999907549572646,1.0
PermutationPUF,5,1.36,-0.00432,0.9999906687564641,0.99861
PermutationPUF,5,1.37,-0.00402,0.9999919197673548,0.99736
PermutationPUF,5,1.38,-0.0042,0.9999911799611034,0.99591
PermutationPUF,5,1.39,-0.00388,0.9999924727716704,0.99445
PermutationPUF,5,1.4,-0.00408,0.9999916767653622,0.99319
PermutationPUF,5,1.41,-0.00408,0.9999916767653622,0.99181
PermutationPUF,5,1.42,-0.00396,0.9999921591692607,0.99047
PermutationPUF,5,1.43,-0.00428,0.9999908407580541,0.98911
PermutationPUF,5,1.44,-0.00414,0.999991430163279,0.98762
PermutationPUF,5,1.45,-0.00396,0.9999921591692607,0.98641
PermutationPUF,5,1.46,-0.004,0.9999919999679996,0.98525
PermutationPUF,5,1.47,-0.00374,0.9999930061755431,0.984
PermutationPUF,5,1.48,-0.00372,0.9999930807760622,0.98271
PermutationPUF,5,1.49,-0.0038,0.9999927799739354,0.98129
PermutationPUF,5,1.5,-0.00388,0.9999924727716702,0.97995
PermutationPUF,5,1.51,-0.00372,0.9999930807760622,0.97867
PermutationPUF,5,1.52,-0.00332,0.9999944887848132,0.97731
PermutationPUF,5,1.53,-0.00326,0.9999946861858816,0.97578
PermutationPUF,5,1.54,-0.00306,0.9999953181890404,0.9744
PermutationPUF,5,1.55,-0.0026,0.9999966199942877,0.97289
PermutationPUF,5,1.56,-0.00246,0.9999969741954222,0.97166
PermutationPUF,5,1.57,-0.0027,0.999996354993357,0.97028
PermutationPUF,5,1.58,-0.0029,0.999995794991159,0.9691
PermutationPUF,5,1.59,-0.00304,0.999995379189324,0.96789
PermutationPUF,5,1.6,-0.00274,0.9999962461929545,0.96658
PermutationPUF,5,1.61,-0.00288,0.9999958527914004,0.96523
PermutationPUF,5,1.62,-0.00294,0.9999956781906609,0.9639
PermutationPUF,5,1.63,-0.00294,0.999995678190661,0.96254
PermutationPUF,5,1.64,-0.0028,0.9999960799923167,0.96153
PermutationPUF,5,1.65,-0.00294,0.9999956781906609,0.96022
PermutationPUF,5,1.66,-0.00266,0.999996462193742,0.95886
PermutationPUF,5,1.67,-0.00254,0.999996774194797,0.95764
PermutationPUF,5,1.68,-0.00268,0.9999964087935518,0.95621
PermutationPUF,5,1.69,-0.00264,0.9999965151939282,0.95495
PermutationPUF,5,1.7,-0.00314,0.9999950701878485,0.95368
PermutationPUF,5,1.71,-0.00316,0.999995007187536,0.95241
PermutationPUF,5,1.72,-0.00318,0.9999949437872174,0.9511
PermutationPUF,5,1.73,-0.0035,0.9999938749812421,0.94988
PermutationPUF,5,1.74,-0.00276,0.9999961911927466,0.94867
PermutationPUF,5,1.75,-0.00294,0.999995678190661,0.94734
PermutationPUF,5,1.76,-0.00312,0.9999951327881552,0.94619
PermutationPUF,5,1.77,-0.00274,0.9999962461929546,0.9449
PermutationPUF,5,1.78,-0.00294,0.9999956781906609,0.94368
PermutationPUF,5,1.79,-0.00294,0.9999956781906609,0.94226
PermutationPUF,5,1.8,-0.00336,0.9999943551840679,0.94103
PermutationPUF,5,1.81,-0.00292,0.9999957367909125,0.93991
PermutationPUF,5,1.82,-0.0033,0.9999945549851761,0.93868
PermutationPUF,5,1.83,-0.00328,0.9999946207855321,0.93743
PermutationPUF,5,1.84,-0.00288,0.9999958527914004,0.93597
PermutationPUF,5,1.85,-0.0029,0.999995794991159,0.93472
PermutationPUF,5,1.86,-0.00266,0.999996462193742,0.9333
PermutationPUF,5,1.87,-0.00224,0.9999974911968531,0.93205
PermutationPUF,5,1.88,-0.002,0.9999979999979999,0.93065
PermutationPUF,5,1.89,-0.0018,0.9999983799986877,0.92933
PermutationPUF,5,1.9,-0.00174,0.9999984861988542,0.92786
PermutationPUF,5,1.91,-0.00158,0.9999987517992208,0.92654
PermutationPUF,5,1.92,-0.0017,0.9999985549989561,0.92544
PermutationPUF,5,1.93,-0.0017,0.9999985549989561,0.9243
PermutationPUF,5,1.94,-0.00182,0.9999983437986283,0.9232
PermutationPUF,5,1.95,-0.0017,0.9999985549989561,0.92186
PermutationPUF,5,1.96,-0.00144,0.9999989631994627,0.92049
PermutationPUF,5,1.97,-0.00128,0.9999991807996642,0.91927
PermutationPUF,5,1.98,-0.00138,0.9999990477995464,0.91796
PermutationPUF,5,1.99,-0.00134,0.9999991021995968,0.91662
PermutationPUF,5,2.0,-0.0011,0.9999993949998172,0.91536
PermutationPUF,5,2.01,-0.00086,0.9999996301999318,0.91414
PermutationPUF,5,2.02,-0.00102,0.9999994797998647,0.91292
PermutationPUF,5,2.03,-0.00126,0.9999992061996849,0.91184
PermutationPUF,5,2.04,-0.00114,0.9999993501997889,0.91082
PermutationPUF,5,2.05,-0.00076,0.9999997111999585,0.90951
PermutationPUF,5,2.06,-0.0008,0.9999996799999488,0.90811
PermutationPUF,5,2.07,-0.00066,0.9999997821999762,0.90684
PermutationPUF,5,2.08,-0.00028,0.9999999607999992,0.90547
PermutationPUF,5,2.09,0.0002,0.9999999799999999,0.90429
PermutationPUF,5,2.1,0.00022,0.9999999757999996,0.90314
PermutationPUF,5,2.11,0.00032,0.9999999487999989,0.90199
PermutationPUF,5,2.12,0.00088,0.9999996127999249,0.90071
PermutationPUF,5,2.13,0.001,0.999999499999875,0.89953
PermutationPUF,5,2.14,0.00102,0.9999994797998647,0.89816
PermutationPUF,5,2.15,0.00062,0.9999998077999818,0.89688
PermutationPUF,5,2.16,0.00076,0.9999997111999586,0.89551
PermutationPUF,5,2.17,0.00066,0.9999997821999764,0.89416
PermutationPUF,5,2.18,0.00062,0.9999998077999817,0.89294
PermutationPUF,5,2.19,0.0003,0.9999999549999988,0.89164
PermutationPUF,5,2.2,0.0006,0.9999998199999839,0.89039
PermutationPUF,5,2.21,0.00064,0.9999997951999792,0.88941
PermutationPUF,5,2.22,0.00078,0.9999996957999536,0.88828
PermutationPUF,5,2.23,0.00088,0.9999996127999249,0.88719
PermutationPUF,5,2.24,0.00094,0.9999995581999024,0.8861
PermutationPUF,5,2.25,0.00146,0.999998934199432,0.88512
PermutationPUF,5,2.26,0.00124,0.9999992311997046,0.88407
PermutationPUF,5,2.27,0.00128,0.9999991807996643,0.88311
PermutationPUF,5,2.28,0.0012,0.9999992799997408,0.88225
PermutationPUF,5,2.29,0.0012,0.9999992799997409,0.88109
PermutationPUF,5,2.3,0.0013,0.9999991549996431,0.87982
PermutationPUF,5,2.31,0.00214,0.9999977101973784,0.87846
PermutationPUF,5,2.32,0.0023,0.9999973549965021,0.8772
PermutationPUF,5,2.33,0.00238,0.9999971677959895,0.87598
PermutationPUF,5,2.34,0.00284,0.9999959671918682,0.87451
PermutationPUF,5,2.35,0.0025,0.999996874995117,0.87336
PermutationPUF,5,2.36,0.00252,0.9999968247949593,0.87225
PermutationPUF,5,2.37,0.00204,0.999997919197835,0.87105
PermutationPUF,5,2.38,0.00222,0.9999975357969639,0.86998
PermutationPUF,5,2.39,0.002,0.999997999998,0.86885
PermutationPUF,5,2.4,0.00222,0.999997535796964,0.86762
PermutationPUF,5,2.41,0.00202,0.9999979597979188,0.86638
PermutationPUF,5,2.42,0.0023,0.9999973549965021,0.8652
PermutationPUF,5,2.43,0.00218,0.999997623797177,0.86428
PermutationPUF,5,2.44,0.00192,0.9999981567983013,0.86307
PermutationPUF,5,2.45,0.00204,0.9999979191978351,0.86175
PermutationPUF,5,2.46,0.00216,0.9999976671972792,0.86057
PermutationPUF,5,2.47,0.00232,0.9999973087963786,0.85945
PermutationPUF,5,2.48,0.00212,0.9999977527974749,0.85853
PermutationPUF,5,2.49,0.00238,0.9999971677959894,0.85744
PermutationPUF,5,2.5,0.00224,0.9999974911968531,0.85629
PermutationPUF,5,2.51,0.00198,0.9999980397980789,0.85506
PermutationPUF,5,2.52,0.0024,0.9999971199958526,0.85385
PermutationPUF,5,2.53,0.00248,0.9999969247952715,0.85271
PermutationPUF,5,2.54,0.0025,0.9999968749951171,0.85168
PermutationPUF,5,2.55,0.00272,0.9999963007931579,0.85037
PermutationPUF,5,2.56,0.00256,0.9999967231946315,0.84929
PermutationPUF,5,2.57,0.00244,0.9999970231955695,0.84791
PermutationPUF,5,2.58,0.0024,0.9999971199958527,0.84685
PermutationPUF,5,2.59,0.00218,0.9999976237971769,0.84572
PermutationPUF,5,2.6,0.00186,0.999998270198504,0.84436
PermutationPUF,5,2.61,0.00126,0.999999206199685,0.84306
PermutationPUF,5,2.62,0.00128,0.9999991807996643,0.84199
PermutationPUF,5,2.63,0.00136,0.9999990751995723,0.84101
PermutationPUF,5,2.64,0.00128,0.9999991807996643,0.83965
PermutationPUF,5,2.65,0.00108,0.99999941679983,0.83845
PermutationPUF,5,2.66,0.0009,0.9999995949999179,0.8374
PermutationPUF,5,2.67,0.00108,0.99999941679983,0.83637
PermutationPUF,5,2.68,0.00084,0.9999996471999376,0.83551
PermutationPUF,5,2.69,0.00084,0.9999996471999376,0.83435
PermutationPUF,5,2.7,0.00112,0.9999993727998033,0.83339
PermutationPUF,5,2.71,0.00126,0.9999992061996849,0.83234
PermutationPUF,5,2.72,0.0014,0.9999990199995198,0.83119
PermutationPUF,5,2.73,0.00148,0.9999989047994003,0.83003
PermutationPUF,5,2.74,0.0015,0.9999988749993672,0.82904
PermutationPUF,5,2.75,0.00154,0.9999988141992969,0.8281
PermutationPUF,5,2.76,0.00164,0.9999986551990959,0.82693
PermutationPUF,5,2.77,0.0015,0.9999988749993671,0.8258
PermutationPUF,5,2.78,0.00138,0.9999990477995465,0.82486
PermutationPUF,5,2.79,0.00152,0.9999988447993328,0.82381
PermutationPUF,5,2.8,0.00164,0.9999986551990959,0.82261
PermutationPUF,5,2.81,0.00168,0.9999985887990042,0.82151
PermutationPUF,5,2.82,0.00154,0.9999988141992969,0.82056
PermutationPUF,5,2.83,0.00188,0.9999982327984386,0.81957
PermutationPUF,5,2.84,0.002,0.9999979999979999,0.81841
PermutationPUF,5,2.85,0.00212,0.9999977527974749,0.81737
PermutationPUF,5,2.86,0.00206,0.9999978781977491,0.81626
PermutationPUF,5,2.87,0.00218,0.9999976237971769,0.81526
PermutationPUF,5,2.88,0.00182,0.9999983437986284,0.81418
PermutationPUF,5,2.89,0.00188,0.9999982327984387,0.81305
PermutationPUF,5,2.9,0.00242,0.9999970717957126,0.8119
PermutationPUF,5,2.91,0.0024,0.9999971199958527,0.81097
PermutationPUF,5,2.92,0.00236,0.9999972151961223,0.80989
PermutationPUF,5,2.93,0.00262,0.9999965677941101,0.80876
PermutationPUF,5,2.94,0.00284,0.9999959671918682,0.80765
PermutationPUF,5,2.95,0.00302,0.9999954397896021,0.80672
PermutationPUF,5,2.96,0.00314,0.9999950701878484,0.80574
PermutationPUF,5,2.97,0.00338,0.9999942877836853,0.8047
PermutationPUF,5,2.98,0.00342,0.9999941517828991,0.80376
PermutationPUF,5,2.99,0.00336,0.999994355184068,0.80263
PermutationPUF,5,3.0,0.0034,0.9999942199832957,0.80157
PermutationPUF,10,0.5,-0.00784,0.999969266727733,0.90513
PermutationPUF,10,0.51,-0.0079,0.9999687945131088,0.90606
PermutationPUF,10,0.52,-0.00802,0.9999678392828442,0.90698
PermutationPUF,10,0.53,-0.00816,0.9999667066457764,0.90787
PermutationPUF,10,0.54,-0.00818,0.9999665432403226,0.9088
PermutationPUF,10,0.55,-0.00806,0.9999675176724494,0.90972
PermutationPUF,10,0.56,-0.00824,0.99996605062372,0.91075
PermutationPUF,10,0.57,-0.00818,0.9999665432403226,0.91172
PermutationPUF,10,0.58,-0.00812,0.999967032256564,0.91275
PermutationPUF,10,0.59,-0.00832,0.9999653882010117,0.91373
PermutationPUF,10,0.6,-0.00772,0.9999702003559906,0.91477
PermutationPUF,10,0.61,-0.00756,0.9999714227916717,0.91547
PermutationPUF,10,0.62,-0.00762,0.9999709673785534,0.91648
PermutationPUF,10,0.63,-0.00732,0.9999732084411062,0.91731
PermutationPUF,10,0.64,-0.00734,0.9999730618371677,0.91842
PermutationPUF,10,0.65,-0.00748,0.999972024408683,0.91943
PermutationPUF,10,0.66,-0.00746,0.9999721738128516,0.9206
PermutationPUF,10,0.67,-0.00704,0.9999752188929484,0.92143
PermutationPUF,10,0.68,-0.0071,0.9999747946823461,0.9224
PermutationPUF,10,0.69,-0.00686,0.9999764699231677,0.92334
PermutationPUF,10,0.7,-0.00662,0.9999780875599226,0.92434
PermutationPUF,10,0.71,-0.00656,0.9999784829685086,0.92547
PermutationPUF,10,0.72,-0.00666,0.9999778219540673,0.92626
PermutationPUF,10,0.73,-0.00676,0.9999771509389602,0.92727
PermutationPUF,10,0.74,-0.00678,0.9999770155358573,0.9282
PermutationPUF,10,0.75,-0.0065,0.9999788747768623,0.92932
PermutationPUF,10,0.76,-0.00638,0.9999796475928898,0.93046
PermutationPUF,10,0.77,-0.00632,0.9999800286005717,0.93147
PermutationPUF,10,0.78,-0.00634,0.9999799019980352,0.93238
PermutationPUF,10,0.79,-0.00642,0.9999793915876468,0.93334
PermutationPUF,10,0.8,-0.00628,0.9999802806055726,0.93443
PermutationPUF,10,0.81,-0.0062,0.9999807798152922,0.93567
PermutationPUF,10,0.82,-0.00638,0.9999796475928898,0.9365
PermutationPUF,10,0.83,-0.0064,0.9999795197902805,0.93743
PermutationPUF,10,0.84,-0.006,0.9999819998379968,0.93853
PermutationPUF,10,0.85,-0.00558,0.9999844316788138,0.93956
PermutationPUF,10,0.86,-0.00556,0.9999845430805417,0.94085
PermutationPUF,10,0.87,-0.00542,0.9999853116921269,0.94202
PermutationPUF,10,0.88,-0.00516,0.9999866871113835,0.94309
PermutationPUF,10,0.89,-0.00498,0.9999875997231168,0.94438
PermutationPUF,10,0.9,-0.00518,0.9999865837100015,0.94562
PermutationPUF,10,0.91,-0.00512,0.9999868927140995,0.94697
PermutationPUF,10,0.92,-0.00514,0.9999867901127493,0.94808
PermutationPUF,10,0.93,-0.00526,0.9999861661043118,0.94914
PermutationPUF,10,0.94,-0.00546,0.999985094088907,0.95018
PermutationPUF,10,0.95,-0.00516,0.9999866871113835,0.95123
PermutationPUF,10,0.96,-0.00462,0.9999893277430516,0.95228
PermutationPUF,10,0.97,-0.00454,0.9999896941468946,0.9533
PermutationPUF,10,0.98,-0.00434,0.9999905821556523,0.95444
PermutationPUF,10,0.99,-0.00392,0.9999923167704838,0.95563
PermutationPUF,10,1.0,-0.0039,0.9999923949710817,0.95674
PermutationPUF,10,1.01,-0.0042,0.9999911799611034,0.95783
PermutationPUF,10,1.02,-0.0045,0.9999898749487417,0.95894
PermutationPUF,10,1.03,-0.00458,0.9999895117449983,0.96006
PermutationPUF,10,1.04,-0.00442,0.9999902317522906,0.9611
PermutationPUF,10,1.05,-0.00438,0.9999904077539944,0.96234
PermutationPUF,10,1.06,-0.00422,0.9999910957603573,0.96362
PermutationPUF,10,1.07,-0.0042,0.9999911799611034,0.96483
PermutationPUF,10,1.08,-0.00406,0.999991758166036,0.96616
PermutationPUF,10,1.09,-0.00388,0.9999924727716702,0.96731
PermutationPUF,10,1.1,-0.00356,0.9999936631799223,0.96857
PermutationPUF,10,1.11,-0.00388,0.9999924727716704,0.96995
PermutationPUF,10,1.12,-0.0039,0.9999923949710818,0.97108
PermutationPUF,10,1.13,-0.00432,0.9999906687564641,0.97219
PermutationPUF,10,1.14,-0.00424,0.9999910111596003,0.97337
PermutationPUF,10,1.15,-0.00422,0.9999910957603572,0.97458
PermutationPUF,10,1.16,-0.00424,0.9999910111596003,0.97575
PermutationPUF,10,1.17,-0.00436,0.9999904951548289,0.97695
PermutationPUF,10,1.18,-0.00448,0.9999899647496469,0.97835
PermutationPUF,10,1.19,-0.00454,0.9999896941468948,0.97954
PermutationPUF,10,1.2,-0.00488,0.9999880927291085,0.98081
PermutationPUF,10,1.21,-0.0046,0.9999894199440311,0.98195
PermutationPUF,10,1.22,-0.00468,0.9999890487400349,0.98331
PermutationPUF,10,1.23,-0.00496,0.9999876991243444,0.98459
PermutationPUF,10,1.24,-0.00506,0.9999871981180559,0.9855
PermutationPUF,10,1.25,-0.00474,0.9999887661369005,0.9865
PermutationPUF,10,1.26,-0.00484,0.9999882871314044,0.98781
PermutationPUF,10,1.27,-0.0051,0.999986994915434,0.98906
PermutationPUF,10,1.28,-0.00508,0.9999870967167526,0.99055
PermutationPUF,10,1.29,-0.00526,0.9999861661043118,0.99188
PermutationPUF,10,1.3,-0.00478,0.9999885757347432,0.9931
PermutationPUF,10,1.31,-0.0047,0.9999889549390032,0.9944
PermutationPUF,10,1.32,-0.00458,0.9999895117449983,0.99576
PermutationPUF,10,1.33,-0.00466,0.9999891421410533,0.9971
PermutationPUF,10,1.34,-0.00434,0.9999905821556522,0.99852
PermutationPUF,10,1.35,-0.00386,0.99999255017225,1.0
PermutationPUF,10,1.36,-0.0041,0.9999915949646777,0.99876
PermutationPUF,10,1.37,-0.00396,0.9999921591692607,0.99747
PermutationPUF,10,1.38,-0.0043,0.9999907549572646,0.99618
PermutationPUF,10,1.39,-0.00426,0.9999909261588324,0.99478
PermutationPUF,10,1.4,-0.00404,0.9999918391667005,0.99359
PermutationPUF,10,1.41,-0.00418,0.9999912637618391,0.99218
PermutationPUF,10,1.42,-0.00406,0.999991758166036,0.9908
PermutationPUF,10,1.43,-0.00404,0.9999918391667005,0.98957
PermutationPUF,10,1.44,-0.004,0.9999919999679996,0.98819
PermutationPUF,10,1.45,-0.00396,0.9999921591692607,0.98685
PermutationPUF,10,1.46,-0.00424,0.9999910111596004,0.98563
PermutationPUF,10,1.47,-0.00426,0.9999909261588324,0.98414
PermutationPUF,10,1.48,-0.00394,0.999992238169877,0.98292
PermutationPUF,10,1.49,-0.0039,0.9999923949710818,0.98176
PermutationPUF,10,1.5,-0.00384,0.9999926271728209,0.98049
PermutationPUF,10,1.51,-0.00366,0.9999933021775695,0.97938
PermutationPUF,10,1.52,-0.00386,0.99999255017225,0.978
PermutationPUF,10,1.53,-0.00386,0.99999255017225,0.97656
PermutationPUF,10,1.54,-0.00378,0.9999928557744799,0.9754
PermutationPUF,10,1.55,-0.00342,0.9999941517828991,0.97404
PermutationPUF,10,1.56,-0.00318,0.9999949437872174,0.97274
PermutationPUF,10,1.57,-0.00314,0.9999950701878484,0.97144
PermutationPUF,10,1.58,-0.00296,0.9999956191904045,0.96995
PermutationPUF,10,1.59,-0.00256,0.9999967231946313,0.96855
PermutationPUF,10,1.6,-0.00258,0.9999966717944615,0.96726
PermutationPUF,10,1.61,-0.00278,0.999996135792534,0.96604
PermutationPUF,10,1.62,-0.00292,0.9999957367909125,0.96485
PermutationPUF,10,1.63,-0.00294,0.9999956781906609,0.9636
PermutationPUF,10,1.64,-0.0028,0.9999960799923167,0.96245
PermutationPUF,10,1.65,-0.00296,0.9999956191904043,0.96095
PermutationPUF,10,1.66,-0.00292,0.9999957367909124,0.95979
PermutationPUF,10,1.67,-0.00292,0.9999957367909125,0.95857
PermutationPUF,10,1.68,-0.00294,0.9999956781906609,0.95758
PermutationPUF,10,1.69,-0.0028,0.9999960799923167,0.95605
PermutationPUF,10,1.7,-0.00258,0.9999966717944615,0.9549
PermutationPUF,10,1.71,-0.00254,0.999996774194797,0.95362
PermutationPUF,10,1.72,-0.00276,0.9999961911927466,0.95233
PermutationPUF,10,1.73,-0.00266,0.9999964621937419,0.95096
PermutationPUF,10,1.74,-0.0032,0.9999948799868927,0.94979
PermutationPUF,10,1.75,-0.00314,0.9999950701878484,0.94854
PermutationPUF,10,1.76,-0.0033,0.9999945549851761,0.94722
PermutationPUF,10,1.77,-0.0034,0.9999942199832957,0.94607
PermutationPUF,10,1.78,-0.0028,0.9999960799923165,0.94497
PermutationPUF,10,1.79,-0.00296,0.9999956191904044,0.94367
PermutationPUF,10,1.8,-0.00318,0.9999949437872174,0.9425
PermutationPUF,10,1.81,-0.00276,0.9999961911927466,0.94127
PermutationPUF,10,1.82,-0.00294,0.9999956781906609,0.9401
PermutationPUF,10,1.83,-0.00288,0.9999958527914004,0.93871
PermutationPUF,10,1.84,-0.00342,0.9999941517828991,0.93746
PermutationPUF,10,1.85,-0.00292,0.9999957367909126,0.93641
PermutationPUF,10,1.86,-0.0032,0.9999948799868928,0.93527
PermutationPUF,10,1.87,-0.00326,0.9999946861858818,0.934
PermutationPUF,10,1.88,-0.00288,0.9999958527914004,0.93261
PermutationPUF,10,1.89,-0.00292,0.9999957367909125,0.93131
PermutationPUF,10,1.9,-0.0027,0.9999963549933569,0.93
PermutationPUF,10,1.91,-0.00244,0.9999970231955694,0.92871
PermutationPUF,10,1.92,-0.00216,0.9999976671972792,0.92741
PermutationPUF,10,1.93,-0.00194,0.9999981181982296,0.9261
PermutationPUF,10,1.94,-0.00184,0.9999983071985673,0.92465
PermutationPUF,10,1.95,-0.00186,0.999998270198504,0.92336
PermutationPUF,10,1.96,-0.00152,0.999998844799333,0.92225
PermutationPUF,10,1.97,-0.0018,0.9999983799986877,0.92109
PermutationPUF,10,1.98,-0.00196,0.9999980791981555,0.92003
PermutationPUF,10,1.99,-0.00176,0.9999984511988006,0.91879
PermutationPUF,10,2.0,-0.00146,0.9999989341994319,0.91748
PermutationPUF,10,2.01,-0.00128,0.9999991807996643,0.91617
PermutationPUF,10,2.02,-0.00152,0.9999988447993328,0.91493
PermutationPUF,10,2.03,-0.00124,0.9999992311997046,0.91369
PermutationPUF,10,2.04,-0.00124,0.9999992311997045,0.91241
PermutationPUF,10,2.05,-0.00082,0.9999996637999435,0.91122
PermutationPUF,10,2.06,-0.00078,0.9999996957999535,0.91002
PermutationPUF,10,2.07,-0.00108,0.99999941679983,0.90887
PermutationPUF,10,2.08,-0.00116,0.9999993271997738,0.90785
PermutationPUF,10,2.09,-0.00106,0.9999994381998424,0.90684
PermutationPUF,10,2.1,-0.00078,0.9999996957999535,0.9056
PermutationPUF,10,2.11,-0.00076,0.9999997111999585,0.90419
PermutationPUF,10,2.12,-0.0006,0.9999998199999838,0.90289
PermutationPUF,10,2.13,-0.00032,0.9999999487999989,0.90165
PermutationPUF,10,2.14,0.0003,0.9999999549999988,0.9005
PermutationPUF,10,2.15,0.00014,0.9999999902,0.89942
PermutationPUF,10,2.16,0.00058,0.9999998317999861,0.89828
PermutationPUF,10,2.17,0.00104,0.9999994591998537,0.89695
PermutationPUF,10,2.18,0.00082,0.9999996637999435,0.89582
PermutationPUF,10,2.19,0.00094,0.9999995581999024,0.89456
PermutationPUF,10,2.2,0.00062,0.9999998077999817,0.89318
PermutationPUF,10,2.21,0.00076,0.9999997111999585,0.89203
PermutationPUF,10,2.22,0.00064,0.999999795199979,0.89065
PermutationPUF,10,2.23,0.0005,0.9999998749999923,0.8894
PermutationPUF,10,2.24,0.00026,0.9999999661999994,0.88822
PermutationPUF,10,2.25,0.00058,0.9999998317999859,0.88702
PermutationPUF,10,2.26,0.00064,0.9999997951999792,0.88605
PermutationPUF,10,2.27,0.00078,0.9999996957999536,0.88496
PermutationPUF,10,2.28,0.00086,0.9999996301999317,0.8839
PermutationPUF,10,2.29,0.00096,0.9999995391998939,0.88285
PermutationPUF,10,2.3,0.00148,0.9999989047994003,0.88187
PermutationPUF,10,2.31,0.00118,0.9999993037997577,0.88092
PermutationPUF,10,2.32,0.00126,0.9999992061996849,0.87992
PermutationPUF,10,2.33,0.00102,0.9999994797998647,0.87908
PermutationPUF,10,2.34,0.00126,0.999999206199685,0.878
PermutationPUF,10,2.35,0.00128,0.9999991807996643,0.87683
PermutationPUF,10,2.36,0.00208,0.9999978367976603,0.87541
PermutationPUF,10,2.37,0.00216,0.9999976671972792,0.87425
PermutationPUF,10,2.38,0.0024,0.9999971199958527,0.87305
PermutationPUF,10,2.39,0.0027,0.9999963549933569,0.8717
PermutationPUF,10,2.4,0.0028,0.9999960799923167,0.87051
PermutationPUF,10,2.41,0.00256,0.9999967231946313,0.86929
PermutationPUF,10,2.42,0.00212,0.999997752797475,0.86817
PermutationPUF,10,2.43,0.00218,0.9999976237971769,0.86718
PermutationPUF,10,2.44,0.00214,0.9999977101973784,0.86618
PermutationPUF,10,2.45,0.00208,0.9999978367976603,0.86499
PermutationPUF,10,2.46,0.0021,0.999997794997569,0.86376
PermutationPUF,10,2.47,0.00218,0.9999976237971769,0.86256
PermutationPUF,10,2.48,0.0023,0.9999973549965021,0.8616
PermutationPUF,10,2.49,0.00212,0.9999977527974749,0.86055
PermutationPUF,10,2.5,0.00196,0.9999980791981555,0.85917
PermutationPUF,10,2.51,0.00222,0.999997535796964,0.85816
PermutationPUF,10,2.52,0.00216,0.9999976671972792,0.85689
PermutationPUF,10,2.53,0.0021,0.999997794997569,0.85594
PermutationPUF,10,2.54,0.00248,0.9999969247952715,0.85497
PermutationPUF,10,2.55,0.00214,0.9999977101973784,0.85376
PermutationPUF,10,2.56,0.00218,0.9999976237971769,0.8526
PermutationPUF,10,2.57,0.00228,0.9999974007966221,0.85153
PermutationPUF,10,2.58,0.00226,0.999997446196739,0.85046
PermutationPUF,10,2.59,0.00258,0.9999966717944615,0.84936
PermutationPUF,10,2.6,0.00242,0.9999970717957127,0.84836
PermutationPUF,10,2.61,0.00248,0.9999969247952715,0.84705
PermutationPUF,10,2.62,0.00254,0.999996774194797,0.84594
PermutationPUF,10,2.63,0.00238,0.9999971677959895,0.84462
PermutationPUF,10,2.64,0.00216,0.9999976671972792,0.84367
PermutationPUF,10,2.65,0.00198,0.9999980397980789,0.84246
PermutationPUF,10,2.66,0.00182,0.9999983437986284,0.8412
PermutationPUF,10,2.67,0.00124,0.9999992311997045,0.84001
PermutationPUF,10,2.68,0.00122,0.9999992557997232,0.83886
PermutationPUF,10,2.69,0.0015,0.9999988749993672,0.83794
PermutationPUF,10,2.7,0.0013,0.9999991549996432,0.83658
PermutationPUF,10,2.71,0.0011,0.9999993949998172,0.83544
PermutationPUF,10,2.72,0.00088,0.9999996127999249,0.83443
PermutationPUF,10,2.73,0.00108,0.99999941679983,0.83339
PermutationPUF,10,2.74,0.00084,0.9999996471999376,0.83257
PermutationPUF,10,2.75,0.00078,0.9999996957999536,0.83148
PermutationPUF,10,2.76,0.00106,0.9999994381998424,0.83052
PermutationPUF,10,2.77,0.00134,0.9999991021995968,0.82948
PermutationPUF,10,2.78,0.00134,0.9999991021995968,0.82834
PermutationPUF,10,2.79,0.00146,0.999998934199432,0.82732
PermutationPUF,10,2.8,0.00154,0.9999988141992969,0.82624
PermutationPUF,10,2.81,0.00166,0.9999986221990509,0.82538
PermutationPUF,10,2.82,0.00168,0.9999985887990043,0.82417
PermutationPUF,10,2.83,0.00144,0.9999989631994627,0.82317
PermutationPUF,10,2.84,0.00144,0.9999989631994627,0.82221
PermutationPUF,10,2.85,0.00148,0.9999989047994003,0.82115
PermutationPUF,10,2.86,0.0014,0.9999990199995199,0.82007
PermutationPUF,10,2.87,0.00152,0.9999988447993328,0.81897
PermutationPUF,10,2.88,0.00142,0.9999989917994919,0.81804
PermutationPUF,10,2.89,0.00174,0.9999984861988542,0.81712
PermutationPUF,10,2.9,0.00184,0.9999983071985672,0.81599
PermutationPUF,10,2.91,0.0021,0.9999977949975689,0.81496
PermutationPUF,10,2.92,0.00224,0.9999974911968531,0.81381
PermutationPUF,10,2.93,0.0021,0.9999977949975689,0.81282
PermutationPUF,10,2.94,0.00208,0.9999978367976603,0.81191
PermutationPUF,10,2.95,0.00158,0.9999987517992208,0.81076
PermutationPUF,10,2.96,0.00196,0.9999980791981555,0.80967
PermutationPUF,10,2.97,0.00222,0.9999975357969639,0.80872
PermutationPUF,10,2.98,0.00228,0.9999974007966221,0.80771
PermutationPUF,10,2.99,0.00252,0.9999968247949593,0.80655
PermutationPUF,10,3.0,0.00264,0.9999965151939282,0.80563
PermutationPUF,15,0.5,-0.00794,0.9999684777031723,0.908
PermutationPUF,15,0.51,-0.00782,0.9999694233325337,0.90876
PermutationPUF,15,0.52,-0.00786,0.9999691097228952,0.90972
PermutationPUF,15,0.53,-0.00798,0.9999681592930848,0.91062
PermutationPUF,15,0.54,-0.0082,0.9999663794348288,0.91151
PermutationPUF,15,0.55,-0.00834,0.9999652215952314,0.9124
PermutationPUF,15,0.56,-0.00814,0.9999668696511901,0.91328
PermutationPUF,15,0.57,-0.00814,0.99996686965119,0.91426
PermutationPUF,15,0.58,-0.0081,0.9999671944618983,0.91538
PermutationPUF,15,0.59,-0.00808,0.9999673562671934,0.91621
PermutationPUF,15,0.6,-0.00818,0.9999665432403226,0.91722
PermutationPUF,15,0.61,-0.00802,0.999967839282844,0.91828
PermutationPUF,15,0.62,-0.00764,0.9999708147741114,0.91915
PermutationPUF,15,0.63,-0.00758,0.9999712713873333,0.91994
PermutationPUF,15,0.64,-0.00736,0.9999729148331971,0.92091
PermutationPUF,15,0.65,-0.00716,0.9999743668714713,0.92181
PermutationPUF,15,0.66,-0.00746,0.9999721738128518,0.9229
PermutationPUF,15,0.67,-0.0077,0.9999703545605741,0.92394
PermutationPUF,15,0.68,-0.00716,0.9999743668714715,0.92487
PermutationPUF,15,0.69,-0.007,0.9999754996998674,0.92571
PermutationPUF,15,0.7,-0.00684,0.999976606926382,0.92673
PermutationPUF,15,0.71,-0.00652,0.9999787445741035,0.92763
PermutationPUF,15,0.72,-0.00668,0.9999776885510997,0.92867
PermutationPUF,15,0.73,-0.00636,0.9999797749954746,0.92967
PermutationPUF,15,0.74,-0.00656,0.9999784829685086,0.93049
PermutationPUF,15,0.75,-0.00684,0.9999766069263818,0.93145
PermutationPUF,15,0.76,-0.00658,0.9999783515656727,0.93244
PermutationPUF,15,0.77,-0.00648,0.9999790045795961,0.93357
PermutationPUF,15,0.78,-0.00628,0.9999802806055729,0.93459
PermutationPUF,15,0.79,-0.00632,0.9999800286005716,0.93559
PermutationPUF,15,0.8,-0.0063,0.9999801548030842,0.9366
PermutationPUF,15,0.81,-0.00642,0.9999793915876469,0.93752
PermutationPUF,15,0.82,-0.00626,0.9999804060080378,0.93858
PermutationPUF,15,0.83,-0.00618,0.999980903617664,0.93964
PermutationPUF,15,0.84,-0.0064,0.9999795197902804,0.94059
PermutationPUF,15,0.85,-0.0063,0.9999801548030842,0.94154
PermutationPUF,15,0.86,-0.006,0.999981999837997,0.94263
PermutationPUF,15,0.87,-0.00552,0.9999847646839428,0.94363
PermutationPUF,15,0.88,-0.00558,0.9999844316788139,0.94488
PermutationPUF,15,0.89,-0.0055,0.9999848748856156,0.94606
PermutationPUF,15,0.9,-0.0052,0.9999864799086036,0.94711
PermutationPUF,15,0.91,-0.00496,0.9999876991243444,0.94841
PermutationPUF,15,0.92,-0.00518,0.9999865837100015,0.94958
PermutationPUF,15,0.93,-0.00512,0.9999868927140995,0.95091
PermutationPUF,15,0.94,-0.0051,0.999986994915434,0.952
PermutationPUF,15,0.95,-0.00526,0.9999861661043118,0.95308
PermutationPUF,15,0.96,-0.00534,0.9999857420983559,0.95408
PermutationPUF,15,0.97,-0.00526,0.9999861661043116,0.95508
PermutationPUF,15,0.98,-0.0047,0.9999889549390032,0.95614
PermutationPUF,15,0.99,-0.0044,0.9999903199531485,0.95713
PermutationPUF,15,1.0,-0.00434,0.9999905821556523,0.95824
PermutationPUF,15,1.01,-0.00406,0.999991758166036,0.9594
PermutationPUF,15,1.02,-0.00392,0.9999923167704838,0.96045
PermutationPUF,15,1.03,-0.00408,0.9999916767653622,0.96151
PermutationPUF,15,1.04,-0.00428,0.9999908407580541,0.96261
PermutationPUF,15,1.05,-0.00464,0.9999892351420588,0.96379
PermutationPUF,15,1.06,-0.00446,0.9999900541505401,0.96488
PermutationPUF,15,1.07,-0.00446,0.9999900541505401,0.96598
PermutationPUF,15,1.08,-0.00428,0.9999908407580541,0.96723
PermutationPUF,15,1.09,-0.00424,0.9999910111596003,0.96841
PermutationPUF,15,1.1,-0.00394,0.9999922381698769,0.96972
PermutationPUF,15,1.11,-0.00404,0.9999918391667006,0.97093
PermutationPUF,15,1.12,-0.004,0.9999919999679995,0.97215
PermutationPUF,15,1.13,-0.00378,0.9999928557744799,0.9735
PermutationPUF,15,1.14,-0.00382,0.9999927037733823,0.97468
PermutationPUF,15,1.15,-0.00416,0.9999913471625641,0.97575
PermutationPUF,15,1.16,-0.00432,0.9999906687564641,0.97693
PermutationPUF,15,1.17,-0.00436,0.9999904951548289,0.97801
PermutationPUF,15,1.18,-0.00424,0.9999910111596002,0.97917
PermutationPUF,15,1.19,-0.00428,0.9999908407580541,0.98035
PermutationPUF,15,1.2,-0.00446,0.99999005415054,0.98162
PermutationPUF,15,1.21,-0.00462,0.9999893277430516,0.98298
PermutationPUF,15,1.22,-0.00464,0.9999892351420587,0.98403
PermutationPUF,15,1.23,-0.00488,0.9999880927291086,0.98531
PermutationPUF,15,1.24,-0.00456,0.9999896031459526,0.98653
PermutationPUF,15,1.25,-0.00496,0.9999876991243444,0.98781
PermutationPUF,15,1.26,-0.00492,0.9999878967267554,0.98895
PermutationPUF,15,1.27,-0.005,0.9999874999218737,0.98993
PermutationPUF,15,1.28,-0.00468,0.9999890487400349,0.99095
PermutationPUF,15,1.29,-0.0049,0.9999879949279391,0.99224
PermutationPUF,15,1.3,-0.00514,0.9999867901127493,0.99348
PermutationPUF,15,1.31,-0.00518,0.9999865837100016,0.99494
PermutationPUF,15,1.32,-0.00528,0.9999860607028478,0.99621
PermutationPUF,15,1.33,-0.00488,0.9999880927291085,0.99741
PermutationPUF,15,1.34,-0.00478,0.9999885757347432,0.99866
PermutationPUF,15,1.35,-0.00454,0.9999896941468948,1.0
PermutationPUF,15,1.36,-0.00466,0.9999891421410534,0.9987
PermutationPUF,15,1.37,-0.0042,0.9999911799611033,0.99727
PermutationPUF,15,1.38,-0.0039,0.9999923949710817,0.99584
PermutationPUF,15,1.39,-0.00406,0.999991758166036,0.99464
PermutationPUF,15,1.4,-0.00394,0.999992238169877,0.99338
PermutationPUF,15,1.41,-0.00424,0.9999910111596004,0.99213
PermutationPUF,15,1.42,-0.0043,0.9999907549572646,0.99072
PermutationPUF,15,1.43,-0.0042,0.9999911799611035,0.98961
PermutationPUF,15,1.44,-0.00406,0.9999917581660359,0.98828
PermutationPUF,15,1.45,-0.00416,0.9999913471625642,0.98691
PermutationPUF,15,1.46,-0.004,0.9999919999679996,0.98559
PermutationPUF,15,1.47,-0.00404,0.9999918391667005,0.98429
PermutationPUF,15,1.48,-0.00408,0.9999916767653622,0.98295
PermutationPUF,15,1.49,-0.0042,0.9999911799611034,0.98183
PermutationPUF,15,1.5,-0.00428,0.999990840758054,0.98039
PermutationPUF,15,1.51,-0.00414,0.999991430163279,0.9792
PermutationPUF,15,1.52,-0.0039,0.9999923949710818,0.97798
PermutationPUF,15,1.53,-0.00392,0.9999923167704838,0.97691
PermutationPUF,15,1.54,-0.00372,0.9999930807760621,0.97575
PermutationPUF,15,1.55,-0.00382,0.9999927037733823,0.97436
PermutationPUF,15,1.56,-0.00374,0.9999930061755432,0.97312
PermutationPUF,15,1.57,-0.00398,0.9999920797686351,0.97174
PermutationPUF,15,1.58,-0.00374,0.9999930061755432,0.97064
PermutationPUF,15,1.59,-0.00342,0.9999941517828991,0.96924
PermutationPUF,15,1.6,-0.00314,0.9999950701878484,0.96786
PermutationPUF,15,1.61,-0.0031,0.9999951949884561,0.96658
PermutationPUF,15,1.62,-0.0026,0.9999966199942877,0.96515
PermutationPUF,15,1.63,-0.00248,0.9999969247952715,0.96393
PermutationPUF,15,1.64,-0.00262,0.9999965677941101,0.96264
PermutationPUF,15,1.65,-0.003,0.9999954999898749,0.96149
PermutationPUF,15,1.66,-0.00304,0.9999953791893239,0.96039
PermutationPUF,15,1.67,-0.0028,0.9999960799923165,0.95915
PermutationPUF,15,1.68,-0.0028,0.9999960799923167,0.95791
PermutationPUF,15,1.69,-0.00312,0.9999951327881552,0.95655
PermutationPUF,15,1.7,-0.00296,0.9999956191904044,0.95541
PermutationPUF,15,1.71,-0.0029,0.999995794991159,0.95438
PermutationPUF,15,1.72,-0.00282,0.999996023792095,0.9532
PermutationPUF,15,1.73,-0.00258,0.9999966717944615,0.95172
PermutationPUF,15,1.74,-0.00246,0.9999969741954221,0.95066
PermutationPUF,15,1.75,-0.00244,0.9999970231955694,0.94941
PermutationPUF,15,1.76,-0.00268,0.9999964087935518,0.94813
PermutationPUF,15,1.77,-0.00276,0.9999961911927466,0.94681
PermutationPUF,15,1.78,-0.0032,0.9999948799868927,0.94577
PermutationPUF,15,1.79,-0.00314,0.9999950701878484,0.94442
PermutationPUF,15,1.8,-0.00328,0.999994620785532,0.94323
PermutationPUF,15,1.81,-0.00334,0.9999944221844439,0.94202
PermutationPUF,15,1.82,-0.0027,0.9999963549933568,0.94094
PermutationPUF,15,1.83,-0.00298,0.9999955597901421,0.93976
PermutationPUF,15,1.84,-0.00322,0.9999948157865619,0.93856
PermutationPUF,15,1.85,-0.00274,0.9999962461929545,0.93738
PermutationPUF,15,1.86,-0.00296,0.9999956191904044,0.93625
PermutationPUF,15,1.87,-0.0028,0.9999960799923167,0.93491
PermutationPUF,15,1.88,-0.00346,0.999994014182085,0.9337
PermutationPUF,15,1.89,-0.00302,0.9999954397896021,0.93266
PermutationPUF,15,1.9,-0.00312,0.9999951327881552,0.93147
PermutationPUF,15,1.91,-0.0031,0.9999951949884559,0.93032
PermutationPUF,15,1.92,-0.00286,0.9999959101916367,0.92904
PermutationPUF,15,1.93,-0.003,0.9999954999898749,0.92767
PermutationPUF,15,1.94,-0.00282,0.9999960237920948,0.92648
PermutationPUF,15,1.95,-0.00232,0.9999973087963786,0.92511
PermutationPUF,15,1.96,-0.00218,0.9999976237971769,0.9239
PermutationPUF,15,1.97,-0.00194,0.9999981181982296,0.92264
PermutationPUF,15,1.98,-0.00192,0.9999981567983011,0.92127
PermutationPUF,15,1.99,-0.00172,0.9999985207989059,0.92003
PermutationPUF,15,2.0,-0.00158,0.9999987517992209,0.91884
PermutationPUF,15,2.01,-0.00176,0.9999984511988006,0.91767
PermutationPUF,15,2.02,-0.00186,0.999998270198504,0.91664
PermutationPUF,15,2.03,-0.00184,0.9999983071985673,0.91567
PermutationPUF,15,2.04,-0.00176,0.9999984511988007,0.91427
PermutationPUF,15,2.05,-0.00136,0.9999990751995724,0.91303
PermutationPUF,15,2.06,-0.00138,0.9999990477995465,0.91178
PermutationPUF,15,2.07,-0.00132,0.9999991287996206,0.91063
PermutationPUF,15,2.08,-0.00134,0.9999991021995969,0.90936
PermutationPUF,15,2.09,-0.00106,0.9999994381998424,0.90818
PermutationPUF,15,2.1,-0.00092,0.9999995767999105,0.90701
PermutationPUF,15,2.11,-0.00108,0.9999994167998301,0.90583
PermutationPUF,15,2.12,-0.0013,0.9999991549996431,0.9048
PermutationPUF,15,2.13,-0.00122,0.9999992557997232,0.9038
PermutationPUF,15,2.14,-0.0009,0.9999995949999179,0.90256
PermutationPUF,15,2.15,-0.00084,0.9999996471999376,0.90149
PermutationPUF,15,2.16,-0.0006,0.9999998199999839,0.90019
PermutationPUF,15,2.17,-0.00038,0.9999999277999975,0.89884
PermutationPUF,15,2.18,-8e-05,0.9999999968,0.89765
PermutationPUF,15,2.19,0.00026,0.9999999661999994,0.89654
PermutationPUF,15,2.2,0.00028,0.9999999607999992,0.89559
PermutationPUF,15,2.21,0.00066,0.9999997821999764,0.89436
PermutationPUF,15,2.22,0.00088,0.9999996127999249,0.89305
PermutationPUF,15,2.23,0.00072,0.9999997407999665,0.89195
PermutationPUF,15,2.24,0.00086,0.9999996301999315,0.89088
PermutationPUF,15,2.25,0.00058,0.999999831799986,0.88952
PermutationPUF,15,2.26,0.00072,0.9999997407999666,0.88839
PermutationPUF,15,2.27,0.00064,0.999999795199979,0.88697
PermutationPUF,15,2.28,0.00062,0.9999998077999818,0.88578
PermutationPUF,15,2.29,0.00018,0.9999999837999999,0.88462
PermutationPUF,15,2.3,0.00058,0.9999998317999859,0.8835
PermutationPUF,15,2.31,0.00064,0.9999997951999792,0.88255
PermutationPUF,15,2.32,0.00076,0.9999997111999586,0.88149
PermutationPUF,15,2.33,0.00082,0.9999996637999434,0.88042
PermutationPUF,15,2.34,0.00098,0.9999995197998848,0.87938
PermutationPUF,15,2.35,0.00144,0.9999989631994627,0.87849
PermutationPUF,15,2.36,0.00132,0.9999991287996205,0.87759
PermutationPUF,15,2.37,0.0013,0.9999991549996431,0.87654
PermutationPUF,15,2.38,0.00106,0.9999994381998424,0.87574
PermutationPUF,15,2.39,0.0013,0.9999991549996431,0.8747
PermutationPUF,15,2.4,0.0012,0.9999992799997408,0.87355
PermutationPUF,15,2.41,0.00178,0.999998415798745,0.8723
PermutationPUF,15,2.42,0.00218,0.999997623797177,0.87112
PermutationPUF,15,2.43,0.00238,0.9999971677959894,0.8699
PermutationPUF,15,2.44,0.00262,0.9999965677941101,0.86872
PermutationPUF,15,2.45,0.00276,0.9999961911927466,0.86747
PermutationPUF,15,2.46,0.00244,0.9999970231955694,0.86621
PermutationPUF,15,2.47,0.00228,0.9999974007966221,0.86523
PermutationPUF,15,2.48,0.00212,0.9999977527974749,0.86413
PermutationPUF,15,2.49,0.00234,0.9999972621962522,0.86314
PermutationPUF,15,2.5,0.00192,0.9999981567983012,0.86209
PermutationPUF,15,2.51,0.00226,0.9999974461967389,0.86092
PermutationPUF,15,2.52,0.00202,0.9999979597979188,0.8597
PermutationPUF,15,2.53,0.00226,0.999997446196739,0.85868
PermutationPUF,15,2.54,0.00218,0.999997623797177,0.85772
PermutationPUF,15,2.55,0.00188,0.9999982327984388,0.85663
PermutationPUF,15,2.56,0.00212,0.9999977527974749,0.85529
PermutationPUF,15,2.57,0.00216,0.9999976671972792,0.85429
PermutationPUF,15,2.58,0.00224,0.999997491196853,0.85311
PermutationPUF,15,2.59,0.00212,0.9999977527974749,0.85223
PermutationPUF,15,2.6,0.00224,0.999997491196853,0.85123
PermutationPUF,15,2.61,0.00216,0.9999976671972792,0.85007
PermutationPUF,15,2.62,0.0021,0.999997794997569,0.84894
PermutationPUF,15,2.63,0.00234,0.9999972621962523,0.84786
PermutationPUF,15,2.64,0.00234,0.9999972621962522,0.8469
PermutationPUF,15,2.65,0.00252,0.9999968247949592,0.84587
PermutationPUF,15,2.66,0.00246,0.9999969741954222,0.84468
PermutationPUF,15,2.67,0.0026,0.9999966199942877,0.84363
PermutationPUF,15,2.68,0.00234,0.9999972621962522,0.8425
PermutationPUF,15,2.69,0.00244,0.9999970231955695,0.84115
PermutationPUF,15,2.7,0.0022,0.9999975799970717,0.84025
PermutationPUF,15,2.71,0.00186,0.999998270198504,0.83902
PermutationPUF,15,2.72,0.00172,0.999998520798906,0.83793
PermutationPUF,15,2.73,0.0013,0.9999991549996432,0.83676
PermutationPUF,15,2.74,0.00124,0.9999992311997045,0.83565
PermutationPUF,15,2.75,0.00146,0.999998934199432,0.83472
PermutationPUF,15,2.76,0.00128,0.9999991807996643,0.83345
PermutationPUF,15,2.77,0.0011,0.9999993949998172,0.83234
PermutationPUF,15,2.78,0.00092,0.9999995767999105,0.83133
PermutationPUF,15,2.79,0.0011,0.999999394999817,0.83032
PermutationPUF,15,2.8,0.00078,0.9999996957999537,0.82956
PermutationPUF,15,2.81,0.00076,0.9999997111999583,0.82849
PermutationPUF,15,2.82,0.00098,0.9999995197998848,0.82756
PermutationPUF,15,2.83,0.00128,0.9999991807996644,0.82651
PermutationPUF,15,2.84,0.00138,0.9999990477995465,0.82544
PermutationPUF,15,2.85,0.00144,0.9999989631994627,0.82445
PermutationPUF,15,2.86,0.00152,0.9999988447993328,0.82333
PermutationPUF,15,2.87,0.00164,0.9999986551990959,0.82251
PermutationPUF,15,2.88,0.0017,0.9999985549989561,0.8214
PermutationPUF,15,2.89,0.0016,0.9999987199991807,0.82043
PermutationPUF,15,2.9,0.00112,0.9999993727998033,0.81949
PermutationPUF,15,2.91,0.00144,0.9999989631994627,0.81847
PermutationPUF,15,2.92,0.00138,0.9999990477995466,0.81758
PermutationPUF,15,2.93,0.00172,0.999998520798906,0.81629
PermutationPUF,15,2.94,0.00152,0.9999988447993328,0.81529
PermutationPUF,15,2.95,0.00154,0.9999988141992969,0.81444
PermutationPUF,15,2.96,0.00178,0.9999984157987453,0.81346
PermutationPUF,15,2.97,0.00204,0.999997919197835,0.81237
PermutationPUF,15,2.98,0.00212,0.9999977527974749,0.81137
PermutationPUF,15,2.99,0.00192,0.9999981567983012,0.81033
PermutationPUF,15,3.0,0.0022,0.9999975799970717,0.80935
PermutationPUF,20,0.5,-0.0078,0.9999695795372978,0.90989
PermutationPUF,20,0.51,-0.00794,0.9999684777031723,0.91088
PermutationPUF,20,0.52,-0.00786,0.9999691097228954,0.91156
PermutationPUF,20,0.53,-0.00782,0.9999694233325336,0.91252
PermutationPUF,20,0.54,-0.00794,0.9999684777031723,0.91338
PermutationPUF,20,0.55,-0.00816,0.9999667066457764,0.91437
PermutationPUF,20,0.56,-0.0083,0.9999655544067505,0.91516
PermutationPUF,20,0.57,-0.00826,0.9999658856181044,0.91604
PermutationPUF,20,0.58,-0.00804,0.999967678677666,0.91705
PermutationPUF,20,0.59,-0.00806,0.9999675176724493,0.91812
PermutationPUF,20,0.6,-0.00814,0.99996686965119,0.91888
PermutationPUF,20,0.61,-0.00816,0.9999667066457764,0.91995
PermutationPUF,20,0.62,-0.0082,0.9999663794348289,0.92085
PermutationPUF,20,0.63,-0.00772,0.9999702003559907,0.92183
PermutationPUF,20,0.64,-0.00752,0.9999717244002452,0.92257
PermutationPUF,20,0.65,-0.00748,0.999972024408683,0.92363
PermutationPUF,20,0.66,-0.00716,0.9999743668714712,0.92441
PermutationPUF,20,0.67,-0.00732,0.999973208441106,0.92543
PermutationPUF,20,0.68,-0.00756,0.9999714227916716,0.92637
PermutationPUF,20,0.69,-0.00736,0.9999729148331968,0.92757
PermutationPUF,20,0.7,-0.00702,0.9999753594964228,0.9284
PermutationPUF,20,0.71,-0.0071,0.9999747946823461,0.9293
PermutationPUF,20,0.72,-0.00692,0.9999760565133545,0.93015
PermutationPUF,20,0.73,-0.00662,0.9999780875599226,0.9312
PermutationPUF,20,0.74,-0.00654,0.9999786139713187,0.93228
PermutationPUF,20,0.75,-0.00664,0.9999779549570078,0.93315
PermutationPUF,20,0.76,-0.00664,0.9999779549570079,0.93401
PermutationPUF,20,0.77,-0.0069,0.9999761947166541,0.93496
PermutationPUF,20,0.78,-0.00648,0.9999790045795961,0.93595
PermutationPUF,20,0.79,-0.00622,0.9999806556128974,0.93706
PermutationPUF,20,0.8,-0.00636,0.9999797749954745,0.93807
PermutationPUF,20,0.81,-0.0064,0.9999795197902804,0.93903
PermutationPUF,20,0.82,-0.0063,0.9999801548030842,0.93996
PermutationPUF,20,0.83,-0.0065,0.9999788747768624,0.94094
PermutationPUF,20,0.84,-0.00618,0.9999809036176641,0.94192
PermutationPUF,20,0.85,-0.0062,0.9999807798152922,0.94299
PermutationPUF,20,0.86,-0.00654,0.9999786139713189,0.94396
PermutationPUF,20,0.87,-0.00632,0.9999800286005717,0.94489
PermutationPUF,20,0.88,-0.0059,0.9999825948485304,0.94594
PermutationPUF,20,0.89,-0.00548,0.9999849846872703,0.94701
PermutationPUF,20,0.9,-0.0056,0.9999843198770669,0.94825
PermutationPUF,20,0.91,-0.0055,0.9999848748856155,0.94936
PermutationPUF,20,0.92,-0.00516,0.9999866871113835,0.95041
PermutationPUF,20,0.93,-0.00502,0.9999873997206163,0.95164
PermutationPUF,20,0.94,-0.00518,0.9999865837100015,0.95278
PermutationPUF,20,0.95,-0.00514,0.9999867901127493,0.95408
PermutationPUF,20,0.96,-0.00504,0.9999872991193439,0.95519
PermutationPUF,20,0.97,-0.00536,0.9999856350968247,0.95621
PermutationPUF,20,0.98,-0.0054,0.9999854198937104,0.95719
PermutationPUF,20,0.99,-0.00526,0.9999861661043117,0.9582
PermutationPUF,20,1.0,-0.00476,0.9999886711358286,0.95921
PermutationPUF,20,1.01,-0.00446,0.9999900541505401,0.96026
PermutationPUF,20,1.02,-0.0043,0.9999907549572646,0.96132
PermutationPUF,20,1.03,-0.00412,0.9999915127639835,0.96249
PermutationPUF,20,1.04,-0.00398,0.9999920797686351,0.96358
PermutationPUF,20,1.05,-0.00408,0.9999916767653622,0.96461
PermutationPUF,20,1.06,-0.00432,0.9999906687564641,0.96567
PermutationPUF,20,1.07,-0.00472,0.9999888607379585,0.96681
PermutationPUF,20,1.08,-0.00466,0.9999891421410535,0.9679
PermutationPUF,20,1.09,-0.00444,0.9999901431514211,0.96897
PermutationPUF,20,1.1,-0.0044,0.9999903199531486,0.97017
PermutationPUF,20,1.11,-0.0043,0.9999907549572647,0.97134
PermutationPUF,20,1.12,-0.0039,0.9999923949710818,0.97262
PermutationPUF,20,1.13,-0.00398,0.9999920797686351,0.97378
PermutationPUF,20,1.14,-0.00396,0.9999921591692607,0.97501
PermutationPUF,20,1.15,-0.0038,0.9999927799739354,0.97627
PermutationPUF,20,1.16,-0.00384,0.9999926271728209,0.97753
PermutationPUF,20,1.17,-0.00396,0.9999921591692607,0.97863
PermutationPUF,20,1.18,-0.00434,0.9999905821556522,0.9797
PermutationPUF,20,1.19,-0.00428,0.9999908407580541,0.98085
PermutationPUF,20,1.2,-0.00418,0.999991263761839,0.98206
PermutationPUF,20,1.21,-0.00432,0.9999906687564641,0.98313
PermutationPUF,20,1.22,-0.00438,0.9999904077539944,0.98426
PermutationPUF,20,1.23,-0.00454,0.9999896941468946,0.98562
PermutationPUF,20,1.24,-0.00454,0.9999896941468949,0.98686
PermutationPUF,20,1.25,-0.00482,0.9999883837325311,0.988
PermutationPUF,20,1.26,-0.00472,0.9999888607379585,0.98907
PermutationPUF,20,1.27,-0.00462,0.9999893277430515,0.99038
PermutationPUF,20,1.28,-0.00474,0.9999887661369005,0.9917
PermutationPUF,20,1.29,-0.00504,0.9999872991193439,0.99275
PermutationPUF,20,1.3,-0.00498,0.9999875997231167,0.99372
PermutationPUF,20,1.31,-0.00474,0.9999887661369005,0.99476
PermutationPUF,20,1.32,-0.00502,0.9999873997206163,0.99604
PermutationPUF,20,1.33,-0.00512,0.9999868927140996,0.99741
PermutationPUF,20,1.34,-0.0053,0.9999859549013678,0.99872
PermutationPUF,20,1.35,-0.00526,0.9999861661043117,1.0
PermutationPUF,20,1.36,-0.00484,0.9999882871314043,0.99887
PermutationPUF,20,1.37,-0.00478,0.9999885757347432,0.99764
PermutationPUF,20,1.38,-0.00454,0.9999896941468946,0.99632
PermutationPUF,20,1.39,-0.00466,0.9999891421410535,0.995
PermutationPUF,20,1.4,-0.00422,0.9999910957603572,0.99364
PermutationPUF,20,1.41,-0.0039,0.9999923949710817,0.99222
PermutationPUF,20,1.42,-0.00404,0.9999918391667004,0.99105
PermutationPUF,20,1.43,-0.00392,0.9999923167704838,0.98981
PermutationPUF,20,1.44,-0.00424,0.9999910111596003,0.98865
PermutationPUF,20,1.45,-0.0043,0.9999907549572646,0.98726
PermutationPUF,20,1.46,-0.00416,0.9999913471625641,0.98615
PermutationPUF,20,1.47,-0.00404,0.9999918391667005,0.98491
PermutationPUF,20,1.48,-0.0042,0.9999911799611034,0.98357
PermutationPUF,20,1.49,-0.00406,0.999991758166036,0.98222
PermutationPUF,20,1.5,-0.004,0.9999919999679996,0.98099
PermutationPUF,20,1.51,-0.00414,0.9999914301632788,0.97972
PermutationPUF,20,1.52,-0.00422,0.9999910957603572,0.97856
PermutationPUF,20,1.53,-0.00426,0.9999909261588326,0.97724
PermutationPUF,20,1.54,-0.0042,0.9999911799611033,0.97595
PermutationPUF,20,1.55,-0.00386,0.99999255017225,0.9748
PermutationPUF,20,1.56,-0.00402,0.9999919197673549,0.97376
PermutationPUF,20,1.57,-0.00376,0.9999929311750158,0.97261
PermutationPUF,20,1.58,-0.00368,0.9999932287770751,0.97147
PermutationPUF,20,1.59,-0.00376,0.9999929311750159,0.97009
PermutationPUF,20,1.6,-0.00386,0.99999255017225,0.96878
PermutationPUF,20,1.61,-0.0038,0.9999927799739354,0.96767
PermutationPUF,20,1.62,-0.00334,0.9999944221844439,0.96632
PermutationPUF,20,1.63,-0.0032,0.999994879986893,0.96507
PermutationPUF,20,1.64,-0.00312,0.9999951327881552,0.96385
PermutationPUF,20,1.65,-0.00294,0.9999956781906609,0.9625
PermutationPUF,20,1.66,-0.0026,0.9999966199942876,0.96115
PermutationPUF,20,1.67,-0.00256,0.9999967231946313,0.95991
PermutationPUF,20,1.68,-0.00268,0.9999964087935517,0.95877
PermutationPUF,20,1.69,-0.00286,0.9999959101916367,0.95766
PermutationPUF,20,1.7,-0.00284,0.9999959671918682,0.95655
PermutationPUF,20,1.71,-0.00268,0.9999964087935517,0.95539
PermutationPUF,20,1.72,-0.00292,0.9999957367909125,0.95411
PermutationPUF,20,1.73,-0.00294,0.9999956781906609,0.9529
PermutationPUF,20,1.74,-0.00298,0.9999955597901421,0.95166
PermutationPUF,20,1.75,-0.00292,0.9999957367909125,0.95075
PermutationPUF,20,1.76,-0.00286,0.9999959101916368,0.9495
PermutationPUF,20,1.77,-0.00258,0.9999966717944616,0.94812
PermutationPUF,20,1.78,-0.00246,0.9999969741954221,0.94706
PermutationPUF,20,1.79,-0.0025,0.999996874995117,0.94586
PermutationPUF,20,1.8,-0.00274,0.9999962461929546,0.94468
PermutationPUF,20,1.81,-0.00284,0.9999959671918681,0.94339
PermutationPUF,20,1.82,-0.00322,0.9999948157865619,0.9423
PermutationPUF,20,1.83,-0.0031,0.9999951949884559,0.94098
PermutationPUF,20,1.84,-0.00334,0.9999944221844439,0.93984
PermutationPUF,20,1.85,-0.00334,0.9999944221844439,0.93864
PermutationPUF,20,1.86,-0.00274,0.9999962461929546,0.93758
PermutationPUF,20,1.87,-0.00296,0.9999956191904044,0.93645
PermutationPUF,20,1.88,-0.00322,0.9999948157865619,0.93526
PermutationPUF,20,1.89,-0.00274,0.9999962461929546,0.93414
PermutationPUF,20,1.9,-0.00302,0.9999954397896021,0.93302
PermutationPUF,20,1.91,-0.00282,0.9999960237920948,0.93178
PermutationPUF,20,1.92,-0.00348,0.9999939447816671,0.93049
PermutationPUF,20,1.93,-0.00304,0.9999953791893241,0.92949
PermutationPUF,20,1.94,-0.0032,0.999994879986893,0.92829
PermutationPUF,20,1.95,-0.00314,0.9999950701878484,0.92722
PermutationPUF,20,1.96,-0.00288,0.9999958527914004,0.92595
PermutationPUF,20,1.97,-0.00316,0.999995007187536,0.92467
PermutationPUF,20,1.98,-0.00282,0.9999960237920948,0.92352
PermutationPUF,20,1.99,-0.00248,0.9999969247952715,0.92225
PermutationPUF,20,2.0,-0.0022,0.9999975799970718,0.92099
PermutationPUF,20,2.01,-0.002,0.999997999998,0.91971
PermutationPUF,20,2.02,-0.00188,0.9999982327984387,0.91843
PermutationPUF,20,2.03,-0.00174,0.9999984861988542,0.91718
PermutationPUF,20,2.04,-0.00162,0.9999986877991391,0.91592
PermutationPUF,20,2.05,-0.00164,0.9999986551990959,0.91489
PermutationPUF,20,2.06,-0.00178,0.9999984157987453,0.91382
PermutationPUF,20,2.07,-0.00182,0.9999983437986284,0.91282
PermutationPUF,20,2.08,-0.00178,0.9999984157987452,0.91168
PermutationPUF,20,2.09,-0.00136,0.9999990751995724,0.91035
PermutationPUF,20,2.1,-0.00128,0.9999991807996643,0.90919
PermutationPUF,20,2.11,-0.00148,0.9999989047994003,0.90797
PermutationPUF,20,2.12,-0.00124,0.9999992311997046,0.90681
PermutationPUF,20,2.13,-0.0013,0.9999991549996431,0.9056
PermutationPUF,20,2.14,-0.00088,0.9999996127999249,0.90441
PermutationPUF,20,2.15,-0.00076,0.9999997111999585,0.90331
PermutationPUF,20,2.16,-0.00104,0.9999994591998537,0.90225
PermutationPUF,20,2.17,-0.00116,0.9999993271997738,0.90129
PermutationPUF,20,2.18,-0.00104,0.9999994591998538,0.90031
PermutationPUF,20,2.19,-0.0008,0.9999996799999488,0.89913
PermutationPUF,20,2.2,-0.00088,0.9999996127999249,0.89779
PermutationPUF,20,2.21,-0.00062,0.9999998077999818,0.89658
PermutationPUF,20,2.22,-0.0003,0.9999999549999989,0.89532
PermutationPUF,20,2.23,0.00012,0.9999999927999997,0.89425
PermutationPUF,20,2.24,0.00012,0.9999999927999997,0.89327
PermutationPUF,20,2.25,0.00028,0.9999999607999992,0.89227
PermutationPUF,20,2.26,0.00084,0.9999996471999377,0.89105
PermutationPUF,20,2.27,0.00088,0.9999996127999249,0.88977
PermutationPUF,20,2.28,0.00066,0.9999997821999764,0.88868
PermutationPUF,20,2.29,0.0009,0.9999995949999179,0.88762
PermutationPUF,20,2.3,0.00058,0.999999831799986,0.88624
PermutationPUF,20,2.31,0.00076,0.9999997111999586,0.88519
PermutationPUF,20,2.32,0.00056,0.9999998431999877,0.88379
PermutationPUF,20,2.33,0.0006,0.9999998199999839,0.88269
PermutationPUF,20,2.34,0.0002,0.9999999799999999,0.88153
PermutationPUF,20,2.35,0.00058,0.9999998317999859,0.88044
PermutationPUF,20,2.36,0.00064,0.9999997951999792,0.87951
PermutationPUF,20,2.37,0.00072,0.9999997407999665,0.87845
PermutationPUF,20,2.38,0.0008,0.9999996799999488,0.87743
PermutationPUF,20,2.39,0.00094,0.9999995581999024,0.87644
PermutationPUF,20,2.4,0.00136,0.9999990751995724,0.87553
PermutationPUF,20,2.41,0.00122,0.9999992557997232,0.87462
PermutationPUF,20,2.42,0.00126,0.9999992061996849,0.87366
PermutationPUF,20,2.43,0.001,0.999999499999875,0.87289
PermutationPUF,20,2.44,0.0011,0.999999394999817,0.87194
PermutationPUF,20,2.45,0.00116,0.9999993271997737,0.87089
PermutationPUF,20,2.46,0.00178,0.999998415798745,0.86962
PermutationPUF,20,2.47,0.00208,0.9999978367976604,0.86851
PermutationPUF,20,2.48,0.00228,0.9999974007966221,0.86735
PermutationPUF,20,2.49,0.00248,0.9999969247952715,0.86625
PermutationPUF,20,2.5,0.00278,0.999996135792534,0.86488
PermutationPUF,20,2.51,0.00256,0.9999967231946313,0.86375
PermutationPUF,20,2.52,0.00254,0.999996774194797,0.86276
PermutationPUF,20,2.53,0.00208,0.9999978367976603,0.86165
PermutationPUF,20,2.54,0.00216,0.9999976671972792,0.86065
PermutationPUF,20,2.55,0.00216,0.9999976671972792,0.85971
PermutationPUF,20,2.56,0.00208,0.9999978367976604,0.85861
PermutationPUF,20,2.57,0.0021,0.999997794997569,0.8574
PermutationPUF,20,2.58,0.0022,0.9999975799970717,0.85633
PermutationPUF,20,2.59,0.00228,0.9999974007966221,0.85539
PermutationPUF,20,2.6,0.00214,0.9999977101973784,0.8544
PermutationPUF,20,2.61,0.00196,0.9999980791981555,0.85313
PermutationPUF,20,2.62,0.00232,0.9999973087963787,0.85211
PermutationPUF,20,2.63,0.00212,0.999997752797475,0.85097
PermutationPUF,20,2.64,0.00224,0.999997491196853,0.84993
PermutationPUF,20,2.65,0.00222,0.9999975357969639,0.84906
PermutationPUF,20,2.66,0.00228,0.9999974007966221,0.84801
PermutationPUF,20,2.67,0.00224,0.9999974911968531,0.84693
PermutationPUF,20,2.68,0.00202,0.9999979597979188,0.84584
PermutationPUF,20,2.69,0.00244,0.9999970231955695,0.84477
PermutationPUF,20,2.7,0.0024,0.9999971199958526,0.84375
PermutationPUF,20,2.71,0.0025,0.999996874995117,0.84282
PermutationPUF,20,2.72,0.00264,0.9999965151939282,0.84171
PermutationPUF,20,2.73,0.00258,0.9999966717944615,0.8406
PermutationPUF,20,2.74,0.00236,0.9999972151961223,0.83941
PermutationPUF,20,2.75,0.00254,0.999996774194797,0.83826
PermutationPUF,20,2.76,0.00218,0.9999976237971769,0.83732
PermutationPUF,20,2.77,0.00186,0.999998270198504,0.83606
PermutationPUF,20,2.78,0.00164,0.9999986551990959,0.83505
PermutationPUF,20,2.79,0.00124,0.9999992311997046,0.83393
PermutationPUF,20,2.8,0.00124,0.9999992311997045,0.83285
PermutationPUF,20,2.81,0.0014,0.9999990199995199,0.83197
PermutationPUF,20,2.82,0.00128,0.9999991807996643,0.83075
PermutationPUF,20,2.83,0.0011,0.9999993949998172,0.82966
PermutationPUF,20,2.84,0.00088,0.9999996127999248,0.82869
PermutationPUF,20,2.85,0.00114,0.9999993501997889,0.82766
PermutationPUF,20,2.86,0.00068,0.9999997687999732,0.82695
PermutationPUF,20,2.87,0.0006,0.9999998199999839,0.82589
PermutationPUF,20,2.88,0.001,0.999999499999875,0.82503
PermutationPUF,20,2.89,0.0013,0.9999991549996432,0.82394
PermutationPUF,20,2.9,0.00132,0.9999991287996207,0.82299
PermutationPUF,20,2.91,0.00136,0.9999990751995724,0.82199
PermutationPUF,20,2.92,0.00152,0.9999988447993328,0.82099
PermutationPUF,20,2.93,0.00168,0.9999985887990042,0.82013
PermutationPUF,20,2.94,0.00164,0.9999986551990959,0.81915
PermutationPUF,20,2.95,0.0016,0.9999987199991808,0.81813
PermutationPUF,20,2.96,0.00114,0.9999993501997888,0.81708
PermutationPUF,20,2.97,0.00146,0.999998934199432,0.81622
PermutationPUF,20,2.98,0.00148,0.9999989047994003,0.81533
PermutationPUF,20,2.99,0.00164,0.9999986551990959,0.81419
PermutationPUF,20,3.0,0.0017,0.9999985549989561,0.81318
PermutationPUF,25,0.5,-0.00784,0.9999692667277329,0.91228
PermutationPUF,25,0.51,-0.00786,0.9999691097228952,0.91319
PermutationPUF,25,0.52,-0.00796,0.9999683186981475,0.91408
PermutationPUF,25,0.53,-0.00788,0.9999689523180209,0.91484
PermutationPUF,25,0.54,-0.00774,0.9999700457513717,0.91573
PermutationPUF,25,0.55,-0.008,0.9999679994879836,0.91654
PermutationPUF,25,0.56,-0.00812,0.9999670322565639,0.91754
PermutationPUF,25,0.57,-0.00824,0.99996605062372,0.91824
PermutationPUF,25,0.58,-0.00834,0.9999652215952314,0.91909
PermutationPUF,25,0.59,-0.00804,0.999967678677666,0.92008
PermutationPUF,25,0.6,-0.00802,0.9999678392828442,0.92119
PermutationPUF,25,0.61,-0.00828,0.9999657202124482,0.9219
PermutationPUF,25,0.62,-0.00812,0.9999670322565639,0.92298
PermutationPUF,25,0.63,-0.00832,0.9999653882010117,0.92386
PermutationPUF,25,0.64,-0.00772,0.9999702003559906,0.92494
PermutationPUF,25,0.65,-0.00758,0.9999712713873335,0.92565
PermutationPUF,25,0.66,-0.00762,0.9999709673785535,0.92655
PermutationPUF,25,0.67,-0.00732,0.999973208441106,0.92742
PermutationPUF,25,0.68,-0.00724,0.9999737908565405,0.92842
PermutationPUF,25,0.69,-0.00746,0.9999721738128518,0.92943
PermutationPUF,25,0.7,-0.00766,0.9999706617696342,0.93045
PermutationPUF,25,0.71,-0.00716,0.9999743668714715,0.93132
PermutationPUF,25,0.72,-0.007,0.9999754996998674,0.93216
PermutationPUF,25,0.73,-0.00684,0.999976606926382,0.9331
PermutationPUF,25,0.74,-0.00662,0.9999780875599226,0.93403
PermutationPUF,25,0.75,-0.00666,0.9999778219540671,0.93507
PermutationPUF,25,0.76,-0.00636,0.9999797749954745,0.93602
PermutationPUF,25,0.77,-0.00662,0.9999780875599226,0.93681
PermutationPUF,25,0.78,-0.00686,0.9999764699231678,0.93783
PermutationPUF,25,0.79,-0.00674,0.9999772859420358,0.93869
PermutationPUF,25,0.8,-0.0065,0.9999788747768623,0.93975
PermutationPUF,25,0.81,-0.00638,0.9999796475928898,0.94085
PermutationPUF,25,0.82,-0.00644,0.9999792629849882,0.94178
PermutationPUF,25,0.83,-0.0063,0.9999801548030842,0.94273
PermutationPUF,25,0.84,-0.00622,0.9999806556128973,0.94361
PermutationPUF,25,0.85,-0.0064,0.9999795197902804,0.9446
PermutationPUF,25,0.86,-0.0063,0.9999801548030842,0.94563
PermutationPUF,25,0.87,-0.00634,0.9999799019980352,0.94667
PermutationPUF,25,0.88,-0.00654,0.9999786139713189,0.94761
PermutationPUF,25,0.89,-0.0063,0.9999801548030842,0.94849
PermutationPUF,25,0.9,-0.00584,0.9999829470545984,0.94956
PermutationPUF,25,0.91,-0.00556,0.9999845430805417,0.95068
PermutationPUF,25,0.92,-0.00572,0.9999836406661862,0.95186
PermutationPUF,25,0.93,-0.00544,0.9999852030905259,0.95292
PermutationPUF,25,0.94,-0.00516,0.9999866871113835,0.95396
PermutationPUF,25,0.95,-0.005,0.9999874999218739,0.95516
PermutationPUF,25,0.96,-0.00518,0.9999865837100015,0.95629
PermutationPUF,25,0.97,-0.00516,0.9999866871113836,0.95754
PermutationPUF,25,0.98,-0.00496,0.9999876991243444,0.95866
PermutationPUF,25,0.99,-0.00536,0.9999856350968247,0.95962
PermutationPUF,25,1.0,-0.00542,0.9999853116921268,0.96061
PermutationPUF,25,1.01,-0.00528,0.9999860607028478,0.96162
PermutationPUF,25,1.02,-0.00478,0.9999885757347432,0.96265
PermutationPUF,25,1.03,-0.0046,0.9999894199440309,0.96368
PermutationPUF,25,1.04,-0.00424,0.9999910111596004,0.9647
PermutationPUF,25,1.05,-0.00428,0.999990840758054,0.96578
PermutationPUF,25,1.06,-0.004,0.9999919999679996,0.96692
PermutationPUF,25,1.07,-0.00412,0.9999915127639835,0.96798
PermutationPUF,25,1.08,-0.00426,0.9999909261588326,0.96907
PermutationPUF,25,1.09,-0.00454,0.9999896941468946,0.97011
PermutationPUF,25,1.1,-0.0047,0.9999889549390032,0.97119
PermutationPUF,25,1.11,-0.00446,0.99999005415054,0.97219
PermutationPUF,25,1.12,-0.00438,0.9999904077539944,0.97339
PermutationPUF,25,1.13,-0.00418,0.9999912637618391,0.97455
PermutationPUF,25,1.14,-0.00424,0.9999910111596003,0.97572
PermutationPUF,25,1.15,-0.0039,0.9999923949710818,0.97699
PermutationPUF,25,1.16,-0.00392,0.9999923167704838,0.97814
PermutationPUF,25,1.17,-0.00392,0.9999923167704838,0.9794
PermutationPUF,25,1.18,-0.00382,0.9999927037733825,0.98067
PermutationPUF,25,1.19,-0.0038,0.9999927799739354,0.98178
PermutationPUF,25,1.2,-0.00418,0.9999912637618391,0.98285
PermutationPUF,25,1.21,-0.00432,0.9999906687564641,0.98396
PermutationPUF,25,1.22,-0.00436,0.9999904951548289,0.985
PermutationPUF,25,1.23,-0.0042,0.9999911799611034,0.98622
PermutationPUF,25,1.24,-0.00422,0.9999910957603572,0.98729
PermutationPUF,25,1.25,-0.0045,0.9999898749487416,0.98851
PermutationPUF,25,1.26,-0.00446,0.99999005415054,0.98987
PermutationPUF,25,1.27,-0.00454,0.9999896941468946,0.99091
PermutationPUF,25,1.28,-0.00486,0.9999881901302636,0.99211
PermutationPUF,25,1.29,-0.00456,0.9999896031459526,0.99318
PermutationPUF,25,1.3,-0.0047,0.9999889549390032,0.99453
PermutationPUF,25,1.31,-0.00486,0.9999881901302635,0.99573
PermutationPUF,25,1.32,-0.00504,0.9999872991193439,0.9967
PermutationPUF,25,1.33,-0.00484,0.9999882871314044,0.99768
PermutationPUF,25,1.34,-0.0049,0.9999879949279391,0.99879
PermutationPUF,25,1.35,-0.00512,0.9999868927140995,1.0
PermutationPUF,25,1.36,-0.00504,0.9999872991193439,0.99862
PermutationPUF,25,1.37,-0.00542,0.9999853116921269,0.99725
PermutationPUF,25,1.38,-0.00516,0.9999866871113836,0.99604
PermutationPUF,25,1.39,-0.00476,0.9999886711358287,0.995
PermutationPUF,25,1.4,-0.00484,0.9999882871314044,0.9938
PermutationPUF,25,1.41,-0.00458,0.9999895117449983,0.99249
PermutationPUF,25,1.42,-0.0047,0.9999889549390032,0.99127
PermutationPUF,25,1.43,-0.00422,0.9999910957603572,0.98993
PermutationPUF,25,1.44,-0.00386,0.99999255017225,0.98853
PermutationPUF,25,1.45,-0.00404,0.9999918391667004,0.98738
PermutationPUF,25,1.46,-0.00394,0.9999922381698769,0.98615
PermutationPUF,25,1.47,-0.00418,0.9999912637618391,0.98505
PermutationPUF,25,1.48,-0.00422,0.9999910957603572,0.98373
PermutationPUF,25,1.49,-0.00414,0.9999914301632788,0.98261
PermutationPUF,25,1.5,-0.00408,0.9999916767653622,0.98142
PermutationPUF,25,1.51,-0.00418,0.9999912637618391,0.98009
PermutationPUF,25,1.52,-0.0039,0.9999923949710817,0.97879
PermutationPUF,25,1.53,-0.00418,0.9999912637618391,0.97763
PermutationPUF,25,1.54,-0.00418,0.9999912637618391,0.97639
PermutationPUF,25,1.55,-0.00416,0.9999913471625641,0.9752
PermutationPUF,25,1.56,-0.00436,0.9999904951548289,0.97402
PermutationPUF,25,1.57,-0.00414,0.999991430163279,0.97267
PermutationPUF,25,1.58,-0.00398,0.9999920797686351,0.97163
PermutationPUF,25,1.59,-0.00386,0.99999255017225,0.97055
PermutationPUF,25,1.6,-0.00384,0.9999926271728209,0.96934
PermutationPUF,25,1.61,-0.00368,0.9999932287770752,0.96834
PermutationPUF,25,1.62,-0.00382,0.9999927037733825,0.96699
PermutationPUF,25,1.63,-0.00386,0.99999255017225,0.96579
PermutationPUF,25,1.64,-0.00392,0.999992316770484,0.96452
PermutationPUF,25,1.65,-0.00364,0.999993375178056,0.96334
PermutationPUF,25,1.66,-0.00334,0.9999944221844439,0.96205
PermutationPUF,25,1.67,-0.00316,0.999995007187536,0.96078
PermutationPUF,25,1.68,-0.0031,0.9999951949884561,0.95955
PermutationPUF,25,1.69,-0.0026,0.9999966199942876,0.95816
PermutationPUF,25,1.7,-0.00242,0.9999970717957127,0.95699
PermutationPUF,25,1.71,-0.00256,0.9999967231946313,0.95574
PermutationPUF,25,1.72,-0.0028,0.9999960799923165,0.9547
PermutationPUF,25,1.73,-0.00282,0.9999960237920948,0.95369
PermutationPUF,25,1.74,-0.0029,0.999995794991159,0.95253
PermutationPUF,25,1.75,-0.00284,0.9999959671918682,0.95142
PermutationPUF,25,1.76,-0.00296,0.9999956191904043,0.95004
PermutationPUF,25,1.77,-0.00286,0.9999959101916367,0.94897
PermutationPUF,25,1.78,-0.0029,0.999995794991159,0.94777
PermutationPUF,25,1.79,-0.00286,0.9999959101916367,0.94691
PermutationPUF,25,1.8,-0.00288,0.9999958527914004,0.94558
PermutationPUF,25,1.81,-0.00254,0.999996774194797,0.94441
PermutationPUF,25,1.82,-0.00246,0.9999969741954221,0.94333
PermutationPUF,25,1.83,-0.0026,0.9999966199942877,0.94212
PermutationPUF,25,1.84,-0.00272,0.9999963007931579,0.94094
PermutationPUF,25,1.85,-0.00286,0.9999959101916367,0.93967
PermutationPUF,25,1.86,-0.00318,0.9999949437872174,0.93867
PermutationPUF,25,1.87,-0.00304,0.9999953791893241,0.9374
PermutationPUF,25,1.88,-0.00332,0.9999944887848131,0.9363
PermutationPUF,25,1.89,-0.00332,0.9999944887848132,0.93508
PermutationPUF,25,1.9,-0.00282,0.9999960237920948,0.93401
PermutationPUF,25,1.91,-0.00298,0.9999955597901421,0.93291
PermutationPUF,25,1.92,-0.0032,0.9999948799868927,0.93176
PermutationPUF,25,1.93,-0.00276,0.9999961911927466,0.93068
PermutationPUF,25,1.94,-0.00304,0.999995379189324,0.9296
PermutationPUF,25,1.95,-0.00278,0.9999961357925341,0.92837
PermutationPUF,25,1.96,-0.00334,0.9999944221844439,0.92711
PermutationPUF,25,1.97,-0.00298,0.9999955597901422,0.92609
PermutationPUF,25,1.98,-0.00304,0.999995379189324,0.92508
PermutationPUF,25,1.99,-0.0032,0.9999948799868928,0.9239
PermutationPUF,25,2.0,-0.003,0.9999954999898748,0.92272
PermutationPUF,25,2.01,-0.0031,0.999995194988456,0.92147
PermutationPUF,25,2.02,-0.00288,0.9999958527914004,0.92036
PermutationPUF,25,2.03,-0.00276,0.9999961911927467,0.91902
PermutationPUF,25,2.04,-0.00226,0.999997446196739,0.91791
PermutationPUF,25,2.05,-0.00206,0.9999978781977491,0.91665
PermutationPUF,25,2.06,-0.00174,0.9999984861988542,0.91543
PermutationPUF,25,2.07,-0.00178,0.999998415798745,0.91407
PermutationPUF,25,2.08,-0.00188,0.9999982327984386,0.91292
PermutationPUF,25,2.09,-0.00152,0.9999988447993328,0.91186
PermutationPUF,25,2.1,-0.00174,0.9999984861988542,0.91075
PermutationPUF,25,2.11,-0.00188,0.9999982327984386,0.90984
PermutationPUF,25,2.12,-0.00176,0.9999984511988006,0.90884
PermutationPUF,25,2.13,-0.00178,0.999998415798745,0.90741
PermutationPUF,25,2.14,-0.00126,0.999999206199685,0.90631
PermutationPUF,25,2.15,-0.00136,0.9999990751995724,0.90512
PermutationPUF,25,2.16,-0.00138,0.9999990477995465,0.90407
PermutationPUF,25,2.17,-0.00128,0.9999991807996644,0.90286
PermutationPUF,25,2.18,-0.00114,0.9999993501997888,0.90173
PermutationPUF,25,2.19,-0.00092,0.9999995767999104,0.9007
PermutationPUF,25,2.2,-0.00102,0.9999994797998646,0.89951
PermutationPUF,25,2.21,-0.00112,0.9999993727998033,0.89846
PermutationPUF,25,2.22,-0.0011,0.9999993949998172,0.89755
PermutationPUF,25,2.23,-0.00098,0.9999995197998847,0.89655
PermutationPUF,25,2.24,-0.0008,0.9999996799999488,0.89544
PermutationPUF,25,2.25,-0.0008,0.9999996799999489,0.89408
PermutationPUF,25,2.26,-0.00066,0.9999997821999764,0.89291
PermutationPUF,25,2.27,-0.0003,0.9999999549999989,0.89173
PermutationPUF,25,2.28,0.00026,0.9999999661999994,0.89067
PermutationPUF,25,2.29,0.0003,0.9999999549999988,0.88969
PermutationPUF,25,2.3,0.0002,0.9999999799999999,0.88866
PermutationPUF,25,2.31,0.00068,0.9999997687999731,0.88754
PermutationPUF,25,2.32,0.00078,0.9999996957999536,0.88631
PermutationPUF,25,2.33,0.00064,0.9999997951999792,0.88528
PermutationPUF,25,2.34,0.0008,0.9999996799999487,0.88428
PermutationPUF,25,2.35,0.00054,0.9999998541999892,0.88287
PermutationPUF,25,2.36,0.00078,0.9999996957999536,0.88181
PermutationPUF,25,2.37,0.00054,0.9999998541999893,0.88045
PermutationPUF,25,2.38,0.00056,0.9999998431999876,0.8794
PermutationPUF,25,2.39,0.0002,0.9999999799999999,0.87826
PermutationPUF,25,2.4,0.00058,0.9999998317999859,0.87719
PermutationPUF,25,2.41,0.00066,0.9999997821999764,0.87631
PermutationPUF,25,2.42,0.00072,0.9999997407999665,0.87524
PermutationPUF,25,2.43,0.00088,0.9999996127999249,0.87428
PermutationPUF,25,2.44,0.00098,0.9999995197998848,0.87331
PermutationPUF,25,2.45,0.00128,0.9999991807996643,0.87248
PermutationPUF,25,2.46,0.00122,0.9999992557997232,0.87157
PermutationPUF,25,2.47,0.00128,0.9999991807996644,0.87056
PermutationPUF,25,2.48,0.00128,0.9999991807996644,0.8698
PermutationPUF,25,2.49,0.00106,0.9999994381998424,0.86893
PermutationPUF,25,2.5,0.00128,0.9999991807996643,0.86792
PermutationPUF,25,2.51,0.00146,0.9999989341994321,0.86677
PermutationPUF,25,2.52,0.0021,0.9999977949975689,0.86551
PermutationPUF,25,2.53,0.00238,0.9999971677959894,0.86441
PermutationPUF,25,2.54,0.00246,0.9999969741954221,0.86339
PermutationPUF,25,2.55,0.00276,0.9999961911927466,0.86212
PermutationPUF,25,2.56,0.00278,0.9999961357925339,0.86105
PermutationPUF,25,2.57,0.00258,0.9999966717944615,0.85995
PermutationPUF,25,2.58,0.00234,0.9999972621962523,0.85895
PermutationPUF,25,2.59,0.0021,0.9999977949975691,0.85801
PermutationPUF,25,2.6,0.00232,0.9999973087963786,0.8571
PermutationPUF,25,2.61,0.00194,0.9999981181982296,0.85599
PermutationPUF,25,2.62,0.00222,0.9999975357969639,0.85483
PermutationPUF,25,2.63,0.00202,0.9999979597979188,0.85369
PermutationPUF,25,2.64,0.00228,0.9999974007966221,0.85268
PermutationPUF,25,2.65,0.0022,0.9999975799970717,0.85182
PermutationPUF,25,2.66,0.002,0.999997999998,0.85078
PermutationPUF,25,2.67,0.00206,0.999997878197749,0.84949
PermutationPUF,25,2.68,0.00228,0.9999974007966221,0.8486
PermutationPUF,25,2.69,0.00218,0.999997623797177,0.84755
PermutationPUF,25,2.7,0.00208,0.9999978367976602,0.84666
PermutationPUF,25,2.71,0.00246,0.9999969741954222,0.84577
PermutationPUF,25,2.72,0.00214,0.9999977101973784,0.84461
PermutationPUF,25,2.73,0.00222,0.9999975357969639,0.84357
PermutationPUF,25,2.74,0.00206,0.999997878197749,0.84249
PermutationPUF,25,2.75,0.00242,0.9999970717957127,0.84155
PermutationPUF,25,2.76,0.0025,0.9999968749951169,0.84053
PermutationPUF,25,2.77,0.00246,0.9999969741954222,0.83959
PermutationPUF,25,2.78,0.00264,0.9999965151939281,0.83848
PermutationPUF,25,2.79,0.00252,0.9999968247949592,0.8375
PermutationPUF,25,2.8,0.00242,0.9999970717957127,0.83627
PermutationPUF,25,2.81,0.0025,0.999996874995117,0.83513
PermutationPUF,25,2.82,0.0022,0.9999975799970718,0.83426
PermutationPUF,25,2.83,0.00196,0.9999980791981555,0.83302
PermutationPUF,25,2.84,0.00166,0.9999986221990508,0.83205
PermutationPUF,25,2.85,0.00124,0.9999992311997045,0.83098
PermutationPUF,25,2.86,0.00126,0.999999206199685,0.82987
PermutationPUF,25,2.87,0.0014,0.9999990199995199,0.82904
PermutationPUF,25,2.88,0.00128,0.9999991807996643,0.82784
PermutationPUF,25,2.89,0.00116,0.9999993271997738,0.8268
PermutationPUF,25,2.9,0.00094,0.9999995581999025,0.82581
PermutationPUF,25,2.91,0.00104,0.9999994591998536,0.8249
PermutationPUF,25,2.92,0.00064,0.9999997951999791,0.82412
PermutationPUF,25,2.93,0.00066,0.9999997821999764,0.82309
PermutationPUF,25,2.94,0.00092,0.9999995767999105,0.82222
PermutationPUF,25,2.95,0.0013,0.9999991549996432,0.82125
PermutationPUF,25,2.96,0.00136,0.9999990751995724,0.82032
PermutationPUF,25,2.97,0.00122,0.9999992557997232,0.81935
PermutationPUF,25,2.98,0.0015,0.9999988749993671,0.81833
PermutationPUF,25,2.99,0.00162,0.9999986877991393,0.81743
PermutationPUF,25,3.0,0.00154,0.9999988141992969,0.81661
PermutationPUF,30,0.5,-0.0079,0.9999687945131087,0.91403
PermutationPUF,30,0.51,-0.00786,0.9999691097228953,0.91499
PermutationPUF,30,0.52,-0.00788,0.999968952318021,0.91592
PermutationPUF,30,0.53,-0.008,0.9999679994879836,0.91676
PermutationPUF,30,0.54,-0.00792,0.9999686363081595,0.9176
PermutationPUF,30,0.55,-0.00786,0.9999691097228952,0.91841
PermutationPUF,30,0.56,-0.00794,0.9999684777031723,0.91923
PermutationPUF,30,0.57,-0.00812,0.999967032256564,0.92016
PermutationPUF,30,0.58,-0.00822,0.9999662152292945,0.92095
PermutationPUF,30,0.59,-0.00824,0.9999660506237199,0.9218
PermutationPUF,30,0.6,-0.00812,0.9999670322565639,0.9227
PermutationPUF,30,0.61,-0.00828,0.9999657202124482,0.92372
PermutationPUF,30,0.62,-0.00816,0.9999667066457761,0.92462
PermutationPUF,30,0.63,-0.00808,0.9999673562671934,0.9255
PermutationPUF,30,0.64,-0.00822,0.9999662152292945,0.92649
PermutationPUF,30,0.65,-0.00802,0.999967839282844,0.92743
PermutationPUF,30,0.66,-0.00772,0.9999702003559906,0.9283
PermutationPUF,30,0.67,-0.00758,0.9999712713873335,0.92905
PermutationPUF,30,0.68,-0.00736,0.999972914833197,0.93002
PermutationPUF,30,0.69,-0.0072,0.9999740796640679,0.93078
PermutationPUF,30,0.7,-0.00722,0.9999739354603199,0.93193
PermutationPUF,30,0.71,-0.00754,0.9999715737959756,0.93275
PermutationPUF,30,0.72,-0.00734,0.9999730618371676,0.93385
PermutationPUF,30,0.73,-0.00702,0.9999753594964228,0.93471
PermutationPUF,30,0.74,-0.00712,0.9999746524787514,0.9356
PermutationPUF,30,0.75,-0.00686,0.9999764699231677,0.93641
PermutationPUF,30,0.76,-0.00644,0.9999792629849882,0.93744
PermutationPUF,30,0.77,-0.00658,0.9999783515656728,0.93843
PermutationPUF,30,0.78,-0.00652,0.9999787445741036,0.93934
PermutationPUF,30,0.79,-0.00666,0.9999778219540673,0.94021
PermutationPUF,30,0.8,-0.00696,0.9999757789066692,0.9411
PermutationPUF,30,0.81,-0.00656,0.9999784829685086,0.942
PermutationPUF,30,0.82,-0.00656,0.9999784829685087,0.94306
PermutationPUF,30,0.83,-0.00628,0.9999802806055728,0.94402
PermutationPUF,30,0.84,-0.0063,0.9999801548030842,0.94501
PermutationPUF,30,0.85,-0.0063,0.9999801548030842,0.94591
PermutationPUF,30,0.86,-0.00642,0.9999793915876469,0.94683
PermutationPUF,30,0.87,-0.00626,0.9999804060080378,0.94783
PermutationPUF,30,0.88,-0.00618,0.999980903617664,0.94881
PermutationPUF,30,0.89,-0.0064,0.9999795197902804,0.94976
PermutationPUF,30,0.9,-0.0064,0.9999795197902804,0.95074
PermutationPUF,30,0.91,-0.0064,0.9999795197902804,0.95168
PermutationPUF,30,0.92,-0.00584,0.9999829470545983,0.95264
PermutationPUF,30,0.93,-0.00554,0.9999846540822515,0.95373
PermutationPUF,30,0.94,-0.0057,0.999983754868048,0.95489
PermutationPUF,30,0.95,-0.00546,0.999985094088907,0.95595
PermutationPUF,30,0.96,-0.00516,0.9999866871113835,0.95696
PermutationPUF,30,0.97,-0.005,0.9999874999218739,0.95814
PermutationPUF,30,0.98,-0.00518,0.9999865837100015,0.95925
PermutationPUF,30,0.99,-0.00514,0.9999867901127493,0.96053
PermutationPUF,30,1.0,-0.00502,0.9999873997206163,0.96159
PermutationPUF,30,1.01,-0.00534,0.9999857420983559,0.96253
PermutationPUF,30,1.02,-0.00526,0.9999861661043117,0.96349
PermutationPUF,30,1.03,-0.00524,0.9999862711057586,0.9645
PermutationPUF,30,1.04,-0.00478,0.9999885757347432,0.96551
PermutationPUF,30,1.05,-0.00456,0.9999896031459526,0.96652
PermutationPUF,30,1.06,-0.0043,0.9999907549572646,0.96753
PermutationPUF,30,1.07,-0.00426,0.9999909261588327,0.96859
PermutationPUF,30,1.08,-0.00402,0.9999919197673548,0.96967
PermutationPUF,30,1.09,-0.00392,0.9999923167704838,0.9707
PermutationPUF,30,1.1,-0.00426,0.9999909261588326,0.97179
PermutationPUF,30,1.11,-0.00448,0.9999899647496469,0.97284
PermutationPUF,30,1.12,-0.00462,0.9999893277430515,0.97395
PermutationPUF,30,1.13,-0.00446,0.9999900541505401,0.97491
PermutationPUF,30,1.14,-0.00444,0.9999901431514212,0.976
PermutationPUF,30,1.15,-0.00438,0.9999904077539945,0.97721
PermutationPUF,30,1.16,-0.00418,0.9999912637618391,0.97837
PermutationPUF,30,1.17,-0.00398,0.999992079768635,0.97959
PermutationPUF,30,1.18,-0.00398,0.9999920797686351,0.98069
PermutationPUF,30,1.19,-0.00392,0.999992316770484,0.98184
PermutationPUF,30,1.2,-0.00384,0.9999926271728209,0.98312
PermutationPUF,30,1.21,-0.00386,0.99999255017225,0.98433
PermutationPUF,30,1.22,-0.00392,0.9999923167704838,0.98542
PermutationPUF,30,1.23,-0.00428,0.9999908407580541,0.98646
PermutationPUF,30,1.24,-0.00422,0.9999910957603572,0.98757
PermutationPUF,30,1.25,-0.00428,0.9999908407580541,0.98862
PermutationPUF,30,1.26,-0.00412,0.9999915127639836,0.98976
PermutationPUF,30,1.27,-0.00428,0.999990840758054,0.99082
PermutationPUF,30,1.28,-0.00448,0.9999899647496467,0.99208
PermutationPUF,30,1.29,-0.00468,0.9999890487400349,0.99334
PermutationPUF,30,1.3,-0.00464,0.9999892351420587,0.99434
PermutationPUF,30,1.31,-0.0049,0.9999879949279391,0.99557
PermutationPUF,30,1.32,-0.00448,0.9999899647496469,0.99668
PermutationPUF,30,1.33,-0.00476,0.9999886711358286,0.99794
PermutationPUF,30,1.34,-0.00496,0.9999876991243444,0.99918
PermutationPUF,30,1.35,-0.00512,0.9999868927140995,1.0
PermutationPUF,30,1.36,-0.00478,0.9999885757347431,0.99903
PermutationPUF,30,1.37,-0.00494,0.9999877981255573,0.99789
PermutationPUF,30,1.38,-0.00512,0.9999868927140995,0.99672
PermutationPUF,30,1.39,-0.00498,0.9999875997231168,0.99537
PermutationPUF,30,1.4,-0.00536,0.9999856350968247,0.99408
PermutationPUF,30,1.41,-0.00504,0.9999872991193439,0.99286
PermutationPUF,30,1.42,-0.00472,0.9999888607379585,0.99182
PermutationPUF,30,1.43,-0.0048,0.9999884799336439,0.99062
PermutationPUF,30,1.44,-0.0046,0.999989419944031,0.98934
PermutationPUF,30,1.45,-0.00466,0.9999891421410535,0.98815
PermutationPUF,30,1.46,-0.00422,0.9999910957603572,0.98683
PermutationPUF,30,1.47,-0.00386,0.99999255017225,0.98545
PermutationPUF,30,1.48,-0.00406,0.999991758166036,0.98433
PermutationPUF,30,1.49,-0.00398,0.9999920797686351,0.98317
PermutationPUF,30,1.5,-0.00406,0.999991758166036,0.98209
PermutationPUF,30,1.51,-0.00416,0.9999913471625642,0.98088
PermutationPUF,30,1.52,-0.00414,0.9999914301632788,0.97969
PermutationPUF,30,1.53,-0.0039,0.9999923949710817,0.97859
PermutationPUF,30,1.54,-0.00418,0.9999912637618391,0.97723
PermutationPUF,30,1.55,-0.00396,0.9999921591692608,0.97596
PermutationPUF,30,1.56,-0.0041,0.9999915949646777,0.97495
PermutationPUF,30,1.57,-0.00406,0.999991758166036,0.97373
PermutationPUF,30,1.58,-0.00396,0.9999921591692607,0.9725
PermutationPUF,30,1.59,-0.00422,0.9999910957603572,0.97143
PermutationPUF,30,1.6,-0.00424,0.9999910111596004,0.97002
PermutationPUF,30,1.61,-0.00422,0.9999910957603572,0.96891
PermutationPUF,30,1.62,-0.00396,0.9999921591692608,0.96782
PermutationPUF,30,1.63,-0.00392,0.9999923167704837,0.96684
PermutationPUF,30,1.64,-0.00382,0.9999927037733825,0.96577
PermutationPUF,30,1.65,-0.00372,0.9999930807760621,0.96454
PermutationPUF,30,1.66,-0.0038,0.9999927799739355,0.96322
PermutationPUF,30,1.67,-0.00396,0.9999921591692608,0.96202
PermutationPUF,30,1.68,-0.00372,0.9999930807760621,0.96096
PermutationPUF,30,1.69,-0.00338,0.9999942877836854,0.95963
PermutationPUF,30,1.7,-0.00322,0.9999948157865619,0.95843
PermutationPUF,30,1.71,-0.00312,0.9999951327881552,0.95728
PermutationPUF,30,1.72,-0.003,0.9999954999898748,0.95594
PermutationPUF,30,1.73,-0.00264,0.9999965151939281,0.95468
PermutationPUF,30,1.74,-0.00252,0.9999968247949592,0.95348
PermutationPUF,30,1.75,-0.0027,0.9999963549933569,0.95235
PermutationPUF,30,1.76,-0.00288,0.9999958527914004,0.95132
PermutationPUF,30,1.77,-0.00306,0.9999953181890405,0.95035
PermutationPUF,30,1.78,-0.0028,0.9999960799923167,0.94918
PermutationPUF,30,1.79,-0.00282,0.9999960237920948,0.94803
PermutationPUF,30,1.8,-0.0032,0.999994879986893,0.94676
PermutationPUF,30,1.81,-0.00292,0.9999957367909124,0.94572
PermutationPUF,30,1.82,-0.00294,0.9999956781906609,0.94467
PermutationPUF,30,1.83,-0.00292,0.9999957367909125,0.94372
PermutationPUF,30,1.84,-0.0029,0.9999957949911591,0.94235
PermutationPUF,30,1.85,-0.0027,0.9999963549933568,0.94133
PermutationPUF,30,1.86,-0.0025,0.999996874995117,0.94027
PermutationPUF,30,1.87,-0.00252,0.9999968247949592,0.93904
PermutationPUF,30,1.88,-0.00264,0.9999965151939283,0.93792
PermutationPUF,30,1.89,-0.00296,0.9999956191904044,0.9367
PermutationPUF,30,1.9,-0.00318,0.9999949437872173,0.93565
PermutationPUF,30,1.91,-0.00308,0.9999952567887509,0.93446
PermutationPUF,30,1.92,-0.00334,0.9999944221844439,0.93341
PermutationPUF,30,1.93,-0.0033,0.999994554985176,0.93225
PermutationPUF,30,1.94,-0.00284,0.9999959671918681,0.93118
PermutationPUF,30,1.95,-0.00298,0.9999955597901421,0.93011
PermutationPUF,30,1.96,-0.00314,0.9999950701878484,0.92905
PermutationPUF,30,1.97,-0.00278,0.9999961357925341,0.92793
PermutationPUF,30,1.98,-0.00302,0.9999954397896021,0.92687
PermutationPUF,30,1.99,-0.0026,0.9999966199942877,0.92578
PermutationPUF,30,2.0,-0.00342,0.9999941517828992,0.92455
PermutationPUF,30,2.01,-0.00304,0.9999953791893239,0.92352
PermutationPUF,30,2.02,-0.00302,0.9999954397896021,0.92253
PermutationPUF,30,2.03,-0.00322,0.9999948157865619,0.92141
PermutationPUF,30,2.04,-0.00312,0.9999951327881552,0.9203
PermutationPUF,30,2.05,-0.003,0.9999954999898748,0.91904
PermutationPUF,30,2.06,-0.0029,0.999995794991159,0.91789
PermutationPUF,30,2.07,-0.00266,0.999996462193742,0.91663
PermutationPUF,30,2.08,-0.00244,0.9999970231955694,0.91554
PermutationPUF,30,2.09,-0.00216,0.9999976671972792,0.91436
PermutationPUF,30,2.1,-0.00198,0.9999980397980789,0.91311
PermutationPUF,30,2.11,-0.0019,0.9999981949983711,0.91187
PermutationPUF,30,2.12,-0.00174,0.9999984861988542,0.91073
PermutationPUF,30,2.13,-0.00156,0.9999987831992597,0.9096
PermutationPUF,30,2.14,-0.0017,0.9999985549989561,0.90855
PermutationPUF,30,2.15,-0.00174,0.9999984861988542,0.90759
PermutationPUF,30,2.16,-0.00182,0.9999983437986284,0.90663
PermutationPUF,30,2.17,-0.00174,0.9999984861988542,0.90545
PermutationPUF,30,2.18,-0.00146,0.9999989341994319,0.90421
PermutationPUF,30,2.19,-0.00128,0.9999991807996643,0.90312
PermutationPUF,30,2.2,-0.00154,0.9999988141992969,0.90199
PermutationPUF,30,2.21,-0.00126,0.999999206199685,0.90091
PermutationPUF,30,2.22,-0.00118,0.9999993037997575,0.89975
PermutationPUF,30,2.23,-0.00096,0.9999995391998938,0.89856
PermutationPUF,30,2.24,-0.0008,0.9999996799999488,0.89758
PermutationPUF,30,2.25,-0.00112,0.9999993727998033,0.8965
PermutationPUF,30,2.26,-0.00122,0.9999992557997232,0.89557
PermutationPUF,30,2.27,-0.00122,0.9999992557997232,0.89467
PermutationPUF,30,2.28,-0.00092,0.9999995767999105,0.8935
PermutationPUF,30,2.29,-0.0008,0.9999996799999489,0.89252
PermutationPUF,30,2.3,-0.00062,0.9999998077999818,0.89125
PermutationPUF,30,2.31,-0.0006,0.9999998199999839,0.89012
PermutationPUF,30,2.32,-0.00028,0.9999999607999992,0.88892
PermutationPUF,30,2.33,0.00024,0.9999999711999996,0.88786
PermutationPUF,30,2.34,6e-05,0.9999999981999999,0.88691
PermutationPUF,30,2.35,0.00034,0.9999999421999983,0.88585
PermutationPUF,30,2.36,0.00082,0.9999996637999435,0.88477
PermutationPUF,30,2.37,0.00074,0.9999997261999625,0.88363
PermutationPUF,30,2.38,0.00072,0.9999997407999665,0.88262
PermutationPUF,30,2.39,0.00084,0.9999996471999377,0.88156
PermutationPUF,30,2.4,0.00044,0.9999999031999952,0.88022
PermutationPUF,30,2.41,0.00084,0.9999996471999376,0.8792
PermutationPUF,30,2.42,0.00058,0.999999831799986,0.87787
PermutationPUF,30,2.43,0.00056,0.9999998431999876,0.87684
PermutationPUF,30,2.44,0.00018,0.9999999837999999,0.87571
PermutationPUF,30,2.45,0.0006,0.9999998199999839,0.87464
PermutationPUF,30,2.46,0.00058,0.9999998317999859,0.87381
PermutationPUF,30,2.47,0.0007,0.99999975499997,0.87279
PermutationPUF,30,2.48,0.00102,0.9999994797998647,0.87183
PermutationPUF,30,2.49,0.0009,0.9999995949999179,0.87091
PermutationPUF,30,2.5,0.0011,0.9999993949998172,0.87013
PermutationPUF,30,2.51,0.00136,0.9999990751995724,0.86922
PermutationPUF,30,2.52,0.00124,0.9999992311997044,0.86826
PermutationPUF,30,2.53,0.00132,0.9999991287996206,0.86746
PermutationPUF,30,2.54,0.00116,0.9999993271997737,0.86664
PermutationPUF,30,2.55,0.00122,0.999999255799723,0.86567
PermutationPUF,30,2.56,0.00132,0.9999991287996205,0.86452
PermutationPUF,30,2.57,0.00206,0.999997878197749,0.86331
PermutationPUF,30,2.58,0.00216,0.9999976671972792,0.86228
PermutationPUF,30,2.59,0.0024,0.9999971199958527,0.86126
PermutationPUF,30,2.6,0.00262,0.9999965677941101,0.86019
PermutationPUF,30,2.61,0.00278,0.9999961357925339,0.85899
PermutationPUF,30,2.62,0.00256,0.9999967231946313,0.85782
PermutationPUF,30,2.63,0.00242,0.9999970717957127,0.85701
PermutationPUF,30,2.64,0.00204,0.9999979191978351,0.85586
PermutationPUF,30,2.65,0.0022,0.9999975799970717,0.85498
PermutationPUF,30,2.66,0.00208,0.9999978367976603,0.854
PermutationPUF,30,2.67,0.00206,0.999997878197749,0.85291
PermutationPUF,30,2.68,0.00208,0.9999978367976603,0.85178
PermutationPUF,30,2.69,0.00218,0.9999976237971769,0.85075
PermutationPUF,30,2.7,0.0023,0.9999973549965021,0.84987
PermutationPUF,30,2.71,0.00214,0.9999977101973784,0.84897
PermutationPUF,30,2.72,0.00194,0.9999981181982295,0.84777
PermutationPUF,30,2.73,0.0022,0.9999975799970717,0.84678
PermutationPUF,30,2.74,0.00222,0.9999975357969639,0.84573
PermutationPUF,30,2.75,0.0023,0.9999973549965021,0.84473
PermutationPUF,30,2.76,0.00214,0.9999977101973784,0.84393
PermutationPUF,30,2.77,0.00228,0.9999974007966221,0.843
PermutationPUF,30,2.78,0.00218,0.9999976237971769,0.84191
PermutationPUF,30,2.79,0.002,0.9999979999979999,0.8408
PermutationPUF,30,2.8,0.00232,0.9999973087963786,0.8398
PermutationPUF,30,2.81,0.00232,0.9999973087963786,0.83894
PermutationPUF,30,2.82,0.00262,0.9999965677941101,0.83789
PermutationPUF,30,2.83,0.0026,0.9999966199942876,0.83704
PermutationPUF,30,2.84,0.00272,0.9999963007931579,0.83588
PermutationPUF,30,2.85,0.00262,0.9999965677941101,0.83503
PermutationPUF,30,2.86,0.00238,0.9999971677959895,0.83373
PermutationPUF,30,2.87,0.00254,0.999996774194797,0.83271
PermutationPUF,30,2.88,0.00222,0.9999975357969639,0.83185
PermutationPUF,30,2.89,0.00196,0.9999980791981555,0.8306
PermutationPUF,30,2.9,0.0017,0.9999985549989561,0.82971
PermutationPUF,30,2.91,0.00124,0.9999992311997045,0.82866
PermutationPUF,30,2.92,0.0012,0.9999992799997409,0.82758
PermutationPUF,30,2.93,0.00148,0.9999989047994003,0.82676
PermutationPUF,30,2.94,0.00124,0.9999992311997045,0.82558
PermutationPUF,30,2.95,0.00116,0.9999993271997738,0.8245
PermutationPUF,30,2.96,0.00082,0.9999996637999435,0.82357
PermutationPUF,30,2.97,0.00096,0.9999995391998938,0.82266
PermutationPUF,30,2.98,0.0007,0.9999997549999697,0.82191
PermutationPUF,30,2.99,0.00078,0.9999996957999536,0.82095
PermutationPUF,30,3.0,0.00086,0.9999996301999315,0.82007
PermutationPUF,35,0.5,-0.00786,0.9999691097228952,0.91566
PermutationPUF,35,0.51,-0.0079,0.9999687945131087,0.9166
PermutationPUF,35,0.52,-0.00786,0.9999691097228952,0.9175
PermutationPUF,35,0.53,-0.00784,0.999969266727733,0.91841
PermutationPUF,35,0.54,-0.00796,0.9999683186981475,0.91927
PermutationPUF,35,0.55,-0.00792,0.9999686363081595,0.92011
PermutationPUF,35,0.56,-0.00786,0.9999691097228952,0.92092
PermutationPUF,35,0.57,-0.00786,0.9999691097228954,0.9217
PermutationPUF,35,0.58,-0.0081,0.9999671944618984,0.9226
PermutationPUF,35,0.59,-0.00822,0.9999662152292945,0.92338
PermutationPUF,35,0.6,-0.00818,0.9999665432403226,0.92428
PermutationPUF,35,0.61,-0.00812,0.999967032256564,0.92511
PermutationPUF,35,0.62,-0.00812,0.9999670322565639,0.92601
PermutationPUF,35,0.63,-0.00812,0.9999670322565639,0.92707
PermutationPUF,35,0.64,-0.00796,0.9999683186981475,0.92785
PermutationPUF,35,0.65,-0.00826,0.9999658856181045,0.92882
PermutationPUF,35,0.66,-0.00818,0.9999665432403227,0.92968
PermutationPUF,35,0.67,-0.00774,0.9999700457513717,0.93064
PermutationPUF,35,0.68,-0.00756,0.9999714227916717,0.93129
PermutationPUF,35,0.69,-0.00756,0.9999714227916716,0.93227
PermutationPUF,35,0.7,-0.00732,0.9999732084411062,0.93307
PermutationPUF,35,0.71,-0.00728,0.9999735004488869,0.93409
PermutationPUF,35,0.72,-0.0074,0.9999726196251576,0.93505
PermutationPUF,35,0.73,-0.00758,0.9999712713873334,0.93602
PermutationPUF,35,0.74,-0.00716,0.9999743668714715,0.93685
PermutationPUF,35,0.75,-0.00696,0.9999757789066693,0.93769
PermutationPUF,35,0.76,-0.00688,0.9999763325199251,0.93863
PermutationPUF,35,0.77,-0.00664,0.9999779549570078,0.93953
PermutationPUF,35,0.78,-0.00664,0.9999779549570079,0.94053
PermutationPUF,35,0.79,-0.00652,0.9999787445741036,0.94149
PermutationPUF,35,0.8,-0.00666,0.9999778219540673,0.94228
PermutationPUF,35,0.81,-0.00678,0.9999770155358573,0.94324
PermutationPUF,35,0.82,-0.00692,0.9999760565133545,0.94407
PermutationPUF,35,0.83,-0.00652,0.9999787445741035,0.94501
PermutationPUF,35,0.84,-0.0063,0.9999801548030842,0.94606
PermutationPUF,35,0.85,-0.00644,0.9999792629849882,0.94695
PermutationPUF,35,0.86,-0.00636,0.9999797749954745,0.94795
PermutationPUF,35,0.87,-0.0063,0.9999801548030842,0.9489
PermutationPUF,35,0.88,-0.00642,0.9999793915876467,0.94974
PermutationPUF,35,0.89,-0.00626,0.9999804060080378,0.9507
PermutationPUF,35,0.9,-0.00606,0.9999816380314192,0.9518
PermutationPUF,35,0.91,-0.00634,0.9999799019980352,0.95264
PermutationPUF,35,0.92,-0.0063,0.9999801548030842,0.95354
PermutationPUF,35,0.93,-0.0064,0.9999795197902804,0.95451
PermutationPUF,35,0.94,-0.00586,0.9999828300525965,0.95546
PermutationPUF,35,0.95,-0.0056,0.9999843198770668,0.95657
PermutationPUF,35,0.96,-0.00566,0.999983982071713,0.95774
PermutationPUF,35,0.97,-0.0054,0.9999854198937104,0.95879
PermutationPUF,35,0.98,-0.00516,0.9999866871113835,0.95977
PermutationPUF,35,0.99,-0.005,0.9999874999218739,0.96095
PermutationPUF,35,1.0,-0.00516,0.9999866871113835,0.96205
PermutationPUF,35,1.01,-0.00514,0.9999867901127493,0.96332
PermutationPUF,35,1.02,-0.005,0.9999874999218739,0.96435
PermutationPUF,35,1.03,-0.00528,0.9999860607028478,0.96527
PermutationPUF,35,1.04,-0.00526,0.9999861661043117,0.96628
PermutationPUF,35,1.05,-0.00536,0.9999856350968247,0.96721
PermutationPUF,35,1.06,-0.00496,0.9999876991243444,0.96821
PermutationPUF,35,1.07,-0.00446,0.99999005415054,0.9692
PermutationPUF,35,1.08,-0.00438,0.9999904077539944,0.97026
PermutationPUF,35,1.09,-0.00438,0.9999904077539944,0.97122
PermutationPUF,35,1.1,-0.004,0.9999919999679996,0.97231
PermutationPUF,35,1.11,-0.00396,0.9999921591692607,0.97327
PermutationPUF,35,1.12,-0.00408,0.9999916767653622,0.97433
PermutationPUF,35,1.13,-0.00444,0.9999901431514211,0.97539
PermutationPUF,35,1.14,-0.00464,0.999989235142059,0.97647
PermutationPUF,35,1.15,-0.0046,0.9999894199440311,0.97753
PermutationPUF,35,1.16,-0.00442,0.9999902317522908,0.97852
PermutationPUF,35,1.17,-0.00434,0.9999905821556523,0.97972
PermutationPUF,35,1.18,-0.00428,0.999990840758054,0.98085
PermutationPUF,35,1.19,-0.0041,0.9999915949646777,0.982
PermutationPUF,35,1.2,-0.00404,0.9999918391667005,0.98317
PermutationPUF,35,1.21,-0.00386,0.99999255017225,0.98428
PermutationPUF,35,1.22,-0.00386,0.99999255017225,0.98548
PermutationPUF,35,1.23,-0.00382,0.9999927037733825,0.98668
PermutationPUF,35,1.24,-0.00382,0.9999927037733825,0.9878
PermutationPUF,35,1.25,-0.00422,0.9999910957603572,0.9888
PermutationPUF,35,1.26,-0.0043,0.9999907549572646,0.98982
PermutationPUF,35,1.27,-0.00434,0.9999905821556523,0.99088
PermutationPUF,35,1.28,-0.00416,0.9999913471625642,0.99201
PermutationPUF,35,1.29,-0.00428,0.999990840758054,0.99311
PermutationPUF,35,1.3,-0.00444,0.9999901431514213,0.99423
PermutationPUF,35,1.31,-0.00444,0.9999901431514213,0.99547
PermutationPUF,35,1.32,-0.0045,0.9999898749487416,0.99664
PermutationPUF,35,1.33,-0.00478,0.9999885757347431,0.99774
PermutationPUF,35,1.34,-0.00474,0.9999887661369005,0.99872
PermutationPUF,35,1.35,-0.00458,0.9999895117449982,1.0
PermutationPUF,35,1.36,-0.00496,0.9999876991243444,0.99881
PermutationPUF,35,1.37,-0.00494,0.9999877981255573,0.9977
PermutationPUF,35,1.38,-0.005,0.9999874999218739,0.99681
PermutationPUF,35,1.39,-0.00474,0.9999887661369005,0.99588
PermutationPUF,35,1.4,-0.0049,0.9999879949279391,0.99472
PermutationPUF,35,1.41,-0.0052,0.9999864799086036,0.99353
PermutationPUF,35,1.42,-0.00512,0.9999868927140996,0.99223
PermutationPUF,35,1.43,-0.00526,0.9999861661043118,0.991
PermutationPUF,35,1.44,-0.005,0.9999874999218737,0.98987
PermutationPUF,35,1.45,-0.00484,0.9999882871314044,0.98881
PermutationPUF,35,1.46,-0.00484,0.9999882871314044,0.98771
PermutationPUF,35,1.47,-0.0046,0.999989419944031,0.98649
PermutationPUF,35,1.48,-0.00466,0.9999891421410535,0.98532
PermutationPUF,35,1.49,-0.00422,0.9999910957603572,0.984
PermutationPUF,35,1.5,-0.00392,0.9999923167704837,0.98269
PermutationPUF,35,1.51,-0.00408,0.9999916767653622,0.98157
PermutationPUF,35,1.52,-0.004,0.9999919999679996,0.98041
PermutationPUF,35,1.53,-0.00408,0.9999916767653622,0.97937
PermutationPUF,35,1.54,-0.00426,0.9999909261588326,0.97818
PermutationPUF,35,1.55,-0.0042,0.9999911799611033,0.97707
PermutationPUF,35,1.56,-0.00384,0.9999926271728209,0.97593
PermutationPUF,35,1.57,-0.00426,0.9999909261588326,0.97466
PermutationPUF,35,1.58,-0.0039,0.9999923949710817,0.97342
PermutationPUF,35,1.59,-0.00406,0.9999917581660359,0.97242
PermutationPUF,35,1.6,-0.004,0.9999919999679996,0.97123
PermutationPUF,35,1.61,-0.00408,0.9999916767653622,0.97001
PermutationPUF,35,1.62,-0.00418,0.9999912637618391,0.96896
PermutationPUF,35,1.63,-0.00436,0.9999904951548289,0.96761
PermutationPUF,35,1.64,-0.00416,0.9999913471625641,0.96649
PermutationPUF,35,1.65,-0.00388,0.9999924727716702,0.96537
PermutationPUF,35,1.66,-0.00396,0.9999921591692608,0.96441
PermutationPUF,35,1.67,-0.00374,0.9999930061755431,0.96332
PermutationPUF,35,1.68,-0.00364,0.999993375178056,0.96227
PermutationPUF,35,1.69,-0.00372,0.9999930807760622,0.96105
PermutationPUF,35,1.7,-0.0039,0.9999923949710818,0.95984
PermutationPUF,35,1.71,-0.00396,0.9999921591692607,0.95869
PermutationPUF,35,1.72,-0.00364,0.999993375178056,0.95753
PermutationPUF,35,1.73,-0.00334,0.9999944221844439,0.95632
PermutationPUF,35,1.74,-0.00314,0.9999950701878484,0.95508
PermutationPUF,35,1.75,-0.00304,0.9999953791893241,0.95389
PermutationPUF,35,1.76,-0.00282,0.999996023792095,0.95258
PermutationPUF,35,1.77,-0.00246,0.9999969741954222,0.95142
PermutationPUF,35,1.78,-0.00262,0.9999965677941101,0.95026
PermutationPUF,35,1.79,-0.0028,0.9999960799923165,0.94925
PermutationPUF,35,1.8,-0.0029,0.999995794991159,0.94822
PermutationPUF,35,1.81,-0.0028,0.9999960799923167,0.94723
PermutationPUF,35,1.82,-0.00266,0.999996462193742,0.94616
PermutationPUF,35,1.83,-0.00288,0.9999958527914004,0.94499
PermutationPUF,35,1.84,-0.00292,0.9999957367909124,0.94383
PermutationPUF,35,1.85,-0.00306,0.9999953181890405,0.94274
PermutationPUF,35,1.86,-0.00286,0.9999959101916367,0.94184
PermutationPUF,35,1.87,-0.00282,0.999996023792095,0.94076
PermutationPUF,35,1.88,-0.00258,0.9999966717944615,0.93946
PermutationPUF,35,1.89,-0.00254,0.999996774194797,0.93846
PermutationPUF,35,1.9,-0.00254,0.999996774194797,0.93742
PermutationPUF,35,1.91,-0.00272,0.9999963007931579,0.93619
PermutationPUF,35,1.92,-0.00264,0.9999965151939281,0.93511
PermutationPUF,35,1.93,-0.00296,0.9999956191904043,0.93403
PermutationPUF,35,1.94,-0.00316,0.999995007187536,0.93297
PermutationPUF,35,1.95,-0.0031,0.999995194988456,0.93176
PermutationPUF,35,1.96,-0.00346,0.9999940141820851,0.93072
PermutationPUF,35,1.97,-0.0033,0.999994554985176,0.92962
PermutationPUF,35,1.98,-0.00282,0.9999960237920948,0.92856
PermutationPUF,35,1.99,-0.00298,0.9999955597901421,0.9275
PermutationPUF,35,2.0,-0.00312,0.9999951327881552,0.92649
PermutationPUF,35,2.01,-0.00288,0.9999958527914004,0.92539
PermutationPUF,35,2.02,-0.00294,0.9999956781906609,0.92434
PermutationPUF,35,2.03,-0.00254,0.9999967741947972,0.9233
PermutationPUF,35,2.04,-0.00342,0.9999941517828991,0.9221
PermutationPUF,35,2.05,-0.00292,0.9999957367909125,0.92111
PermutationPUF,35,2.06,-0.00294,0.999995678190661,0.92014
PermutationPUF,35,2.07,-0.0033,0.999994554985176,0.91904
PermutationPUF,35,2.08,-0.00326,0.9999946861858818,0.918
PermutationPUF,35,2.09,-0.0029,0.9999957949911589,0.91678
PermutationPUF,35,2.1,-0.003,0.9999954999898749,0.91561
PermutationPUF,35,2.11,-0.00282,0.9999960237920948,0.91446
PermutationPUF,35,2.12,-0.00236,0.9999972151961223,0.91321
PermutationPUF,35,2.13,-0.00228,0.9999974007966222,0.91215
PermutationPUF,35,2.14,-0.002,0.999997999998,0.91099
PermutationPUF,35,2.15,-0.00186,0.999998270198504,0.9098
PermutationPUF,35,2.16,-0.00176,0.9999984511988006,0.90861
PermutationPUF,35,2.17,-0.00156,0.9999987831992596,0.90745
PermutationPUF,35,2.18,-0.00152,0.9999988447993328,0.90651
PermutationPUF,35,2.19,-0.0018,0.9999983799986877,0.90547
PermutationPUF,35,2.2,-0.00194,0.9999981181982296,0.90452
PermutationPUF,35,2.21,-0.0018,0.9999983799986877,0.90361
PermutationPUF,35,2.22,-0.0017,0.9999985549989561,0.90226
PermutationPUF,35,2.23,-0.00126,0.999999206199685,0.90122
PermutationPUF,35,2.24,-0.00138,0.9999990477995465,0.90014
PermutationPUF,35,2.25,-0.0013,0.9999991549996431,0.89906
PermutationPUF,35,2.26,-0.00128,0.9999991807996643,0.89791
PermutationPUF,35,2.27,-0.00114,0.9999993501997889,0.89684
PermutationPUF,35,2.28,-0.0009,0.9999995949999179,0.89582
PermutationPUF,35,2.29,-0.0008,0.9999996799999488,0.89469
PermutationPUF,35,2.3,-0.00104,0.9999994591998538,0.89373
PermutationPUF,35,2.31,-0.00118,0.9999993037997577,0.8928
PermutationPUF,35,2.32,-0.0011,0.9999993949998172,0.89192
PermutationPUF,35,2.33,-0.00076,0.9999997111999585,0.89077
PermutationPUF,35,2.34,-0.00078,0.9999996957999537,0.88964
PermutationPUF,35,2.35,-0.00064,0.9999997951999791,0.88849
PermutationPUF,35,2.36,-0.00038,0.9999999277999975,0.88732
PermutationPUF,35,2.37,-0.00012,0.9999999927999998,0.88623
PermutationPUF,35,2.38,0.00038,0.9999999277999975,0.88526
PermutationPUF,35,2.39,0.00016,0.9999999872,0.88429
PermutationPUF,35,2.4,0.00054,0.9999998541999892,0.88326
PermutationPUF,35,2.41,0.0009,0.9999995949999179,0.8821
PermutationPUF,35,2.42,0.00084,0.9999996471999376,0.88107
PermutationPUF,35,2.43,0.00084,0.9999996471999377,0.88005
PermutationPUF,35,2.44,0.00078,0.9999996957999537,0.879
PermutationPUF,35,2.45,0.00046,0.9999998941999944,0.8777
PermutationPUF,35,2.46,0.00084,0.9999996471999377,0.87675
PermutationPUF,35,2.47,0.00058,0.999999831799986,0.87544
PermutationPUF,35,2.48,0.0006,0.9999998199999839,0.87443
PermutationPUF,35,2.49,0.00026,0.9999999661999994,0.87334
PermutationPUF,35,2.5,0.00062,0.9999998077999818,0.87226
PermutationPUF,35,2.51,0.0006,0.9999998199999839,0.87143
PermutationPUF,35,2.52,0.00084,0.9999996471999377,0.87045
PermutationPUF,35,2.53,0.00094,0.9999995581999025,0.86954
PermutationPUF,35,2.54,0.0009,0.9999995949999179,0.8686
PermutationPUF,35,2.55,0.00104,0.9999994591998537,0.86785
PermutationPUF,35,2.56,0.00144,0.9999989631994627,0.86695
PermutationPUF,35,2.57,0.0012,0.9999992799997408,0.86601
PermutationPUF,35,2.58,0.00132,0.9999991287996207,0.86527
PermutationPUF,35,2.59,0.00104,0.9999994591998538,0.86451
PermutationPUF,35,2.6,0.00132,0.9999991287996206,0.86355
PermutationPUF,35,2.61,0.0012,0.9999992799997408,0.86253
PermutationPUF,35,2.62,0.00178,0.999998415798745,0.86136
PermutationPUF,35,2.63,0.00216,0.9999976671972792,0.86029
PermutationPUF,35,2.64,0.00224,0.9999974911968531,0.85927
PermutationPUF,35,2.65,0.00246,0.9999969741954221,0.85826
PermutationPUF,35,2.66,0.00286,0.9999959101916367,0.85696
PermutationPUF,35,2.67,0.00262,0.9999965677941101,0.85594
PermutationPUF,35,2.68,0.0025,0.9999968749951169,0.85496
PermutationPUF,35,2.69,0.00212,0.999997752797475,0.85397
PermutationPUF,35,2.7,0.00216,0.9999976671972792,0.85309
PermutationPUF,35,2.71,0.00226,0.9999974461967389,0.85222
PermutationPUF,35,2.72,0.00194,0.9999981181982296,0.85116
PermutationPUF,35,2.73,0.00224,0.9999974911968531,0.85003
PermutationPUF,35,2.74,0.00202,0.9999979597979188,0.84896
PermutationPUF,35,2.75,0.00226,0.9999974461967389,0.84796
PermutationPUF,35,2.76,0.00212,0.999997752797475,0.84711
PermutationPUF,35,2.77,0.00206,0.9999978781977491,0.84616
PermutationPUF,35,2.78,0.00202,0.9999979597979188,0.84496
PermutationPUF,35,2.79,0.00222,0.999997535796964,0.84414
PermutationPUF,35,2.8,0.0021,0.9999977949975689,0.84308
PermutationPUF,35,2.81,0.00224,0.999997491196853,0.84213
PermutationPUF,35,2.82,0.00218,0.9999976237971769,0.84134
PermutationPUF,35,2.83,0.00242,0.9999970717957127,0.84038
PermutationPUF,35,2.84,0.00224,0.9999974911968531,0.83935
PermutationPUF,35,2.85,0.00218,0.999997623797177,0.8383
PermutationPUF,35,2.86,0.00232,0.9999973087963786,0.83735
PermutationPUF,35,2.87,0.00238,0.9999971677959895,0.83648
PermutationPUF,35,2.88,0.00256,0.9999967231946314,0.83549
PermutationPUF,35,2.89,0.00244,0.9999970231955695,0.83461
PermutationPUF,35,2.9,0.00258,0.9999966717944615,0.83346
PermutationPUF,35,2.91,0.0026,0.9999966199942876,0.83253
PermutationPUF,35,2.92,0.00246,0.9999969741954221,0.8314
PermutationPUF,35,2.93,0.00256,0.9999967231946313,0.83041
PermutationPUF,35,2.94,0.0022,0.999997579997072,0.82957
PermutationPUF,35,2.95,0.00198,0.9999980397980789,0.82832
PermutationPUF,35,2.96,0.00168,0.9999985887990042,0.82747
PermutationPUF,35,2.97,0.00124,0.9999992311997045,0.82643
PermutationPUF,35,2.98,0.00122,0.999999255799723,0.8254
PermutationPUF,35,2.99,0.0015,0.9999988749993672,0.8246
PermutationPUF,35,3.0,0.00124,0.9999992311997045,0.82347
PermutationPUF,40,0.5,-0.008,0.9999679994879836,0.91741
PermutationPUF,40,0.51,-0.00788,0.9999689523180209,0.91823
PermutationPUF,40,0.52,-0.0079,0.9999687945131087,0.91918
PermutationPUF,40,0.53,-0.00788,0.9999689523180209,0.92007
PermutationPUF,40,0.54,-0.00794,0.9999684777031723,0.92092
PermutationPUF,40,0.55,-0.00786,0.9999691097228953,0.92182
PermutationPUF,40,0.56,-0.00784,0.9999692667277329,0.92267
PermutationPUF,40,0.57,-0.00776,0.9999698907467164,0.92349
PermutationPUF,40,0.58,-0.00784,0.999969266727733,0.92423
PermutationPUF,40,0.59,-0.00802,0.9999678392828442,0.92512
PermutationPUF,40,0.6,-0.00818,0.9999665432403227,0.92592
PermutationPUF,40,0.61,-0.00838,0.999964887183545,0.92674
PermutationPUF,40,0.62,-0.00818,0.9999665432403226,0.92758
PermutationPUF,40,0.63,-0.00804,0.999967678677666,0.92849
PermutationPUF,40,0.64,-0.0081,0.9999671944618984,0.9295
PermutationPUF,40,0.65,-0.00816,0.9999667066457762,0.93023
PermutationPUF,40,0.66,-0.00814,0.99996686965119,0.93122
PermutationPUF,40,0.67,-0.00832,0.9999653882010117,0.93205
PermutationPUF,40,0.68,-0.00782,0.9999694233325337,0.9331
PermutationPUF,40,0.69,-0.00762,0.9999709673785534,0.93378
PermutationPUF,40,0.7,-0.00756,0.9999714227916716,0.93463
PermutationPUF,40,0.71,-0.00734,0.9999730618371677,0.93554
PermutationPUF,40,0.72,-0.00726,0.9999736458527294,0.93636
PermutationPUF,40,0.73,-0.00738,0.9999727674291935,0.9374
PermutationPUF,40,0.74,-0.00756,0.9999714227916716,0.93827
PermutationPUF,40,0.75,-0.00734,0.9999730618371677,0.9393
PermutationPUF,40,0.76,-0.00698,0.999975639503283,0.94014
PermutationPUF,40,0.77,-0.0072,0.9999740796640679,0.94097
PermutationPUF,40,0.78,-0.00684,0.9999766069263819,0.94183
PermutationPUF,40,0.79,-0.00646,0.9999791339823048,0.94278
PermutationPUF,40,0.8,-0.0067,0.9999775547481053,0.94372
PermutationPUF,40,0.81,-0.00636,0.9999797749954746,0.94465
PermutationPUF,40,0.82,-0.00656,0.9999784829685086,0.94543
PermutationPUF,40,0.83,-0.00696,0.9999757789066694,0.94635
PermutationPUF,40,0.84,-0.00674,0.9999772859420358,0.94716
PermutationPUF,40,0.85,-0.00654,0.9999786139713189,0.94822
PermutationPUF,40,0.86,-0.00636,0.9999797749954746,0.94921
PermutationPUF,40,0.87,-0.00646,0.9999791339823046,0.9501
PermutationPUF,40,0.88,-0.00636,0.9999797749954746,0.95099
PermutationPUF,40,0.89,-0.00634,0.9999799019980352,0.95188
PermutationPUF,40,0.9,-0.00646,0.9999791339823048,0.95282
PermutationPUF,40,0.91,-0.00626,0.9999804060080378,0.95376
PermutationPUF,40,0.92,-0.00616,0.9999810270200129,0.95481
PermutationPUF,40,0.93,-0.00638,0.9999796475928898,0.95566
PermutationPUF,40,0.94,-0.00638,0.9999796475928898,0.95656
PermutationPUF,40,0.95,-0.00624,0.9999805310104791,0.95757
PermutationPUF,40,0.96,-0.00584,0.9999829470545983,0.95847
PermutationPUF,40,0.97,-0.0056,0.9999843198770668,0.95959
PermutationPUF,40,0.98,-0.00568,0.99998386866989,0.96071
PermutationPUF,40,0.99,-0.00538,0.999985527695276,0.96172
PermutationPUF,40,1.0,-0.00516,0.9999866871113835,0.96271
PermutationPUF,40,1.01,-0.00502,0.9999873997206163,0.96386
PermutationPUF,40,1.02,-0.00514,0.9999867901127493,0.9649
PermutationPUF,40,1.03,-0.00522,0.9999863757071892,0.96612
PermutationPUF,40,1.04,-0.00494,0.9999877981255573,0.96724
PermutationPUF,40,1.05,-0.00532,0.9999858486998703,0.96809
PermutationPUF,40,1.06,-0.00526,0.9999861661043116,0.9691
PermutationPUF,40,1.07,-0.00538,0.9999855276952759,0.96998
PermutationPUF,40,1.08,-0.00518,0.9999865837100015,0.97098
PermutationPUF,40,1.09,-0.00462,0.9999893277430516,0.97202
PermutationPUF,40,1.1,-0.00452,0.9999897847478244,0.97293
PermutationPUF,40,1.11,-0.00428,0.999990840758054,0.97397
PermutationPUF,40,1.12,-0.00406,0.9999917581660359,0.975
PermutationPUF,40,1.13,-0.00402,0.9999919197673547,0.97604
PermutationPUF,40,1.14,-0.00408,0.9999916767653622,0.97705
PermutationPUF,40,1.15,-0.00434,0.9999905821556523,0.9781
PermutationPUF,40,1.16,-0.00458,0.9999895117449983,0.97912
PermutationPUF,40,1.17,-0.00466,0.9999891421410535,0.98016
PermutationPUF,40,1.18,-0.00444,0.9999901431514211,0.98109
PermutationPUF,40,1.19,-0.00442,0.9999902317522907,0.98228
PermutationPUF,40,1.2,-0.00412,0.9999915127639836,0.98337
PermutationPUF,40,1.21,-0.00422,0.9999910957603572,0.98444
PermutationPUF,40,1.22,-0.00392,0.9999923167704837,0.98571
PermutationPUF,40,1.23,-0.00396,0.9999921591692607,0.98677
PermutationPUF,40,1.24,-0.004,0.9999919999679996,0.98783
PermutationPUF,40,1.25,-0.00386,0.99999255017225,0.98906
PermutationPUF,40,1.26,-0.00386,0.99999255017225,0.99024
PermutationPUF,40,1.27,-0.0039,0.9999923949710817,0.9913
PermutationPUF,40,1.28,-0.00414,0.9999914301632787,0.99232
PermutationPUF,40,1.29,-0.00428,0.9999908407580541,0.99343
PermutationPUF,40,1.3,-0.00428,0.9999908407580541,0.99443
PermutationPUF,40,1.31,-0.00422,0.9999910957603572,0.99546
PermutationPUF,40,1.32,-0.0043,0.9999907549572647,0.99658
PermutationPUF,40,1.33,-0.00444,0.9999901431514211,0.99771
PermutationPUF,40,1.34,-0.00444,0.9999901431514211,0.99897
PermutationPUF,40,1.35,-0.00458,0.9999895117449983,1.0
PermutationPUF,40,1.36,-0.00484,0.9999882871314044,0.99889
PermutationPUF,40,1.37,-0.00462,0.9999893277430516,0.99788
PermutationPUF,40,1.38,-0.00458,0.9999895117449982,0.99664
PermutationPUF,40,1.39,-0.00472,0.9999888607379586,0.99545
PermutationPUF,40,1.4,-0.00494,0.9999877981255573,0.99452
PermutationPUF,40,1.41,-0.005,0.9999874999218737,0.99355
PermutationPUF,40,1.42,-0.0047,0.9999889549390033,0.9926
PermutationPUF,40,1.43,-0.0049,0.9999879949279391,0.99146
PermutationPUF,40,1.44,-0.00516,0.9999866871113835,0.99037
PermutationPUF,40,1.45,-0.00516,0.9999866871113836,0.98905
PermutationPUF,40,1.46,-0.00528,0.9999860607028479,0.98783
PermutationPUF,40,1.47,-0.00494,0.9999877981255573,0.98678
PermutationPUF,40,1.48,-0.00482,0.9999883837325311,0.98574
PermutationPUF,40,1.49,-0.00488,0.9999880927291086,0.98465
PermutationPUF,40,1.5,-0.00462,0.9999893277430516,0.98346
PermutationPUF,40,1.51,-0.00466,0.9999891421410535,0.9823
PermutationPUF,40,1.52,-0.00424,0.9999910111596003,0.98101
PermutationPUF,40,1.53,-0.00392,0.9999923167704838,0.97973
PermutationPUF,40,1.54,-0.00412,0.9999915127639833,0.97861
PermutationPUF,40,1.55,-0.00408,0.9999916767653622,0.97749
PermutationPUF,40,1.56,-0.00398,0.999992079768635,0.97646
PermutationPUF,40,1.57,-0.00424,0.9999910111596003,0.97533
PermutationPUF,40,1.58,-0.0042,0.9999911799611033,0.97415
PermutationPUF,40,1.59,-0.004,0.9999919999679996,0.97311
PermutationPUF,40,1.6,-0.0042,0.9999911799611034,0.97189
PermutationPUF,40,1.61,-0.00414,0.999991430163279,0.9707
PermutationPUF,40,1.62,-0.004,0.9999919999679996,0.96961
PermutationPUF,40,1.63,-0.004,0.9999919999679996,0.96849
PermutationPUF,40,1.64,-0.00416,0.9999913471625641,0.96729
PermutationPUF,40,1.65,-0.00422,0.9999910957603572,0.96622
PermutationPUF,40,1.66,-0.00442,0.9999902317522907,0.96516
PermutationPUF,40,1.67,-0.00416,0.9999913471625642,0.96379
PermutationPUF,40,1.68,-0.004,0.9999919999679995,0.96287
PermutationPUF,40,1.69,-0.00388,0.9999924727716702,0.96183
PermutationPUF,40,1.7,-0.00384,0.9999926271728209,0.96075
PermutationPUF,40,1.71,-0.00382,0.9999927037733825,0.95978
PermutationPUF,40,1.72,-0.0038,0.9999927799739355,0.95857
PermutationPUF,40,1.73,-0.00378,0.99999285577448,0.95742
PermutationPUF,40,1.74,-0.004,0.9999919999679997,0.95619
PermutationPUF,40,1.75,-0.00372,0.9999930807760622,0.95517
PermutationPUF,40,1.76,-0.00338,0.9999942877836854,0.95394
PermutationPUF,40,1.77,-0.00322,0.9999948157865618,0.95278
PermutationPUF,40,1.78,-0.00316,0.999995007187536,0.95171
PermutationPUF,40,1.79,-0.00296,0.9999956191904044,0.95039
PermutationPUF,40,1.8,-0.0026,0.9999966199942876,0.94917
PermutationPUF,40,1.81,-0.0025,0.9999968749951171,0.94808
PermutationPUF,40,1.82,-0.00264,0.9999965151939281,0.94691
PermutationPUF,40,1.83,-0.00294,0.9999956781906612,0.94594
PermutationPUF,40,1.84,-0.00288,0.9999958527914004,0.94501
PermutationPUF,40,1.85,-0.0029,0.999995794991159,0.94394
PermutationPUF,40,1.86,-0.0028,0.9999960799923167,0.94293
PermutationPUF,40,1.87,-0.0029,0.999995794991159,0.9417
PermutationPUF,40,1.88,-0.00298,0.9999955597901421,0.94064
PermutationPUF,40,1.89,-0.00298,0.9999955597901422,0.9395
PermutationPUF,40,1.9,-0.00292,0.9999957367909125,0.93869
PermutationPUF,40,1.91,-0.00294,0.9999956781906609,0.93758
PermutationPUF,40,1.92,-0.0026,0.9999966199942877,0.93631
PermutationPUF,40,1.93,-0.0024,0.9999971199958527,0.93539
PermutationPUF,40,1.94,-0.0026,0.9999966199942876,0.93433
PermutationPUF,40,1.95,-0.00272,0.9999963007931578,0.93321
PermutationPUF,40,1.96,-0.00262,0.9999965677941101,0.93208
PermutationPUF,40,1.97,-0.003,0.999995499989875,0.93105
PermutationPUF,40,1.98,-0.00318,0.9999949437872173,0.93004
PermutationPUF,40,1.99,-0.00314,0.9999950701878484,0.92882
PermutationPUF,40,2.0,-0.00344,0.9999940831824957,0.92785
PermutationPUF,40,2.01,-0.0033,0.999994554985176,0.92676
PermutationPUF,40,2.02,-0.00278,0.9999961357925339,0.92572
PermutationPUF,40,2.03,-0.00296,0.9999956191904044,0.92465
PermutationPUF,40,2.04,-0.0032,0.9999948799868927,0.92365
PermutationPUF,40,2.05,-0.0029,0.999995794991159,0.92264
PermutationPUF,40,2.06,-0.00306,0.9999953181890404,0.92162
PermutationPUF,40,2.07,-0.0026,0.9999966199942877,0.92065
PermutationPUF,40,2.08,-0.00342,0.9999941517828991,0.91936
PermutationPUF,40,2.09,-0.00306,0.9999953181890405,0.9184
PermutationPUF,40,2.1,-0.00294,0.9999956781906609,0.91748
PermutationPUF,40,2.11,-0.00328,0.9999946207855321,0.91651
PermutationPUF,40,2.12,-0.0032,0.9999948799868928,0.91543
PermutationPUF,40,2.13,-0.0028,0.9999960799923168,0.91431
PermutationPUF,40,2.14,-0.0031,0.999995194988456,0.91308
PermutationPUF,40,2.15,-0.00286,0.9999959101916367,0.91204
PermutationPUF,40,2.16,-0.00264,0.9999965151939282,0.91087
PermutationPUF,40,2.17,-0.00236,0.9999972151961223,0.90975
PermutationPUF,40,2.18,-0.00204,0.9999979191978352,0.90861
PermutationPUF,40,2.19,-0.00182,0.9999983437986284,0.90754
PermutationPUF,40,2.2,-0.0018,0.9999983799986878,0.90627
PermutationPUF,40,2.21,-0.00168,0.9999985887990043,0.90521
PermutationPUF,40,2.22,-0.00156,0.9999987831992596,0.90415
PermutationPUF,40,2.23,-0.00176,0.9999984511988007,0.90313
PermutationPUF,40,2.24,-0.00184,0.9999983071985673,0.90219
PermutationPUF,40,2.25,-0.00184,0.9999983071985673,0.90131
PermutationPUF,40,2.26,-0.00176,0.9999984511988006,0.90025
PermutationPUF,40,2.27,-0.0014,0.9999990199995198,0.89907
PermutationPUF,40,2.28,-0.00128,0.9999991807996643,0.89797
PermutationPUF,40,2.29,-0.00148,0.9999989047994003,0.89695
PermutationPUF,40,2.3,-0.00128,0.9999991807996643,0.89595
PermutationPUF,40,2.31,-0.00122,0.9999992557997232,0.89476
PermutationPUF,40,2.32,-0.0011,0.9999993949998172,0.89372
PermutationPUF,40,2.33,-0.00092,0.9999995767999105,0.89267
PermutationPUF,40,2.34,-0.0011,0.9999993949998173,0.89164
PermutationPUF,40,2.35,-0.00112,0.9999993727998033,0.89069
PermutationPUF,40,2.36,-0.00106,0.9999994381998423,0.8898
PermutationPUF,40,2.37,-0.00112,0.9999993727998033,0.88899
PermutationPUF,40,2.38,-0.00076,0.9999997111999586,0.88787
PermutationPUF,40,2.39,-0.00084,0.9999996471999376,0.88663
PermutationPUF,40,2.4,-0.00066,0.9999997821999764,0.88554
PermutationPUF,40,2.41,-0.00034,0.9999999421999983,0.88442
PermutationPUF,40,2.42,8e-05,0.9999999968,0.88343
PermutationPUF,40,2.43,0.00024,0.9999999711999996,0.88245
PermutationPUF,40,2.44,0.00024,0.9999999711999996,0.88159
PermutationPUF,40,2.45,0.00056,0.9999998431999875,0.88053
PermutationPUF,40,2.46,0.00102,0.9999994797998647,0.87936
PermutationPUF,40,2.47,0.00096,0.9999995391998938,0.87847
PermutationPUF,40,2.48,0.00086,0.9999996301999317,0.8774
PermutationPUF,40,2.49,0.00078,0.9999996957999537,0.8764
PermutationPUF,40,2.5,0.0005,0.9999998749999923,0.8751
PermutationPUF,40,2.51,0.00084,0.9999996471999377,0.87419
PermutationPUF,40,2.52,0.00054,0.9999998541999893,0.8729
PermutationPUF,40,2.53,0.00062,0.9999998077999818,0.8719
PermutationPUF,40,2.54,0.00028,0.9999999607999992,0.87085
PermutationPUF,40,2.55,0.00064,0.9999997951999791,0.86983
PermutationPUF,40,2.56,0.00064,0.9999997951999791,0.86899
PermutationPUF,40,2.57,0.00076,0.9999997111999586,0.86805
PermutationPUF,40,2.58,0.00086,0.9999996301999317,0.8671
PermutationPUF,40,2.59,0.00084,0.9999996471999376,0.86617
PermutationPUF,40,2.6,0.00102,0.9999994797998647,0.86534
PermutationPUF,40,2.61,0.00138,0.9999990477995465,0.86456
PermutationPUF,40,2.62,0.00118,0.9999993037997577,0.86374
PermutationPUF,40,2.63,0.0013,0.9999991549996431,0.86288
PermutationPUF,40,2.64,0.00096,0.9999995391998939,0.86215
PermutationPUF,40,2.65,0.00116,0.9999993271997736,0.86129
PermutationPUF,40,2.66,0.00112,0.9999993727998033,0.86033
PermutationPUF,40,2.67,0.0015,0.9999988749993672,0.85928
PermutationPUF,40,2.68,0.00206,0.999997878197749,0.85814
PermutationPUF,40,2.69,0.00236,0.9999972151961224,0.85707
PermutationPUF,40,2.7,0.00248,0.9999969247952715,0.85611
PermutationPUF,40,2.71,0.00262,0.9999965677941101,0.85498
PermutationPUF,40,2.72,0.00286,0.9999959101916367,0.85398
PermutationPUF,40,2.73,0.00246,0.9999969741954221,0.85284
PermutationPUF,40,2.74,0.00236,0.9999972151961224,0.85205
PermutationPUF,40,2.75,0.00202,0.999997959797919,0.85098
PermutationPUF,40,2.76,0.00222,0.9999975357969639,0.85012
PermutationPUF,40,2.77,0.00206,0.9999978781977491,0.84922
PermutationPUF,40,2.78,0.00206,0.9999978781977491,0.84824
PermutationPUF,40,2.79,0.0021,0.999997794997569,0.84714
PermutationPUF,40,2.8,0.00216,0.9999976671972792,0.84609
PermutationPUF,40,2.81,0.00234,0.9999972621962523,0.84522
PermutationPUF,40,2.82,0.00224,0.999997491196853,0.84441
PermutationPUF,40,2.83,0.00198,0.9999980397980788,0.84342
PermutationPUF,40,2.84,0.00208,0.9999978367976603,0.84219
PermutationPUF,40,2.85,0.00228,0.9999974007966221,0.84135
PermutationPUF,40,2.86,0.00218,0.999997623797177,0.84036
PermutationPUF,40,2.87,0.00206,0.999997878197749,0.83956
PermutationPUF,40,2.88,0.00242,0.9999970717957127,0.83862
PermutationPUF,40,2.89,0.00224,0.999997491196853,0.83765
PermutationPUF,40,2.9,0.00226,0.999997446196739,0.8367
PermutationPUF,40,2.91,0.00202,0.9999979597979188,0.83574
PermutationPUF,40,2.92,0.00236,0.9999972151961223,0.83485
PermutationPUF,40,2.93,0.00236,0.9999972151961223,0.83395
PermutationPUF,40,2.94,0.00248,0.9999969247952715,0.83301
PermutationPUF,40,2.95,0.00246,0.9999969741954222,0.83208
PermutationPUF,40,2.96,0.00246,0.9999969741954221,0.831
PermutationPUF,40,2.97,0.0026,0.9999966199942876,0.83009
PermutationPUF,40,2.98,0.00248,0.9999969247952715,0.82893
PermutationPUF,40,2.99,0.00256,0.9999967231946313,0.82803
PermutationPUF,40,3.0,0.00216,0.9999976671972792,0.82721
