PUF,Temperature,Vdd,Bias,Std,Reliability
XORArbiterPUF,0,0.5,0.09142,0.9958124239032168,0.89973
XORArbiterPUF,0,0.51,0.09156,0.9957995613576058,0.90074
XORArbiterPUF,0,0.52,0.09128,0.9958252666005217,0.90164
XORArbiterPUF,0,0.53,0.0913,0.9958234331446514,0.90257
XORArbiterPUF,0,0.54,0.09154,0.9958014000793531,0.90351
XORArbiterPUF,0,0.55,0.0918,0.995777465099507,0.90448
XORArbiterPUF,0,0.56,0.09162,0.9957940427618555,0.90543
XORArbiterPUF,0,0.57,0.09126,0.9958270996513399,0.90633
XORArbiterPUF,0,0.58,0.09142,0.9958124239032167,0.90727
XORArbiterPUF,0,0.59,0.09164,0.9957922024197617,0.90848
XORArbiterPUF,0,0.6,0.09138,0.9958160952706078,0.90967
XORArbiterPUF,0,0.61,0.09122,0.9958307645378306,0.91057
XORArbiterPUF,0,0.62,0.0915,0.9958050763076075,0.91153
XORArbiterPUF,0,0.63,0.09182,0.9957756211115031,0.91243
XORArbiterPUF,0,0.64,0.0916,0.995795882698859,0.91334
XORArbiterPUF,0,0.65,0.0913,0.9958234331446514,0.91429
XORArbiterPUF,0,0.66,0.09126,0.99582709965134,0.91555
XORArbiterPUF,0,0.67,0.0911,0.9958417494762911,0.91675
XORArbiterPUF,0,0.68,0.09086,0.9958636756102714,0.91765
XORArbiterPUF,0,0.69,0.09082,0.9958673242957615,0.91881
XORArbiterPUF,0,0.7,0.0912,0.995832596373507,0.92004
XORArbiterPUF,0,0.71,0.0911,0.9958417494762911,0.92109
XORArbiterPUF,0,0.72,0.09134,0.9958197650177466,0.92221
XORArbiterPUF,0,0.73,0.09164,0.9957922024197619,0.92368
XORArbiterPUF,0,0.74,0.09142,0.9958124239032168,0.92483
XORArbiterPUF,0,0.75,0.09126,0.9958270996513399,0.92563
XORArbiterPUF,0,0.76,0.09152,0.9958032383960197,0.92678
XORArbiterPUF,0,0.77,0.09136,0.9958179303467075,0.9278
XORArbiterPUF,0,0.78,0.09102,0.9958490646679347,0.92901
XORArbiterPUF,0,0.79,0.09074,0.9958746168067545,0.93001
XORArbiterPUF,0,0.8,0.09074,0.9958746168067545,0.93113
XORArbiterPUF,0,0.81,0.09076,0.995872794286499,0.93222
XORArbiterPUF,0,0.82,0.09044,0.9959019060128363,0.9334
XORArbiterPUF,0,0.83,0.09012,0.9959309140698466,0.9347
XORArbiterPUF,0,0.84,0.09014,0.9959291041032992,0.93573
XORArbiterPUF,0,0.85,0.0902,0.9959236717740974,0.93692
XORArbiterPUF,0,0.86,0.09012,0.9959309140698466,0.9381
XORArbiterPUF,0,0.87,0.08984,0.9959562110856078,0.93928
XORArbiterPUF,0,0.88,0.0897,0.9959688298335445,0.94029
XORArbiterPUF,0,0.89,0.08962,0.9959760316393161,0.94153
XORArbiterPUF,0,0.9,0.08926,0.9960083596034724,0.94263
XORArbiterPUF,0,0.91,0.08906,0.9960262629067569,0.94379
XORArbiterPUF,0,0.92,0.0887,0.9960583868428597,0.94485
XORArbiterPUF,0,0.93,0.08826,0.9960974713350094,0.94611
XORArbiterPUF,0,0.94,0.08822,0.9961010147570377,0.94721
XORArbiterPUF,0,0.95,0.08814,0.996108096744525,0.94849
XORArbiterPUF,0,0.96,0.08826,0.9960974713350094,0.94967
XORArbiterPUF,0,0.97,0.0887,0.9960583868428597,0.95083
XORArbiterPUF,0,0.98,0.08844,0.9960815059020021,0.95238
XORArbiterPUF,0,0.99,0.08808,0.9961134039857108,0.95352
XORArbiterPUF,0,1.0,0.088,0.9961204746414964,0.95464
XORArbiterPUF,0,1.01,0.08794,0.9961257733840643,0.95585
XORArbiterPUF,0,1.02,0.08812,0.9961098662296242,0.95718
XORArbiterPUF,0,1.03,0.08824,0.9960992432483824,0.95856
XORArbiterPUF,0,1.04,0.0884,0.9960850566091229,0.9598
XORArbiterPUF,0,1.05,0.0884,0.996085056609123,0.96088
XORArbiterPUF,0,1.06,0.08844,0.9960815059020021,0.96206
XORArbiterPUF,0,1.07,0.08862,0.996065507685112,0.96323
XORArbiterPUF,0,1.08,0.08884,0.996045909785287,0.96438
XORArbiterPUF,0,1.09,0.08872,0.9960566056203833,0.96558
XORArbiterPUF,0,1.1,0.08888,0.9960423412686833,0.96696
XORArbiterPUF,0,1.11,0.0886,0.9960672868837727,0.96824
XORArbiterPUF,0,1.12,0.08858,0.9960690656776768,0.96941
XORArbiterPUF,0,1.13,0.08832,0.9960921531665632,0.9708
XORArbiterPUF,0,1.14,0.08782,0.9961363599427541,0.97191
XORArbiterPUF,0,1.15,0.08786,0.9961328327085699,0.97329
XORArbiterPUF,0,1.16,0.08786,0.9961328327085699,0.97459
XORArbiterPUF,0,1.17,0.08706,0.9962030698607588,0.97591
XORArbiterPUF,0,1.18,0.0874,0.9961732981765772,0.97742
XORArbiterPUF,0,1.19,0.08728,0.9961838191819821,0.9787
XORArbiterPUF,0,1.2,0.08682,0.9962240147677631,0.97999
XORArbiterPUF,0,1.21,0.0868,0.9962257575469528,0.98124
XORArbiterPUF,0,1.22,0.08644,0.9962570583940674,0.98266
XORArbiterPUF,0,1.23,0.08632,0.9962674628833363,0.98396
XORArbiterPUF,0,1.24,0.08632,0.9962674628833362,0.98538
XORArbiterPUF,0,1.25,0.08612,0.9962847713379945,0.98668
XORArbiterPUF,0,1.26,0.08606,0.9962899559867097,0.98791
XORArbiterPUF,0,1.27,0.08578,0.9963141028812149,0.98929
XORArbiterPUF,0,1.28,0.08606,0.9962899559867097,0.99059
XORArbiterPUF,0,1.29,0.08598,0.996296863188879,0.99193
XORArbiterPUF,0,1.3,0.08602,0.9962934103967565,0.99321
XORArbiterPUF,0,1.31,0.08564,0.9963261466005998,0.9945
XORArbiterPUF,0,1.32,0.08544,0.9963433175366813,0.99574
XORArbiterPUF,0,1.33,0.08528,0.9963570251671837,0.99718
XORArbiterPUF,0,1.34,0.08518,0.9963655792930624,0.99881
XORArbiterPUF,0,1.35,0.0852,0.9963638692766815,1.0
XORArbiterPUF,0,1.36,0.0851,0.9963724153146754,0.99835
XORArbiterPUF,0,1.37,0.08478,0.9963996947008765,0.99695
XORArbiterPUF,0,1.38,0.08478,0.9963996947008765,0.99549
XORArbiterPUF,0,1.39,0.08444,0.9964285656282644,0.99416
XORArbiterPUF,0,1.4,0.08408,0.9964590074860079,0.99292
XORArbiterPUF,0,1.41,0.08384,0.9964792292867926,0.99154
XORArbiterPUF,0,1.42,0.08362,0.996497714799186,0.98989
XORArbiterPUF,0,1.43,0.08336,0.9965194982537974,0.98856
XORArbiterPUF,0,1.44,0.08326,0.9965278583160635,0.98731
XORArbiterPUF,0,1.45,0.083,0.9965495471876951,0.98596
XORArbiterPUF,0,1.46,0.08308,0.9965428809639854,0.98458
XORArbiterPUF,0,1.47,0.08308,0.9965428809639854,0.98298
XORArbiterPUF,0,1.48,0.08282,0.9965645225473362,0.98147
XORArbiterPUF,0,1.49,0.08244,0.9965960296930748,0.97998
XORArbiterPUF,0,1.5,0.08276,0.9965695070590911,0.97864
XORArbiterPUF,0,1.51,0.0827,0.9965744879335412,0.97727
XORArbiterPUF,0,1.52,0.08246,0.9965943750593819,0.97609
XORArbiterPUF,0,1.53,0.08232,0.9966059490089351,0.97472
XORArbiterPUF,0,1.54,0.0823,0.9966076008138809,0.97335
XORArbiterPUF,0,1.55,0.08206,0.9966273909541119,0.97201
XORArbiterPUF,0,1.56,0.08174,0.9966536872956424,0.97075
XORArbiterPUF,0,1.57,0.08176,0.996652046804701,0.96932
XORArbiterPUF,0,1.58,0.08178,0.9966504059097151,0.96801
XORArbiterPUF,0,1.59,0.08156,0.9966684335324363,0.9666
XORArbiterPUF,0,1.6,0.08146,0.9966766117452541,0.96529
XORArbiterPUF,0,1.61,0.08162,0.9966635217564653,0.96399
XORArbiterPUF,0,1.62,0.0817,0.9966569670653992,0.96253
XORArbiterPUF,0,1.63,0.08164,0.9966618836897495,0.96112
XORArbiterPUF,0,1.64,0.08174,0.9966536872956424,0.95991
XORArbiterPUF,0,1.65,0.08156,0.9966684335324362,0.95874
XORArbiterPUF,0,1.66,0.08176,0.996652046804701,0.95742
XORArbiterPUF,0,1.67,0.0818,0.9966487646106829,0.95592
XORArbiterPUF,0,1.68,0.08154,0.9966700699830409,0.95459
XORArbiterPUF,0,1.69,0.08148,0.9966749769107281,0.95342
XORArbiterPUF,0,1.7,0.08152,0.9966717060296235,0.9522
XORArbiterPUF,0,1.71,0.0812,0.996697827829478,0.95096
XORArbiterPUF,0,1.72,0.08102,0.9967124758926217,0.94977
XORArbiterPUF,0,1.73,0.0805,0.9967546087177125,0.94835
XORArbiterPUF,0,1.74,0.08026,0.9967739625411572,0.94701
XORArbiterPUF,0,1.75,0.08036,0.9967659055164357,0.94576
XORArbiterPUF,0,1.76,0.08028,0.9967723519440133,0.94452
XORArbiterPUF,0,1.77,0.07994,0.9967996771668819,0.94309
XORArbiterPUF,0,1.78,0.0803,0.9967707409429712,0.94197
XORArbiterPUF,0,1.79,0.0804,0.9967626798792178,0.94066
XORArbiterPUF,0,1.8,0.08072,0.9967368166171049,0.93938
XORArbiterPUF,0,1.81,0.08044,0.9967594526263598,0.93802
XORArbiterPUF,0,1.82,0.08046,0.9967578383940606,0.93659
XORArbiterPUF,0,1.83,0.08006,0.9967900462986177,0.93541
XORArbiterPUF,0,1.84,0.08008,0.9967884397403491,0.93386
XORArbiterPUF,0,1.85,0.0797,0.9968188952864006,0.93249
XORArbiterPUF,0,1.86,0.07956,0.9968300790004282,0.93114
XORArbiterPUF,0,1.87,0.07922,0.996857157069156,0.92977
XORArbiterPUF,0,1.88,0.07936,0.9968460214095255,0.92844
XORArbiterPUF,0,1.89,0.07934,0.996847613429455,0.92719
XORArbiterPUF,0,1.9,0.07936,0.9968460214095255,0.92586
XORArbiterPUF,0,1.91,0.0798,0.9968108948040245,0.92458
XORArbiterPUF,0,1.92,0.07936,0.9968460214095255,0.92332
XORArbiterPUF,0,1.93,0.07936,0.9968460214095255,0.92204
XORArbiterPUF,0,1.94,0.07928,0.9968523870664101,0.92084
XORArbiterPUF,0,1.95,0.07896,0.9968777850870184,0.91932
XORArbiterPUF,0,1.96,0.07866,0.9969015018546215,0.91815
XORArbiterPUF,0,1.97,0.07834,0.9969266996123638,0.91695
XORArbiterPUF,0,1.98,0.07834,0.9969266996123638,0.91569
XORArbiterPUF,0,1.99,0.0789,0.9968825357081946,0.91447
XORArbiterPUF,0,2.0,0.07914,0.9968635114196928,0.91337
XORArbiterPUF,0,2.01,0.07912,0.9968650989978534,0.91216
XORArbiterPUF,0,2.02,0.07898,0.9968762007390888,0.91103
XORArbiterPUF,0,2.03,0.07894,0.996879369031178,0.90987
XORArbiterPUF,0,2.04,0.07862,0.9969046572265572,0.90879
XORArbiterPUF,0,2.05,0.0788,0.9968904453348924,0.90762
XORArbiterPUF,0,2.06,0.07858,0.9969078109835434,0.90631
XORArbiterPUF,0,2.07,0.0788,0.9968904453348924,0.90514
XORArbiterPUF,0,2.08,0.07872,0.9968967657686527,0.90402
XORArbiterPUF,0,2.09,0.07854,0.9969109631255942,0.90261
XORArbiterPUF,0,2.1,0.07918,0.9968603350520071,0.90123
XORArbiterPUF,0,2.11,0.07904,0.9968714452726589,0.90006
XORArbiterPUF,0,2.12,0.07904,0.9968714452726591,0.89892
XORArbiterPUF,0,2.13,0.07886,0.9968857007701534,0.89769
XORArbiterPUF,0,2.14,0.07894,0.9968793690311782,0.89633
XORArbiterPUF,0,2.15,0.07876,0.9968936063592745,0.8951
XORArbiterPUF,0,2.16,0.07894,0.9968793690311781,0.89411
XORArbiterPUF,0,2.17,0.0788,0.9968904453348924,0.89294
XORArbiterPUF,0,2.18,0.07882,0.99688886421707,0.89175
XORArbiterPUF,0,2.19,0.0791,0.9968666861722285,0.89063
XORArbiterPUF,0,2.2,0.0791,0.9968666861722285,0.88967
XORArbiterPUF,0,2.21,0.07904,0.9968714452726591,0.88844
XORArbiterPUF,0,2.22,0.0787,0.9968983448677202,0.88727
XORArbiterPUF,0,2.23,0.0782,0.9969376911321991,0.88588
XORArbiterPUF,0,2.24,0.078,0.9969533589892761,0.88466
XORArbiterPUF,0,2.25,0.07786,0.9969643024702539,0.88355
XORArbiterPUF,0,2.26,0.07784,0.9969658642100039,0.88224
XORArbiterPUF,0,2.27,0.0772,0.9970156267581768,0.88082
XORArbiterPUF,0,2.28,0.07718,0.9970171751780409,0.87959
XORArbiterPUF,0,2.29,0.0771,0.997023364821507,0.87837
XORArbiterPUF,0,2.3,0.07612,0.9970986639244888,0.87696
XORArbiterPUF,0,2.31,0.07642,0.9970757160817828,0.87577
XORArbiterPUF,0,2.32,0.07612,0.9970986639244886,0.87434
XORArbiterPUF,0,2.33,0.07574,0.9971276008615948,0.87309
XORArbiterPUF,0,2.34,0.07556,0.9971412569942134,0.87176
XORArbiterPUF,0,2.35,0.07562,0.9971367085811252,0.87055
XORArbiterPUF,0,2.36,0.07526,0.9971639445948695,0.86937
XORArbiterPUF,0,2.37,0.07534,0.997157903443582,0.86797
XORArbiterPUF,0,2.38,0.07528,0.9971624349121861,0.86676
XORArbiterPUF,0,2.39,0.0748,0.9971985559556331,0.86564
XORArbiterPUF,0,2.4,0.07454,0.9972180245061758,0.86443
XORArbiterPUF,0,2.41,0.0746,0.9972135378142436,0.86308
XORArbiterPUF,0,2.42,0.07476,0.9972015555543421,0.86192
XORArbiterPUF,0,2.43,0.0743,0.9972359349722613,0.86077
XORArbiterPUF,0,2.44,0.074,0.9972582413798343,0.85952
XORArbiterPUF,0,2.45,0.07402,0.9972567571092208,0.85839
XORArbiterPUF,0,2.46,0.07352,0.9972937428862172,0.85724
XORArbiterPUF,0,2.47,0.0735,0.9972952170746633,0.85601
XORArbiterPUF,0,2.48,0.07326,0.9973128758819872,0.85463
XORArbiterPUF,0,2.49,0.07314,0.997321683510391,0.85337
XORArbiterPUF,0,2.5,0.07314,0.9973216835103909,0.85245
XORArbiterPUF,0,2.51,0.07288,0.997340716906715,0.85122
XORArbiterPUF,0,2.52,0.07306,0.9973275471980108,0.85005
XORArbiterPUF,0,2.53,0.07316,0.9973202165804119,0.84878
XORArbiterPUF,0,2.54,0.07278,0.9973480192991812,0.84755
XORArbiterPUF,0,2.55,0.07262,0.9973596821608541,0.84625
XORArbiterPUF,0,2.56,0.07254,0.9973655039151896,0.84495
XORArbiterPUF,0,2.57,0.07264,0.9973582257143119,0.84384
XORArbiterPUF,0,2.58,0.07264,0.9973582257143119,0.84266
XORArbiterPUF,0,2.59,0.07278,0.9973480192991812,0.84149
XORArbiterPUF,0,2.6,0.0724,0.9973756764629866,0.84034
XORArbiterPUF,0,2.61,0.07234,0.9973800300788062,0.83931
XORArbiterPUF,0,2.62,0.07196,0.9974075187204074,0.83828
XORArbiterPUF,0,2.63,0.0717,0.9974262428871621,0.83699
XORArbiterPUF,0,2.64,0.07172,0.9974248049853185,0.8358
XORArbiterPUF,0,2.65,0.07168,0.9974276803859012,0.8348
XORArbiterPUF,0,2.66,0.07178,0.9974204888611421,0.83361
XORArbiterPUF,0,2.67,0.07186,0.9974147283853391,0.83239
XORArbiterPUF,0,2.68,0.07198,0.9974060755780465,0.83145
XORArbiterPUF,0,2.69,0.07172,0.9974248049853185,0.83016
XORArbiterPUF,0,2.7,0.07174,0.997423366680368,0.82909
XORArbiterPUF,0,2.71,0.07162,0.9974319904635102,0.82805
XORArbiterPUF,0,2.72,0.0715,0.9974405997351421,0.82669
XORArbiterPUF,0,2.73,0.07144,0.9974448989292592,0.82562
XORArbiterPUF,0,2.74,0.07124,0.9974592033762583,0.82468
XORArbiterPUF,0,2.75,0.07076,0.997493369602024,0.82356
XORArbiterPUF,0,2.76,0.07042,0.9975174302236528,0.82257
XORArbiterPUF,0,2.77,0.07056,0.9975075370141322,0.82128
XORArbiterPUF,0,2.78,0.0702,0.9975329367995827,0.82018
XORArbiterPUF,0,2.79,0.06982,0.9975596060386569,0.81907
XORArbiterPUF,0,2.8,0.06948,0.9975833446885527,0.81812
XORArbiterPUF,0,2.81,0.06892,0.9976221898093486,0.81706
XORArbiterPUF,0,2.82,0.06884,0.9976277133279728,0.81616
XORArbiterPUF,0,2.83,0.06844,0.9976552342367578,0.81524
XORArbiterPUF,0,2.84,0.06862,0.9976428697685361,0.81397
XORArbiterPUF,0,2.85,0.06864,0.9976414939245462,0.81286
XORArbiterPUF,0,2.86,0.06804,0.9976825940147499,0.81176
XORArbiterPUF,0,2.87,0.06826,0.9976675660759953,0.81067
XORArbiterPUF,0,2.88,0.06804,0.9976825940147499,0.80966
XORArbiterPUF,0,2.89,0.06838,0.99765934847522,0.80885
XORArbiterPUF,0,2.9,0.06816,0.9976744029992951,0.80784
XORArbiterPUF,0,2.91,0.06832,0.9976634590882838,0.8068
XORArbiterPUF,0,2.92,0.068,0.9976853211308666,0.80582
XORArbiterPUF,0,2.93,0.06784,0.997696213483844,0.80472
XORArbiterPUF,0,2.94,0.06752,0.9977179208573935,0.80372
XORArbiterPUF,0,2.95,0.06722,0.9977381778803495,0.80271
XORArbiterPUF,0,2.96,0.06724,0.9977368302312991,0.80176
XORArbiterPUF,0,2.97,0.06674,0.9977704006433544,0.80083
XORArbiterPUF,0,2.98,0.0663,0.997799734415679,0.79999
XORArbiterPUF,0,2.99,0.06632,0.9977984052903672,0.79894
XORArbiterPUF,0,3.0,0.06644,0.9977904220827136,0.79806
XORArbiterPUF,5,0.5,0.09136,0.9958179303467075,0.90241
XORArbiterPUF,5,0.51,0.09138,0.9958160952706078,0.90334
XORArbiterPUF,5,0.52,0.09148,0.995806913814119,0.90431
XORArbiterPUF,5,0.53,0.09136,0.9958179303467075,0.90527
XORArbiterPUF,5,0.54,0.09128,0.9958252666005216,0.90611
XORArbiterPUF,5,0.55,0.09148,0.9958069138141189,0.90707
XORArbiterPUF,5,0.56,0.09168,0.9957885205202961,0.90799
XORArbiterPUF,5,0.57,0.09162,0.9957940427618555,0.909
XORArbiterPUF,5,0.58,0.0913,0.9958234331446514,0.90984
XORArbiterPUF,5,0.59,0.09144,0.9958105876119212,0.91075
XORArbiterPUF,5,0.6,0.09144,0.9958105876119212,0.91191
XORArbiterPUF,5,0.61,0.09148,0.9958069138141188,0.91297
XORArbiterPUF,5,0.62,0.09136,0.9958179303467075,0.91403
XORArbiterPUF,5,0.63,0.09136,0.9958179303467076,0.91495
XORArbiterPUF,5,0.64,0.09178,0.9957793086824006,0.91582
XORArbiterPUF,5,0.65,0.09172,0.9957848370004438,0.91693
XORArbiterPUF,5,0.66,0.0915,0.9958050763076074,0.91766
XORArbiterPUF,5,0.67,0.09126,0.9958270996513401,0.91874
XORArbiterPUF,5,0.68,0.09132,0.9958215992837273,0.91995
XORArbiterPUF,5,0.69,0.09108,0.9958435788817438,0.92101
XORArbiterPUF,5,0.7,0.09088,0.9958618506600202,0.92217
XORArbiterPUF,5,0.71,0.091,0.9958508924532828,0.92313
XORArbiterPUF,5,0.72,0.0913,0.9958234331446514,0.92426
XORArbiterPUF,5,0.73,0.09118,0.9958344278041406,0.9254
XORArbiterPUF,5,0.74,0.09156,0.9957995613576058,0.92671
XORArbiterPUF,5,0.75,0.09158,0.9957977222307751,0.92798
XORArbiterPUF,5,0.76,0.09144,0.9958105876119212,0.92897
XORArbiterPUF,5,0.77,0.09144,0.9958105876119212,0.92983
XORArbiterPUF,5,0.78,0.09136,0.9958179303467075,0.93097
XORArbiterPUF,5,0.79,0.09128,0.9958252666005217,0.93201
XORArbiterPUF,5,0.8,0.09098,0.9958527198336106,0.93316
XORArbiterPUF,5,0.81,0.09044,0.9959019060128363,0.93413
XORArbiterPUF,5,0.82,0.09078,0.9958709713612502,0.93524
XORArbiterPUF,5,0.83,0.09086,0.9958636756102714,0.93636
XORArbiterPUF,5,0.84,0.09036,0.9959091677457338,0.93753
XORArbiterPUF,5,0.85,0.09016,0.9959272937318266,0.93877
XORArbiterPUF,5,0.86,0.09016,0.9959272937318266,0.93979
XORArbiterPUF,5,0.87,0.0902,0.9959236717740974,0.94097
XORArbiterPUF,5,0.88,0.09008,0.9959345327881747,0.94215
XORArbiterPUF,5,0.89,0.08984,0.9959562110856078,0.94331
XORArbiterPUF,5,0.9,0.0897,0.9959688298335445,0.9443
XORArbiterPUF,5,0.91,0.08964,0.9959742317951806,0.94551
XORArbiterPUF,5,0.92,0.08924,0.9960101517554928,0.94663
XORArbiterPUF,5,0.93,0.08912,0.9960208961663404,0.94775
XORArbiterPUF,5,0.94,0.08878,0.9960512595243279,0.94882
XORArbiterPUF,5,0.95,0.08832,0.9960921531665632,0.95007
XORArbiterPUF,5,0.96,0.08828,0.9960956990169167,0.95109
XORArbiterPUF,5,0.97,0.08806,0.9961151722567024,0.95234
XORArbiterPUF,5,0.98,0.08836,0.9960886056973045,0.95347
XORArbiterPUF,5,0.99,0.08858,0.996069065677677,0.95466
XORArbiterPUF,5,1.0,0.08862,0.996065507685112,0.95616
XORArbiterPUF,5,1.01,0.08832,0.9960921531665631,0.95727
XORArbiterPUF,5,1.02,0.08798,0.9961222412937081,0.95834
XORArbiterPUF,5,1.03,0.08786,0.9961328327085699,0.95952
XORArbiterPUF,5,1.04,0.08834,0.9960903796342981,0.96086
XORArbiterPUF,5,1.05,0.08834,0.9960903796342981,0.96226
XORArbiterPUF,5,1.06,0.08842,0.9960832814579312,0.96356
XORArbiterPUF,5,1.07,0.08848,0.9960779535759238,0.96465
XORArbiterPUF,5,1.08,0.08832,0.9960921531665632,0.96583
XORArbiterPUF,5,1.09,0.08866,0.9960619480735123,0.96684
XORArbiterPUF,5,1.1,0.08904,0.9960280510106128,0.96807
XORArbiterPUF,5,1.11,0.08894,0.9960369854578693,0.96926
XORArbiterPUF,5,1.12,0.08884,0.9960459097852868,0.97051
XORArbiterPUF,5,1.13,0.08858,0.996069065677677,0.97174
XORArbiterPUF,5,1.14,0.08868,0.9960601676605687,0.97301
XORArbiterPUF,5,1.15,0.0885,0.9960761768057702,0.97428
XORArbiterPUF,5,1.16,0.08814,0.996108096744525,0.9755
XORArbiterPUF,5,1.17,0.08788,0.9961310684844642,0.97661
XORArbiterPUF,5,1.18,0.08788,0.9961310684844642,0.97799
XORArbiterPUF,5,1.19,0.08762,0.9961539718336719,0.9792
XORArbiterPUF,5,1.2,0.0872,0.996190825093265,0.98067
XORArbiterPUF,5,1.21,0.08746,0.9961680322114337,0.98208
XORArbiterPUF,5,1.22,0.08718,0.9961925755595653,0.9833
XORArbiterPUF,5,1.23,0.08672,0.9962327246180984,0.98461
XORArbiterPUF,5,1.24,0.08644,0.9962570583940674,0.98581
XORArbiterPUF,5,1.25,0.08646,0.996255322896696,0.98718
XORArbiterPUF,5,1.26,0.08644,0.9962570583940674,0.98853
XORArbiterPUF,5,1.27,0.08636,0.9962639963383201,0.98975
XORArbiterPUF,5,1.28,0.08622,0.9962761221669422,0.99112
XORArbiterPUF,5,1.29,0.08602,0.9962934103967563,0.99234
XORArbiterPUF,5,1.3,0.08572,0.9963192669019304,0.99369
XORArbiterPUF,5,1.31,0.08608,0.9962882281749595,0.99491
XORArbiterPUF,5,1.32,0.086,0.9962951369950573,0.99623
XORArbiterPUF,5,1.33,0.08602,0.9962934103967565,0.9975
XORArbiterPUF,5,1.34,0.08564,0.9963261466005998,0.99879
XORArbiterPUF,5,1.35,0.08542,0.9963450324059431,1.0
XORArbiterPUF,5,1.36,0.08528,0.9963570251671837,0.99853
XORArbiterPUF,5,1.37,0.08516,0.9963672889050503,0.99699
XORArbiterPUF,5,1.38,0.08514,0.9963689981126468,0.99576
XORArbiterPUF,5,1.39,0.085,0.9963809512430474,0.99419
XORArbiterPUF,5,1.4,0.08486,0.996392884559098,0.9928
XORArbiterPUF,5,1.41,0.08474,0.9964030973456477,0.9914
XORArbiterPUF,5,1.42,0.08428,0.9964421115147634,0.99021
XORArbiterPUF,5,1.43,0.0841,0.9964573197081749,0.98888
XORArbiterPUF,5,1.44,0.08388,0.9964758630293058,0.98765
XORArbiterPUF,5,1.45,0.08394,0.9964708106111286,0.98612
XORArbiterPUF,5,1.46,0.08356,0.9965027478135724,0.98467
XORArbiterPUF,5,1.47,0.0835,0.9965077771899223,0.98342
XORArbiterPUF,5,1.48,0.08302,0.9965478812380266,0.98214
XORArbiterPUF,5,1.49,0.08316,0.9965362082734374,0.98085
XORArbiterPUF,5,1.5,0.0831,0.9965412133976198,0.9794
XORArbiterPUF,5,1.51,0.08306,0.9965445481261738,0.97786
XORArbiterPUF,5,1.52,0.08272,0.9965728280461994,0.97627
XORArbiterPUF,5,1.53,0.08258,0.9965844387707447,0.975
XORArbiterPUF,5,1.54,0.08262,0.9965811234415388,0.97368
XORArbiterPUF,5,1.55,0.0829,0.9965578708735385,0.97248
XORArbiterPUF,5,1.56,0.08246,0.9965943750593819,0.97118
XORArbiterPUF,5,1.57,0.08248,0.9965927200215743,0.96989
XORArbiterPUF,5,1.58,0.08222,0.9966142039926985,0.9685
XORArbiterPUF,5,1.59,0.08176,0.9966520468047011,0.96737
XORArbiterPUF,5,1.6,0.08176,0.996652046804701,0.96597
XORArbiterPUF,5,1.61,0.08178,0.996650405909715,0.96464
XORArbiterPUF,5,1.62,0.0818,0.9966487646106829,0.96331
XORArbiterPUF,5,1.63,0.08134,0.9966864122681716,0.96192
XORArbiterPUF,5,1.64,0.0816,0.9966651594191501,0.96073
XORArbiterPUF,5,1.65,0.08176,0.9966520468047011,0.95935
XORArbiterPUF,5,1.66,0.08164,0.9966618836897496,0.95805
XORArbiterPUF,5,1.67,0.08162,0.9966635217564653,0.95674
XORArbiterPUF,5,1.68,0.08168,0.9966586063442185,0.95553
XORArbiterPUF,5,1.69,0.08172,0.9966553273825409,0.95435
XORArbiterPUF,5,1.7,0.08178,0.996650405909715,0.95314
XORArbiterPUF,5,1.71,0.08168,0.9966586063442185,0.95167
XORArbiterPUF,5,1.72,0.08144,0.9966782461757656,0.95045
XORArbiterPUF,5,1.73,0.08142,0.9966798802022643,0.9493
XORArbiterPUF,5,1.74,0.08156,0.9966684335324363,0.94805
XORArbiterPUF,5,1.75,0.08114,0.9967027141530215,0.94692
XORArbiterPUF,5,1.76,0.08094,0.9967189756395733,0.94574
XORArbiterPUF,5,1.77,0.08056,0.9967497611737863,0.94437
XORArbiterPUF,5,1.78,0.08028,0.9967723519440134,0.94305
XORArbiterPUF,5,1.79,0.08036,0.9967659055164357,0.94183
XORArbiterPUF,5,1.8,0.08036,0.9967659055164357,0.94063
XORArbiterPUF,5,1.81,0.08012,0.9967852254121746,0.93927
XORArbiterPUF,5,1.82,0.08022,0.9967771825237575,0.9382
XORArbiterPUF,5,1.83,0.08034,0.9967675177291846,0.9369
XORArbiterPUF,5,1.84,0.08052,0.9967529932736593,0.93565
XORArbiterPUF,5,1.85,0.08058,0.9967481445179621,0.93426
XORArbiterPUF,5,1.86,0.08062,0.9967449099945281,0.93292
XORArbiterPUF,5,1.87,0.08018,0.9967804008907879,0.93182
XORArbiterPUF,5,1.88,0.08014,0.9967836176422644,0.93028
XORArbiterPUF,5,1.89,0.07992,0.9968012808980535,0.92889
XORArbiterPUF,5,1.9,0.07944,0.9968396492917002,0.92765
XORArbiterPUF,5,1.91,0.07926,0.9968539774711238,0.92626
XORArbiterPUF,5,1.92,0.07934,0.9968476134294552,0.92496
XORArbiterPUF,5,1.93,0.07928,0.9968523870664101,0.92381
XORArbiterPUF,5,1.94,0.07926,0.9968539774711239,0.92246
XORArbiterPUF,5,1.95,0.0797,0.9968188952864006,0.92128
XORArbiterPUF,5,1.96,0.07962,0.9968252884031383,0.92
XORArbiterPUF,5,1.97,0.07934,0.996847613429455,0.91886
XORArbiterPUF,5,1.98,0.07926,0.9968539774711238,0.91762
XORArbiterPUF,5,1.99,0.07914,0.9968635114196928,0.9163
XORArbiterPUF,5,2.0,0.0789,0.9968825357081946,0.91498
XORArbiterPUF,5,2.01,0.07836,0.9969251277804165,0.91395
XORArbiterPUF,5,2.02,0.07814,0.9969423957280581,0.91272
XORArbiterPUF,5,2.03,0.07848,0.9969156883107017,0.91157
XORArbiterPUF,5,2.04,0.07896,0.9968777850870184,0.91033
XORArbiterPUF,5,2.05,0.07906,0.9968698593096292,0.90934
XORArbiterPUF,5,2.06,0.07908,0.9968682729428198,0.90805
XORArbiterPUF,5,2.07,0.07902,0.9968730308319109,0.90696
XORArbiterPUF,5,2.08,0.07872,0.9968967657686527,0.90583
XORArbiterPUF,5,2.09,0.07866,0.9969015018546215,0.90478
XORArbiterPUF,5,2.1,0.07864,0.9969030797424593,0.90357
XORArbiterPUF,5,2.11,0.0786,0.9969062343069182,0.90239
XORArbiterPUF,5,2.12,0.07878,0.9968920260489598,0.9012
XORArbiterPUF,5,2.13,0.07882,0.99688886421707,0.9001
XORArbiterPUF,5,2.14,0.0786,0.9969062343069182,0.89879
XORArbiterPUF,5,2.15,0.07908,0.9968682729428197,0.89745
XORArbiterPUF,5,2.16,0.07908,0.9968682729428198,0.89635
XORArbiterPUF,5,2.17,0.07896,0.9968777850870185,0.89515
XORArbiterPUF,5,2.18,0.07882,0.99688886421707,0.89394
XORArbiterPUF,5,2.19,0.07886,0.9968857007701533,0.8926
XORArbiterPUF,5,2.2,0.07862,0.9969046572265572,0.8914
XORArbiterPUF,5,2.21,0.07894,0.9968793690311781,0.89046
XORArbiterPUF,5,2.22,0.07878,0.9968920260489599,0.88932
XORArbiterPUF,5,2.23,0.07882,0.99688886421707,0.88818
XORArbiterPUF,5,2.24,0.07912,0.9968650989978534,0.88709
XORArbiterPUF,5,2.25,0.07914,0.9968635114196926,0.88618
XORArbiterPUF,5,2.26,0.07902,0.9968730308319109,0.88498
XORArbiterPUF,5,2.27,0.07868,0.9968999235630425,0.88381
XORArbiterPUF,5,2.28,0.07828,0.996931412685948,0.88253
XORArbiterPUF,5,2.29,0.07802,0.996951794020152,0.88136
XORArbiterPUF,5,2.3,0.07788,0.9969627403268388,0.88019
XORArbiterPUF,5,2.31,0.07766,0.9969799017031385,0.87892
XORArbiterPUF,5,2.32,0.07734,0.9970047765181468,0.87748
XORArbiterPUF,5,2.33,0.07716,0.997018723194304,0.87637
XORArbiterPUF,5,2.34,0.07714,0.9970202708069682,0.87508
XORArbiterPUF,5,2.35,0.0761,0.9971001905525844,0.87382
XORArbiterPUF,5,2.36,0.07634,0.9970818443839001,0.87252
XORArbiterPUF,5,2.37,0.07616,0.9970956094577892,0.87131
XORArbiterPUF,5,2.38,0.07584,0.99712,0.87005
XORArbiterPUF,5,2.39,0.07554,0.9971427723250067,0.86874
XORArbiterPUF,5,2.4,0.07564,0.9971351916365202,0.86753
XORArbiterPUF,5,2.41,0.07528,0.9971624349121861,0.86639
XORArbiterPUF,5,2.42,0.0752,0.9971684712223907,0.86523
XORArbiterPUF,5,2.43,0.07526,0.9971639445948696,0.86384
XORArbiterPUF,5,2.44,0.07496,0.9971865414254244,0.86269
XORArbiterPUF,5,2.45,0.07478,0.997200055956677,0.86156
XORArbiterPUF,5,2.46,0.07456,0.9972165293455578,0.86029
XORArbiterPUF,5,2.47,0.0748,0.9971985559556331,0.85905
XORArbiterPUF,5,2.48,0.07454,0.9972180245061759,0.85796
XORArbiterPUF,5,2.49,0.07422,0.9972418922207391,0.8569
XORArbiterPUF,5,2.5,0.07398,0.9972597252471394,0.85562
XORArbiterPUF,5,2.51,0.07392,0.9972641744292232,0.85455
XORArbiterPUF,5,2.52,0.07348,0.9972966908598463,0.85327
XORArbiterPUF,5,2.53,0.07332,0.9973084666240429,0.85217
XORArbiterPUF,5,2.54,0.07318,0.9973187492472002,0.85076
XORArbiterPUF,5,2.55,0.07304,0.9973290121118507,0.84969
XORArbiterPUF,5,2.56,0.07318,0.9973187492472003,0.84862
XORArbiterPUF,5,2.57,0.07276,0.9973494785680692,0.84753
XORArbiterPUF,5,2.58,0.0732,0.9973172815107537,0.84627
XORArbiterPUF,5,2.59,0.073,0.9973319407298655,0.84511
XORArbiterPUF,5,2.6,0.0729,0.997339255218604,0.8439
XORArbiterPUF,5,2.61,0.07258,0.9973625938443853,0.8426
XORArbiterPUF,5,2.62,0.07256,0.9973640490813773,0.84137
XORArbiterPUF,5,2.63,0.0727,0.9973538539555556,0.84028
XORArbiterPUF,5,2.64,0.07268,0.9973553116116645,0.83909
XORArbiterPUF,5,2.65,0.07276,0.9973494785680694,0.83801
XORArbiterPUF,5,2.66,0.07242,0.9973742244513842,0.83692
XORArbiterPUF,5,2.67,0.07236,0.9973785792766957,0.83591
XORArbiterPUF,5,2.68,0.07196,0.9974075187204074,0.83489
XORArbiterPUF,5,2.69,0.07168,0.9974276803859013,0.83361
XORArbiterPUF,5,2.7,0.07176,0.9974219279723099,0.83253
XORArbiterPUF,5,2.71,0.07172,0.9974248049853185,0.83147
XORArbiterPUF,5,2.72,0.0716,0.9974334263498494,0.83035
XORArbiterPUF,5,2.73,0.07194,0.9974089614596413,0.82914
XORArbiterPUF,5,2.74,0.07194,0.9974089614596413,0.82826
XORArbiterPUF,5,2.75,0.07172,0.9974248049853185,0.82709
XORArbiterPUF,5,2.76,0.07164,0.9974305541740737,0.82597
XORArbiterPUF,5,2.77,0.07158,0.9974348618330924,0.82506
XORArbiterPUF,5,2.78,0.07166,0.9974291174815383,0.8238
XORArbiterPUF,5,2.79,0.07148,0.9974420332029327,0.82271
XORArbiterPUF,5,2.8,0.07126,0.9974577747453774,0.82174
XORArbiterPUF,5,2.81,0.07108,0.9974706179131294,0.82069
XORArbiterPUF,5,2.82,0.07058,0.9975061220864763,0.8197
XORArbiterPUF,5,2.83,0.07048,0.9975131926947134,0.81851
XORArbiterPUF,5,2.84,0.07024,0.9975301210489838,0.81727
XORArbiterPUF,5,2.85,0.07012,0.9975385634650922,0.81641
XORArbiterPUF,5,2.86,0.0698,0.9975610056532885,0.81533
XORArbiterPUF,5,2.87,0.0692,0.9976028067322185,0.81437
XORArbiterPUF,5,2.88,0.06904,0.9976138924453688,0.81337
XORArbiterPUF,5,2.89,0.06866,0.9976401176777124,0.81254
XORArbiterPUF,5,2.9,0.06846,0.9976538620182853,0.8115
XORArbiterPUF,5,2.91,0.06842,0.9976566060524032,0.81024
XORArbiterPUF,5,2.92,0.06826,0.9976675660759953,0.8092
XORArbiterPUF,5,2.93,0.06814,0.9976757691755374,0.80814
XORArbiterPUF,5,2.94,0.0683,0.9976648284870024,0.80708
XORArbiterPUF,5,2.95,0.06808,0.9976798652874578,0.80619
XORArbiterPUF,5,2.96,0.0684,0.9976579774652231,0.80525
XORArbiterPUF,5,2.97,0.06814,0.9976757691755374,0.80442
XORArbiterPUF,5,2.98,0.06824,0.9976689342662725,0.80333
XORArbiterPUF,5,2.99,0.06798,0.997686684084738,0.80236
XORArbiterPUF,5,3.0,0.06784,0.997696213483844,0.80141
XORArbiterPUF,10,0.5,0.09146,0.9958087509155561,0.90457
XORArbiterPUF,10,0.51,0.09138,0.9958160952706078,0.90551
XORArbiterPUF,10,0.52,0.09138,0.9958160952706078,0.90639
XORArbiterPUF,10,0.53,0.09136,0.9958179303467075,0.90744
XORArbiterPUF,10,0.54,0.09152,0.9958032383960196,0.90844
XORArbiterPUF,10,0.55,0.09118,0.9958344278041406,0.90927
XORArbiterPUF,10,0.56,0.09128,0.9958252666005216,0.91024
XORArbiterPUF,10,0.57,0.09168,0.995788520520296,0.91102
XORArbiterPUF,10,0.58,0.09164,0.9957922024197619,0.912
XORArbiterPUF,10,0.59,0.09146,0.9958087509155561,0.91287
XORArbiterPUF,10,0.6,0.09138,0.9958160952706078,0.91375
XORArbiterPUF,10,0.61,0.09148,0.9958069138141189,0.91468
XORArbiterPUF,10,0.62,0.0916,0.995795882698859,0.91596
XORArbiterPUF,10,0.63,0.09142,0.9958124239032167,0.91693
XORArbiterPUF,10,0.64,0.09116,0.9958362588297336,0.91788
XORArbiterPUF,10,0.65,0.09158,0.9957977222307751,0.91885
XORArbiterPUF,10,0.66,0.0918,0.995777465099507,0.91974
XORArbiterPUF,10,0.67,0.09158,0.9957977222307752,0.92059
XORArbiterPUF,10,0.68,0.09126,0.9958270996513399,0.92147
XORArbiterPUF,10,0.69,0.09132,0.9958215992837273,0.92266
XORArbiterPUF,10,0.7,0.09108,0.9958435788817439,0.92384
XORArbiterPUF,10,0.71,0.09084,0.9958655001555181,0.9248
XORArbiterPUF,10,0.72,0.09064,0.9958837233332011,0.92586
XORArbiterPUF,10,0.73,0.09118,0.9958344278041406,0.92703
XORArbiterPUF,10,0.74,0.09132,0.9958215992837272,0.92808
XORArbiterPUF,10,0.75,0.09136,0.9958179303467075,0.92926
XORArbiterPUF,10,0.76,0.09156,0.9957995613576057,0.93064
XORArbiterPUF,10,0.77,0.09134,0.9958197650177466,0.93173
XORArbiterPUF,10,0.78,0.09152,0.9958032383960198,0.93268
XORArbiterPUF,10,0.79,0.0915,0.9958050763076074,0.93357
XORArbiterPUF,10,0.8,0.0913,0.9958234331446515,0.93453
XORArbiterPUF,10,0.81,0.09118,0.9958344278041406,0.93563
XORArbiterPUF,10,0.82,0.09096,0.9958545468089202,0.93684
XORArbiterPUF,10,0.83,0.09054,0.9958928197351359,0.93775
XORArbiterPUF,10,0.84,0.0907,0.9958782606322923,0.93889
XORArbiterPUF,10,0.85,0.09084,0.995865500155518,0.9399
XORArbiterPUF,10,0.86,0.09042,0.9959037220534924,0.94107
XORArbiterPUF,10,0.87,0.09022,0.9959218601878361,0.94227
XORArbiterPUF,10,0.88,0.09022,0.9959218601878361,0.94327
XORArbiterPUF,10,0.89,0.09016,0.9959272937318266,0.94446
XORArbiterPUF,10,0.9,0.09006,0.99593634153996,0.94563
XORArbiterPUF,10,0.91,0.08984,0.9959562110856078,0.94678
XORArbiterPUF,10,0.92,0.08972,0.9959670283699155,0.94774
XORArbiterPUF,10,0.93,0.0896,0.9959778310785837,0.94898
XORArbiterPUF,10,0.94,0.08934,0.996001186947084,0.95001
XORArbiterPUF,10,0.95,0.08906,0.9960262629067568,0.95117
XORArbiterPUF,10,0.96,0.0888,0.9960494766827601,0.9522
XORArbiterPUF,10,0.97,0.08836,0.9960886056973044,0.95342
XORArbiterPUF,10,0.98,0.08818,0.9961045565602036,0.95441
XORArbiterPUF,10,0.99,0.0881,0.9961116353100189,0.95559
XORArbiterPUF,10,1.0,0.08826,0.9960974713350094,0.95669
XORArbiterPUF,10,1.01,0.0885,0.9960761768057702,0.95787
XORArbiterPUF,10,1.02,0.08858,0.996069065677677,0.95921
XORArbiterPUF,10,1.03,0.0884,0.996085056609123,0.96046
XORArbiterPUF,10,1.04,0.08804,0.9961169401229957,0.96152
XORArbiterPUF,10,1.05,0.08796,0.9961240075412298,0.96276
XORArbiterPUF,10,1.06,0.08822,0.9961010147570378,0.96405
XORArbiterPUF,10,1.07,0.0882,0.9961027858609773,0.9654
XORArbiterPUF,10,1.08,0.08826,0.9960974713350094,0.96665
XORArbiterPUF,10,1.09,0.08838,0.9960868313555802,0.96785
XORArbiterPUF,10,1.1,0.0884,0.996085056609123,0.96882
XORArbiterPUF,10,1.11,0.08858,0.996069065677677,0.96999
XORArbiterPUF,10,1.12,0.08866,0.9960619480735122,0.97111
XORArbiterPUF,10,1.13,0.08874,0.9960548239931373,0.97227
XORArbiterPUF,10,1.14,0.08876,0.9960530419611197,0.97338
XORArbiterPUF,10,1.15,0.08886,0.9960441257293776,0.97471
XORArbiterPUF,10,1.16,0.08872,0.9960566056203833,0.97594
XORArbiterPUF,10,1.17,0.08854,0.9960726220512236,0.97709
XORArbiterPUF,10,1.18,0.0882,0.9961027858609773,0.97848
XORArbiterPUF,10,1.19,0.0878,0.9961381229528365,0.97964
XORArbiterPUF,10,1.2,0.08786,0.9961328327085698,0.98079
XORArbiterPUF,10,1.21,0.08792,0.9961275388222134,0.98206
XORArbiterPUF,10,1.22,0.08726,0.9961855712667194,0.98323
XORArbiterPUF,10,1.23,0.08738,0.9961750526890342,0.98471
XORArbiterPUF,10,1.24,0.0874,0.9961732981765773,0.986
XORArbiterPUF,10,1.25,0.08698,0.9962100579697035,0.98723
XORArbiterPUF,10,1.26,0.08688,0.9962187840027913,0.98854
XORArbiterPUF,10,1.27,0.08644,0.9962570583940674,0.98978
XORArbiterPUF,10,1.28,0.08638,0.9962622624590375,0.99107
XORArbiterPUF,10,1.29,0.08624,0.9962743911192339,0.99242
XORArbiterPUF,10,1.3,0.08638,0.9962622624590375,0.99369
XORArbiterPUF,10,1.31,0.08616,0.9962813128830631,0.995
XORArbiterPUF,10,1.32,0.08592,0.9963020393434914,0.99612
XORArbiterPUF,10,1.33,0.08578,0.9963141028812148,0.99751
XORArbiterPUF,10,1.34,0.0861,0.9962864999587215,0.99869
XORArbiterPUF,10,1.35,0.086,0.9962951369950572,1.0
XORArbiterPUF,10,1.36,0.086,0.9962951369950573,0.99878
XORArbiterPUF,10,1.37,0.08562,0.9963278655141589,0.99753
XORArbiterPUF,10,1.38,0.08542,0.9963450324059431,0.99633
XORArbiterPUF,10,1.39,0.08526,0.9963587368011584,0.99487
XORArbiterPUF,10,1.4,0.08522,0.9963621588559052,0.99345
XORArbiterPUF,10,1.41,0.08514,0.9963689981126468,0.99219
XORArbiterPUF,10,1.42,0.08506,0.9963758308991641,0.99079
XORArbiterPUF,10,1.43,0.08492,0.9963877727069916,0.9893
XORArbiterPUF,10,1.44,0.08464,0.9964115968815297,0.98796
XORArbiterPUF,10,1.45,0.0843,0.9964404196940226,0.98669
XORArbiterPUF,10,1.46,0.0841,0.9964573197081749,0.98543
XORArbiterPUF,10,1.47,0.08396,0.9964691256632089,0.98428
XORArbiterPUF,10,1.48,0.08388,0.9964758630293058,0.98288
XORArbiterPUF,10,1.49,0.08368,0.9964926781467087,0.98146
XORArbiterPUF,10,1.5,0.08338,0.9965178250287345,0.98017
XORArbiterPUF,10,1.51,0.08302,0.9965478812380267,0.97893
XORArbiterPUF,10,1.52,0.08304,0.9965462148841869,0.97776
XORArbiterPUF,10,1.53,0.08312,0.9965395454270745,0.9763
XORArbiterPUF,10,1.54,0.08314,0.9965378770523476,0.97471
XORArbiterPUF,10,1.55,0.08278,0.9965678459593207,0.97339
XORArbiterPUF,10,1.56,0.0825,0.9965910645796499,0.97197
XORArbiterPUF,10,1.57,0.08274,0.9965711677547169,0.97069
XORArbiterPUF,10,1.58,0.08276,0.9965695070590911,0.96942
XORArbiterPUF,10,1.59,0.08248,0.9965927200215743,0.9683
XORArbiterPUF,10,1.6,0.08228,0.9966092522147283,0.96702
XORArbiterPUF,10,1.61,0.08232,0.996605949008935,0.96566
XORArbiterPUF,10,1.62,0.08206,0.9966273909541119,0.96445
XORArbiterPUF,10,1.63,0.08178,0.9966504059097151,0.96325
XORArbiterPUF,10,1.64,0.08168,0.9966586063442187,0.96194
XORArbiterPUF,10,1.65,0.08182,0.9966471229076016,0.96063
XORArbiterPUF,10,1.66,0.08164,0.9966618836897495,0.95934
XORArbiterPUF,10,1.67,0.08134,0.9966864122681717,0.95803
XORArbiterPUF,10,1.68,0.08144,0.9966782461757656,0.95692
XORArbiterPUF,10,1.69,0.08174,0.9966536872956423,0.95547
XORArbiterPUF,10,1.7,0.08168,0.9966586063442185,0.95414
XORArbiterPUF,10,1.71,0.08144,0.9966782461757655,0.95296
XORArbiterPUF,10,1.72,0.08166,0.9966602452190014,0.95177
XORArbiterPUF,10,1.73,0.08178,0.9966504059097151,0.95059
XORArbiterPUF,10,1.74,0.08178,0.996650405909715,0.94943
XORArbiterPUF,10,1.75,0.08158,0.9966667966778064,0.94803
XORArbiterPUF,10,1.76,0.08146,0.9966766117452541,0.94679
XORArbiterPUF,10,1.77,0.08136,0.9966847798577041,0.94566
XORArbiterPUF,10,1.78,0.08142,0.9966798802022643,0.94445
XORArbiterPUF,10,1.79,0.0811,0.9967059696821323,0.94337
XORArbiterPUF,10,1.8,0.0809,0.9967222230892618,0.94223
XORArbiterPUF,10,1.81,0.08056,0.9967497611737863,0.9409
XORArbiterPUF,10,1.82,0.08026,0.9967739625411572,0.93959
XORArbiterPUF,10,1.83,0.0804,0.9967626798792178,0.93838
XORArbiterPUF,10,1.84,0.08028,0.9967723519440133,0.93726
XORArbiterPUF,10,1.85,0.08014,0.9967836176422644,0.93587
XORArbiterPUF,10,1.86,0.0802,0.9967787919092179,0.93486
XORArbiterPUF,10,1.87,0.08042,0.9967610664547446,0.93361
XORArbiterPUF,10,1.88,0.08052,0.9967529932736593,0.9324
XORArbiterPUF,10,1.89,0.0806,0.99674652745821,0.93106
XORArbiterPUF,10,1.9,0.08068,0.9967400551798848,0.92972
XORArbiterPUF,10,1.91,0.08034,0.9967675177291847,0.92863
XORArbiterPUF,10,1.92,0.0802,0.9967787919092179,0.92722
XORArbiterPUF,10,1.93,0.08004,0.9967916524530089,0.9258
XORArbiterPUF,10,1.94,0.07942,0.9968412429268764,0.92467
XORArbiterPUF,10,1.95,0.07942,0.9968412429268764,0.92325
XORArbiterPUF,10,1.96,0.07934,0.996847613429455,0.92195
XORArbiterPUF,10,1.97,0.07932,0.9968492050455776,0.92086
XORArbiterPUF,10,1.98,0.07938,0.9968444289857872,0.91963
XORArbiterPUF,10,1.99,0.07918,0.9968603350520071,0.91845
XORArbiterPUF,10,2.0,0.07978,0.9968124957081947,0.91709
XORArbiterPUF,10,2.01,0.0794,0.996842836158238,0.91608
XORArbiterPUF,10,2.02,0.07934,0.996847613429455,0.91479
XORArbiterPUF,10,2.03,0.07918,0.9968603350520071,0.91361
XORArbiterPUF,10,2.04,0.07898,0.9968762007390888,0.91223
XORArbiterPUF,10,2.05,0.07866,0.9969015018546215,0.91113
XORArbiterPUF,10,2.06,0.07832,0.9969282710406,0.91
XORArbiterPUF,10,2.07,0.07816,0.9969408279331325,0.9088
XORArbiterPUF,10,2.08,0.07884,0.9968872826954909,0.90774
XORArbiterPUF,10,2.09,0.07904,0.9968714452726591,0.90662
XORArbiterPUF,10,2.1,0.07906,0.9968698593096292,0.90557
XORArbiterPUF,10,2.11,0.07906,0.9968698593096292,0.90449
XORArbiterPUF,10,2.12,0.07888,0.9968841184410554,0.90334
XORArbiterPUF,10,2.13,0.07842,0.9969204098622919,0.90223
XORArbiterPUF,10,2.14,0.07872,0.9968967657686527,0.90124
XORArbiterPUF,10,2.15,0.07868,0.9968999235630425,0.89996
XORArbiterPUF,10,2.16,0.07874,0.996895186265838,0.89895
XORArbiterPUF,10,2.17,0.07886,0.9968857007701533,0.89771
XORArbiterPUF,10,2.18,0.07876,0.9968936063592745,0.89648
XORArbiterPUF,10,2.19,0.07886,0.9968857007701535,0.89537
XORArbiterPUF,10,2.2,0.07904,0.9968714452726591,0.89404
XORArbiterPUF,10,2.21,0.07902,0.9968730308319109,0.89301
XORArbiterPUF,10,2.22,0.079,0.9968746159873869,0.89176
XORArbiterPUF,10,2.23,0.0788,0.9968904453348924,0.89062
XORArbiterPUF,10,2.24,0.07874,0.9968951862658381,0.88935
XORArbiterPUF,10,2.25,0.0786,0.996906234306918,0.88818
XORArbiterPUF,10,2.26,0.0789,0.9968825357081947,0.88723
XORArbiterPUF,10,2.27,0.07876,0.9968936063592744,0.88612
XORArbiterPUF,10,2.28,0.07876,0.9968936063592744,0.885
XORArbiterPUF,10,2.29,0.07906,0.9968698593096292,0.88395
XORArbiterPUF,10,2.3,0.07904,0.9968714452726591,0.88316
XORArbiterPUF,10,2.31,0.07916,0.9968619234377448,0.88192
XORArbiterPUF,10,2.32,0.07872,0.9968967657686527,0.88072
XORArbiterPUF,10,2.33,0.07836,0.9969251277804164,0.87952
XORArbiterPUF,10,2.34,0.0781,0.9969455301068358,0.87839
XORArbiterPUF,10,2.35,0.07788,0.9969627403268388,0.87724
XORArbiterPUF,10,2.36,0.0777,0.9969767850857912,0.87615
XORArbiterPUF,10,2.37,0.07748,0.9969939065009376,0.87468
XORArbiterPUF,10,2.38,0.07718,0.9970171751780409,0.87355
XORArbiterPUF,10,2.39,0.07704,0.9970280028163703,0.87222
XORArbiterPUF,10,2.4,0.0766,0.9970619037953463,0.87118
XORArbiterPUF,10,2.41,0.07622,0.9970910247314435,0.86975
XORArbiterPUF,10,2.42,0.07632,0.997083375450619,0.86872
XORArbiterPUF,10,2.43,0.07588,0.997116956831043,0.86736
XORArbiterPUF,10,2.44,0.07572,0.9971291198235063,0.86606
XORArbiterPUF,10,2.45,0.07568,0.9971321565369359,0.86474
XORArbiterPUF,10,2.46,0.07542,0.9971518558374147,0.86371
XORArbiterPUF,10,2.47,0.07524,0.9971654538741301,0.86264
XORArbiterPUF,10,2.48,0.07536,0.9971563921471897,0.86128
XORArbiterPUF,10,2.49,0.07516,0.9971714869569824,0.86014
XORArbiterPUF,10,2.5,0.07478,0.997200055956677,0.85907
XORArbiterPUF,10,2.51,0.0746,0.9972135378142435,0.85794
XORArbiterPUF,10,2.52,0.07454,0.9972180245061759,0.85669
XORArbiterPUF,10,2.53,0.07482,0.9971970555512085,0.85557
XORArbiterPUF,10,2.54,0.07438,0.9972299712704185,0.85441
XORArbiterPUF,10,2.55,0.07416,0.9972463559221462,0.85334
XORArbiterPUF,10,2.56,0.07398,0.9972597252471395,0.85219
XORArbiterPUF,10,2.57,0.07386,0.9972686199815974,0.85115
XORArbiterPUF,10,2.58,0.07352,0.9972937428862172,0.84998
XORArbiterPUF,10,2.59,0.07324,0.9973143448281491,0.84884
XORArbiterPUF,10,2.6,0.07298,0.9973334044340438,0.84743
XORArbiterPUF,10,2.61,0.07308,0.9973260818809464,0.8464
XORArbiterPUF,10,2.62,0.07326,0.9973128758819872,0.84535
XORArbiterPUF,10,2.63,0.0729,0.9973392552186041,0.84433
XORArbiterPUF,10,2.64,0.07328,0.9973114065325835,0.8431
XORArbiterPUF,10,2.65,0.073,0.9973319407298656,0.84196
XORArbiterPUF,10,2.66,0.07278,0.9973480192991812,0.84079
XORArbiterPUF,10,2.67,0.07252,0.9973669583458238,0.83952
XORArbiterPUF,10,2.68,0.07254,0.9973655039151896,0.83837
XORArbiterPUF,10,2.69,0.0727,0.9973538539555558,0.83737
XORArbiterPUF,10,2.7,0.07276,0.9973494785680693,0.83616
XORArbiterPUF,10,2.71,0.07274,0.9973509374337601,0.83513
XORArbiterPUF,10,2.72,0.07244,0.9973727720366142,0.83404
XORArbiterPUF,10,2.73,0.07234,0.9973800300788062,0.83305
XORArbiterPUF,10,2.74,0.07196,0.9974075187204074,0.83204
XORArbiterPUF,10,2.75,0.07172,0.9974248049853185,0.83086
XORArbiterPUF,10,2.76,0.07172,0.9974248049853185,0.82974
XORArbiterPUF,10,2.77,0.07174,0.9974233666803682,0.82875
XORArbiterPUF,10,2.78,0.07168,0.9974276803859012,0.82766
XORArbiterPUF,10,2.79,0.0717,0.9974262428871621,0.82657
XORArbiterPUF,10,2.8,0.07194,0.9974089614596413,0.82563
XORArbiterPUF,10,2.81,0.07164,0.9974305541740737,0.82452
XORArbiterPUF,10,2.82,0.0718,0.9974190493468629,0.82332
XORArbiterPUF,10,2.83,0.07156,0.9974362969132414,0.82242
XORArbiterPUF,10,2.84,0.07142,0.9974463311877986,0.82129
XORArbiterPUF,10,2.85,0.07156,0.9974362969132414,0.82016
XORArbiterPUF,10,2.86,0.07138,0.9974491944956394,0.81913
XORArbiterPUF,10,2.87,0.0713,0.9974549162744146,0.81817
XORArbiterPUF,10,2.88,0.07082,0.9974891115195191,0.81721
XORArbiterPUF,10,2.89,0.07052,0.9975103656604276,0.8161
XORArbiterPUF,10,2.9,0.07056,0.9975075370141323,0.81496
XORArbiterPUF,10,2.91,0.07014,0.9975371574031716,0.81407
XORArbiterPUF,10,2.92,0.0699,0.9975540035506852,0.81299
XORArbiterPUF,10,2.93,0.06954,0.9975791639764735,0.81209
XORArbiterPUF,10,2.94,0.06894,0.9976208079225293,0.81113
XORArbiterPUF,10,2.95,0.06882,0.997629093200474,0.81023
XORArbiterPUF,10,2.96,0.06844,0.9976552342367578,0.80936
XORArbiterPUF,10,2.97,0.06852,0.9976497429458899,0.80818
XORArbiterPUF,10,2.98,0.0686,0.9976442452096839,0.8071
XORArbiterPUF,10,2.99,0.0682,0.9976716694383979,0.80606
XORArbiterPUF,10,3.0,0.06826,0.9976675660759953,0.80501
XORArbiterPUF,15,0.5,0.0916,0.995795882698859,0.90689
XORArbiterPUF,15,0.51,0.09134,0.9958197650177466,0.90774
XORArbiterPUF,15,0.52,0.09142,0.9958124239032168,0.90864
XORArbiterPUF,15,0.53,0.0915,0.9958050763076075,0.90948
XORArbiterPUF,15,0.54,0.0913,0.9958234331446514,0.91052
XORArbiterPUF,15,0.55,0.09148,0.9958069138141189,0.91157
XORArbiterPUF,15,0.56,0.09122,0.9958307645378307,0.91234
XORArbiterPUF,15,0.57,0.09124,0.9958289322971091,0.91329
XORArbiterPUF,15,0.58,0.09156,0.9957995613576057,0.91411
XORArbiterPUF,15,0.59,0.09164,0.9957922024197617,0.91505
XORArbiterPUF,15,0.6,0.09148,0.9958069138141188,0.91595
XORArbiterPUF,15,0.61,0.09132,0.9958215992837273,0.91679
XORArbiterPUF,15,0.62,0.0914,0.9958142597894449,0.91769
XORArbiterPUF,15,0.63,0.09156,0.9957995613576058,0.91883
XORArbiterPUF,15,0.64,0.09142,0.9958124239032167,0.91988
XORArbiterPUF,15,0.65,0.09132,0.9958215992837273,0.92077
XORArbiterPUF,15,0.66,0.09138,0.9958160952706078,0.92178
XORArbiterPUF,15,0.67,0.0917,0.9957866789629191,0.92262
XORArbiterPUF,15,0.68,0.09174,0.9957829946328667,0.92364
XORArbiterPUF,15,0.69,0.09148,0.9958069138141188,0.92435
XORArbiterPUF,15,0.7,0.09124,0.9958289322971091,0.92539
XORArbiterPUF,15,0.71,0.0912,0.995832596373507,0.92655
XORArbiterPUF,15,0.72,0.09106,0.9958454078821671,0.92764
XORArbiterPUF,15,0.73,0.0909,0.9958600253047615,0.92862
XORArbiterPUF,15,0.74,0.09104,0.9958472364775632,0.92971
XORArbiterPUF,15,0.75,0.09116,0.9958362588297336,0.93079
XORArbiterPUF,15,0.76,0.09116,0.9958362588297335,0.93185
XORArbiterPUF,15,0.77,0.0914,0.9958142597894447,0.93297
XORArbiterPUF,15,0.78,0.0916,0.995795882698859,0.93435
XORArbiterPUF,15,0.79,0.09144,0.9958105876119212,0.93543
XORArbiterPUF,15,0.8,0.0914,0.9958142597894449,0.93623
XORArbiterPUF,15,0.81,0.09152,0.9958032383960198,0.93731
XORArbiterPUF,15,0.82,0.09132,0.9958215992837272,0.93819
XORArbiterPUF,15,0.83,0.09104,0.9958472364775632,0.93933
XORArbiterPUF,15,0.84,0.09096,0.9958545468089203,0.94043
XORArbiterPUF,15,0.85,0.09054,0.9958928197351359,0.94136
XORArbiterPUF,15,0.86,0.09068,0.9958800819375795,0.94239
XORArbiterPUF,15,0.87,0.09082,0.9958673242957616,0.94348
XORArbiterPUF,15,0.88,0.09044,0.9959019060128363,0.94461
XORArbiterPUF,15,0.89,0.09016,0.9959272937318266,0.94577
XORArbiterPUF,15,0.9,0.09018,0.9959254829554268,0.94676
XORArbiterPUF,15,0.91,0.09018,0.9959254829554268,0.94792
XORArbiterPUF,15,0.92,0.09006,0.99593634153996,0.94906
XORArbiterPUF,15,0.93,0.08986,0.9959544067877806,0.95022
XORArbiterPUF,15,0.94,0.08974,0.9959652265014074,0.95116
XORArbiterPUF,15,0.95,0.08962,0.9959760316393161,0.95236
XORArbiterPUF,15,0.96,0.08932,0.9960029807184314,0.95343
XORArbiterPUF,15,0.97,0.08918,0.9960155257826055,0.95452
XORArbiterPUF,15,0.98,0.08894,0.9960369854578692,0.9555
XORArbiterPUF,15,0.99,0.0885,0.9960761768057703,0.95668
XORArbiterPUF,15,1.0,0.08816,0.9961063268547189,0.95765
XORArbiterPUF,15,1.01,0.08814,0.996108096744525,0.95888
XORArbiterPUF,15,1.02,0.0883,0.9960939262941021,0.95994
XORArbiterPUF,15,1.03,0.0884,0.9960850566091229,0.96119
XORArbiterPUF,15,1.04,0.08878,0.9960512595243278,0.96234
XORArbiterPUF,15,1.05,0.08836,0.9960886056973045,0.96369
XORArbiterPUF,15,1.06,0.08808,0.9961134039857108,0.96477
XORArbiterPUF,15,1.07,0.08796,0.9961240075412298,0.96587
XORArbiterPUF,15,1.08,0.08794,0.9961257733840643,0.96708
XORArbiterPUF,15,1.09,0.08818,0.9961045565602036,0.96838
XORArbiterPUF,15,1.1,0.0882,0.9961027858609773,0.96975
XORArbiterPUF,15,1.11,0.0884,0.9960850566091229,0.97091
XORArbiterPUF,15,1.12,0.08842,0.9960832814579312,0.9719
XORArbiterPUF,15,1.13,0.08842,0.9960832814579312,0.97312
XORArbiterPUF,15,1.14,0.08872,0.9960566056203832,0.97407
XORArbiterPUF,15,1.15,0.08904,0.9960280510106129,0.97523
XORArbiterPUF,15,1.16,0.08894,0.9960369854578693,0.97642
XORArbiterPUF,15,1.17,0.08884,0.9960459097852868,0.97759
XORArbiterPUF,15,1.18,0.08864,0.9960637280816925,0.97883
XORArbiterPUF,15,1.19,0.08862,0.9960655076851119,0.9801
XORArbiterPUF,15,1.2,0.08872,0.9960566056203833,0.98121
XORArbiterPUF,15,1.21,0.08826,0.9960974713350094,0.98244
XORArbiterPUF,15,1.22,0.08788,0.9961310684844642,0.98353
XORArbiterPUF,15,1.23,0.08788,0.9961310684844642,0.98477
XORArbiterPUF,15,1.24,0.08784,0.9961345965279993,0.98603
XORArbiterPUF,15,1.25,0.08708,0.9962013218220501,0.98729
XORArbiterPUF,15,1.26,0.08746,0.9961680322114338,0.98876
XORArbiterPUF,15,1.27,0.08726,0.9961855712667194,0.98996
XORArbiterPUF,15,1.28,0.08684,0.9962222715840074,0.99117
XORArbiterPUF,15,1.29,0.08694,0.9962135495966715,0.99238
XORArbiterPUF,15,1.3,0.08642,0.996258793486913,0.9936
XORArbiterPUF,15,1.31,0.08642,0.996258793486913,0.99498
XORArbiterPUF,15,1.32,0.08628,0.9962709278103021,0.99631
XORArbiterPUF,15,1.33,0.08648,0.9962535869947973,0.99755
XORArbiterPUF,15,1.34,0.08622,0.9962761221669422,0.9988
XORArbiterPUF,15,1.35,0.08594,0.9963003143630939,1.0
XORArbiterPUF,15,1.36,0.0858,0.9963123807320675,0.99863
XORArbiterPUF,15,1.37,0.08614,0.9962830423127756,0.99752
XORArbiterPUF,15,1.38,0.086,0.9962951369950572,0.99627
XORArbiterPUF,15,1.39,0.08602,0.9962934103967565,0.99506
XORArbiterPUF,15,1.4,0.08562,0.9963278655141589,0.99388
XORArbiterPUF,15,1.41,0.08552,0.9963364540154096,0.99267
XORArbiterPUF,15,1.42,0.0853,0.9963553131288053,0.99122
XORArbiterPUF,15,1.43,0.08516,0.9963672889050503,0.98985
XORArbiterPUF,15,1.44,0.08516,0.9963672889050503,0.98857
XORArbiterPUF,15,1.45,0.08514,0.9963689981126468,0.98728
XORArbiterPUF,15,1.46,0.08502,0.9963792448661304,0.98576
XORArbiterPUF,15,1.47,0.08478,0.9963996947008765,0.98448
XORArbiterPUF,15,1.48,0.08442,0.9964302602791627,0.98324
XORArbiterPUF,15,1.49,0.08434,0.9964370348396331,0.98202
XORArbiterPUF,15,1.5,0.08404,0.9964623818288376,0.98085
XORArbiterPUF,15,1.51,0.08376,0.9964859569507238,0.97953
XORArbiterPUF,15,1.52,0.08364,0.9964960363192621,0.97811
XORArbiterPUF,15,1.53,0.08344,0.9965128029282917,0.97687
XORArbiterPUF,15,1.54,0.08326,0.9965278583160634,0.97576
XORArbiterPUF,15,1.55,0.083,0.9965495471876951,0.97449
XORArbiterPUF,15,1.56,0.0831,0.9965412133976198,0.97318
XORArbiterPUF,15,1.57,0.08298,0.9965512127331941,0.97182
XORArbiterPUF,15,1.58,0.083,0.9965495471876952,0.97027
XORArbiterPUF,15,1.59,0.08258,0.9965844387707448,0.9689
XORArbiterPUF,15,1.6,0.0825,0.9965910645796499,0.9676
XORArbiterPUF,15,1.61,0.08264,0.9965794651707408,0.96637
XORArbiterPUF,15,1.62,0.0829,0.9965578708735385,0.96524
XORArbiterPUF,15,1.63,0.08238,0.996600991169485,0.96406
XORArbiterPUF,15,1.64,0.08242,0.9965976839226548,0.96288
XORArbiterPUF,15,1.65,0.0822,0.9966158537771712,0.96153
XORArbiterPUF,15,1.66,0.08194,0.9966372642039831,0.96046
XORArbiterPUF,15,1.67,0.0819,0.9966405520547515,0.95914
XORArbiterPUF,15,1.68,0.08172,0.9966553273825408,0.95779
XORArbiterPUF,15,1.69,0.08186,0.9966438382892858,0.95662
XORArbiterPUF,15,1.7,0.08156,0.9966684335324363,0.95537
XORArbiterPUF,15,1.71,0.0814,0.9966815138247525,0.95415
XORArbiterPUF,15,1.72,0.0815,0.996673341672185,0.95294
XORArbiterPUF,15,1.73,0.08176,0.996652046804701,0.95163
XORArbiterPUF,15,1.74,0.08178,0.9966504059097151,0.9503
XORArbiterPUF,15,1.75,0.08152,0.9966717060296234,0.94913
XORArbiterPUF,15,1.76,0.08168,0.9966586063442184,0.94807
XORArbiterPUF,15,1.77,0.08194,0.9966372642039831,0.94688
XORArbiterPUF,15,1.78,0.08184,0.99664548080047,0.94561
XORArbiterPUF,15,1.79,0.08152,0.9966717060296235,0.94435
XORArbiterPUF,15,1.8,0.08148,0.9966749769107281,0.94319
XORArbiterPUF,15,1.81,0.08134,0.9966864122681716,0.94218
XORArbiterPUF,15,1.82,0.08136,0.9966847798577041,0.94095
XORArbiterPUF,15,1.83,0.08118,0.9966994570079788,0.93988
XORArbiterPUF,15,1.84,0.0809,0.9967222230892618,0.93878
XORArbiterPUF,15,1.85,0.08056,0.9967497611737863,0.93747
XORArbiterPUF,15,1.86,0.08028,0.9967723519440134,0.93623
XORArbiterPUF,15,1.87,0.08034,0.9967675177291846,0.93506
XORArbiterPUF,15,1.88,0.08032,0.9967691295380289,0.93395
XORArbiterPUF,15,1.89,0.08024,0.9967755727344044,0.93259
XORArbiterPUF,15,1.9,0.08024,0.9967755727344044,0.93157
XORArbiterPUF,15,1.91,0.08026,0.9967739625411572,0.93032
XORArbiterPUF,15,1.92,0.08056,0.9967497611737863,0.92913
XORArbiterPUF,15,1.93,0.08068,0.9967400551798848,0.92793
XORArbiterPUF,15,1.94,0.08072,0.9967368166171049,0.92659
XORArbiterPUF,15,1.95,0.08028,0.9967723519440134,0.92543
XORArbiterPUF,15,1.96,0.08014,0.9967836176422644,0.9242
XORArbiterPUF,15,1.97,0.08008,0.9967884397403493,0.92281
XORArbiterPUF,15,1.98,0.07972,0.9968172959976168,0.92165
XORArbiterPUF,15,1.99,0.07954,0.9968316750585327,0.92034
XORArbiterPUF,15,2.0,0.07932,0.9968492050455776,0.91903
XORArbiterPUF,15,2.01,0.07934,0.996847613429455,0.91782
XORArbiterPUF,15,2.02,0.07928,0.9968523870664102,0.91671
XORArbiterPUF,15,2.03,0.07938,0.9968444289857873,0.91548
XORArbiterPUF,15,2.04,0.07974,0.996815696304989,0.9143
XORArbiterPUF,15,2.05,0.07966,0.9968220926524453,0.91318
XORArbiterPUF,15,2.06,0.07944,0.9968396492917002,0.91201
XORArbiterPUF,15,2.07,0.07926,0.9968539774711238,0.91086
XORArbiterPUF,15,2.08,0.07914,0.9968635114196928,0.9096
XORArbiterPUF,15,2.09,0.07892,0.9968809525715697,0.90837
XORArbiterPUF,15,2.1,0.0785,0.9969141136527256,0.9074
XORArbiterPUF,15,2.11,0.07818,0.9969392597345135,0.90622
XORArbiterPUF,15,2.12,0.07852,0.9969125385910239,0.90509
XORArbiterPUF,15,2.13,0.0789,0.9968825357081946,0.90396
XORArbiterPUF,15,2.14,0.07918,0.9968603350520071,0.90298
XORArbiterPUF,15,2.15,0.07908,0.9968682729428198,0.90183
XORArbiterPUF,15,2.16,0.07898,0.9968762007390887,0.90078
XORArbiterPUF,15,2.17,0.0789,0.9968825357081946,0.89974
XORArbiterPUF,15,2.18,0.07858,0.9969078109835435,0.89876
XORArbiterPUF,15,2.19,0.0788,0.9968904453348924,0.89777
XORArbiterPUF,15,2.2,0.07876,0.9968936063592744,0.89657
XORArbiterPUF,15,2.21,0.07866,0.9969015018546216,0.89552
XORArbiterPUF,15,2.22,0.0788,0.9968904453348924,0.89431
XORArbiterPUF,15,2.23,0.07856,0.9969093872564346,0.89301
XORArbiterPUF,15,2.24,0.07902,0.9968730308319109,0.89202
XORArbiterPUF,15,2.25,0.0791,0.9968666861722283,0.8907
XORArbiterPUF,15,2.26,0.07908,0.9968682729428197,0.88959
XORArbiterPUF,15,2.27,0.07898,0.9968762007390887,0.88848
XORArbiterPUF,15,2.28,0.07878,0.9968920260489598,0.88744
XORArbiterPUF,15,2.29,0.07874,0.9968951862658381,0.8862
XORArbiterPUF,15,2.3,0.07858,0.9969078109835434,0.88502
XORArbiterPUF,15,2.31,0.0789,0.9968825357081947,0.8841
XORArbiterPUF,15,2.32,0.0788,0.9968904453348924,0.88301
XORArbiterPUF,15,2.33,0.0788,0.9968904453348924,0.88193
XORArbiterPUF,15,2.34,0.0791,0.9968666861722283,0.88088
XORArbiterPUF,15,2.35,0.07904,0.996871445272659,0.88009
XORArbiterPUF,15,2.36,0.07894,0.9968793690311781,0.87902
XORArbiterPUF,15,2.37,0.0788,0.9968904453348922,0.87783
XORArbiterPUF,15,2.38,0.07834,0.9969266996123638,0.87666
XORArbiterPUF,15,2.39,0.07806,0.9969486628708621,0.87552
XORArbiterPUF,15,2.4,0.07784,0.9969658642100039,0.87435
XORArbiterPUF,15,2.41,0.07774,0.9969736668538443,0.87338
XORArbiterPUF,15,2.42,0.0773,0.9970078786047781,0.87208
XORArbiterPUF,15,2.43,0.07718,0.9970171751780409,0.87088
XORArbiterPUF,15,2.44,0.07714,0.9970202708069682,0.86962
XORArbiterPUF,15,2.45,0.07708,0.9970249112233855,0.86857
XORArbiterPUF,15,2.46,0.07612,0.9970986639244886,0.86713
XORArbiterPUF,15,2.47,0.07634,0.9970818443839001,0.8661
XORArbiterPUF,15,2.48,0.07606,0.9971032425982779,0.86474
XORArbiterPUF,15,2.49,0.07574,0.9971276008615948,0.86358
XORArbiterPUF,15,2.5,0.0756,0.9971382251222746,0.86229
XORArbiterPUF,15,2.51,0.07558,0.9971397412599698,0.86122
XORArbiterPUF,15,2.52,0.0753,0.9971609248260783,0.86018
XORArbiterPUF,15,2.53,0.07528,0.9971624349121861,0.85909
XORArbiterPUF,15,2.54,0.07536,0.9971563921471897,0.85777
XORArbiterPUF,15,2.55,0.07498,0.9971850377938891,0.85668
XORArbiterPUF,15,2.56,0.0747,0.997206051927083,0.85562
XORArbiterPUF,15,2.57,0.07456,0.9972165293455578,0.85443
XORArbiterPUF,15,2.58,0.07462,0.9972120414435436,0.8533
XORArbiterPUF,15,2.59,0.07458,0.997215033781581,0.85216
XORArbiterPUF,15,2.6,0.07422,0.9972418922207392,0.85122
XORArbiterPUF,15,2.61,0.074,0.9972582413798344,0.84999
XORArbiterPUF,15,2.62,0.07404,0.9972552724352978,0.84897
XORArbiterPUF,15,2.63,0.07352,0.9972937428862172,0.84787
XORArbiterPUF,15,2.64,0.07358,0.9972893179012798,0.84682
XORArbiterPUF,15,2.65,0.0732,0.9973172815107536,0.84557
XORArbiterPUF,15,2.66,0.0731,0.997324616160656,0.84436
XORArbiterPUF,15,2.67,0.0732,0.9973172815107537,0.84335
XORArbiterPUF,15,2.68,0.07318,0.9973187492472003,0.84234
XORArbiterPUF,15,2.69,0.07272,0.9973523958962548,0.84131
XORArbiterPUF,15,2.7,0.07318,0.9973187492472002,0.84006
XORArbiterPUF,15,2.71,0.07304,0.9973290121118507,0.83901
XORArbiterPUF,15,2.72,0.0728,0.9973465596270936,0.83785
XORArbiterPUF,15,2.73,0.07252,0.9973669583458238,0.83661
XORArbiterPUF,15,2.74,0.0725,0.9973684123732814,0.8355
XORArbiterPUF,15,2.75,0.0727,0.9973538539555556,0.8345
XORArbiterPUF,15,2.76,0.07274,0.9973509374337601,0.83332
XORArbiterPUF,15,2.77,0.07274,0.9973509374337601,0.83232
XORArbiterPUF,15,2.78,0.07242,0.9973742244513842,0.83128
XORArbiterPUF,15,2.79,0.07234,0.9973800300788063,0.83036
XORArbiterPUF,15,2.8,0.072,0.9974046320325567,0.82931
XORArbiterPUF,15,2.81,0.07186,0.9974147283853391,0.82824
XORArbiterPUF,15,2.82,0.07178,0.9974204888611422,0.82718
XORArbiterPUF,15,2.83,0.07168,0.9974276803859015,0.82609
XORArbiterPUF,15,2.84,0.07168,0.9974276803859013,0.82509
XORArbiterPUF,15,2.85,0.07186,0.9974147283853392,0.82402
XORArbiterPUF,15,2.86,0.0719,0.9974118457287342,0.82308
XORArbiterPUF,15,2.87,0.07168,0.9974276803859012,0.82207
XORArbiterPUF,15,2.88,0.07184,0.9974161691089632,0.82083
XORArbiterPUF,15,2.89,0.07174,0.997423366680368,0.81992
XORArbiterPUF,15,2.9,0.07162,0.9974319904635102,0.81888
XORArbiterPUF,15,2.91,0.07158,0.9974348618330924,0.81774
XORArbiterPUF,15,2.92,0.07142,0.9974463311877987,0.8167
XORArbiterPUF,15,2.93,0.07128,0.99745634571143,0.81593
XORArbiterPUF,15,2.94,0.07076,0.997493369602024,0.81487
XORArbiterPUF,15,2.95,0.07044,0.9975160181170025,0.81395
XORArbiterPUF,15,2.96,0.07052,0.9975103656604276,0.81279
XORArbiterPUF,15,2.97,0.0701,0.9975399691240446,0.81168
XORArbiterPUF,15,2.98,0.0701,0.9975399691240446,0.81082
XORArbiterPUF,15,2.99,0.0697,0.9975679976823637,0.8098
XORArbiterPUF,15,3.0,0.06916,0.9976055805778153,0.80893
XORArbiterPUF,20,0.5,0.0917,0.9957866789629192,0.9093
XORArbiterPUF,20,0.51,0.0916,0.995795882698859,0.91003
XORArbiterPUF,20,0.52,0.09142,0.9958124239032168,0.9108
XORArbiterPUF,20,0.53,0.09144,0.9958105876119213,0.91169
XORArbiterPUF,20,0.54,0.0916,0.995795882698859,0.91263
XORArbiterPUF,20,0.55,0.09132,0.9958215992837272,0.91367
XORArbiterPUF,20,0.56,0.09144,0.9958105876119213,0.91457
XORArbiterPUF,20,0.57,0.09134,0.9958197650177466,0.91534
XORArbiterPUF,20,0.58,0.09136,0.9958179303467075,0.91625
XORArbiterPUF,20,0.59,0.09156,0.9957995613576058,0.91711
XORArbiterPUF,20,0.6,0.09184,0.9957737767183868,0.91811
XORArbiterPUF,20,0.61,0.09158,0.9957977222307751,0.91896
XORArbiterPUF,20,0.62,0.09124,0.9958289322971091,0.91977
XORArbiterPUF,20,0.63,0.09142,0.9958124239032168,0.9206
XORArbiterPUF,20,0.64,0.09138,0.9958160952706078,0.92162
XORArbiterPUF,20,0.65,0.0915,0.9958050763076075,0.92272
XORArbiterPUF,20,0.66,0.09136,0.9958179303467075,0.92369
XORArbiterPUF,20,0.67,0.09122,0.9958307645378306,0.92454
XORArbiterPUF,20,0.68,0.09156,0.9957995613576057,0.92549
XORArbiterPUF,20,0.69,0.09174,0.9957829946328667,0.9264
XORArbiterPUF,20,0.7,0.09156,0.9957995613576057,0.92719
XORArbiterPUF,20,0.71,0.0913,0.9958234331446514,0.92804
XORArbiterPUF,20,0.72,0.09134,0.9958197650177467,0.92924
XORArbiterPUF,20,0.73,0.0912,0.995832596373507,0.93033
XORArbiterPUF,20,0.74,0.09104,0.9958472364775632,0.93123
XORArbiterPUF,20,0.75,0.0907,0.9958782606322925,0.93234
XORArbiterPUF,20,0.76,0.09118,0.9958344278041406,0.93336
XORArbiterPUF,20,0.77,0.09138,0.9958160952706078,0.93446
XORArbiterPUF,20,0.78,0.09122,0.9958307645378307,0.93548
XORArbiterPUF,20,0.79,0.09156,0.9957995613576058,0.93673
XORArbiterPUF,20,0.8,0.09154,0.995801400079353,0.93794
XORArbiterPUF,20,0.81,0.09138,0.9958160952706079,0.93898
XORArbiterPUF,20,0.82,0.09124,0.9958289322971091,0.93967
XORArbiterPUF,20,0.83,0.09154,0.995801400079353,0.9408
XORArbiterPUF,20,0.84,0.09138,0.9958160952706078,0.94174
XORArbiterPUF,20,0.85,0.09098,0.9958527198336106,0.94286
XORArbiterPUF,20,0.86,0.0908,0.9958691480310051,0.94387
XORArbiterPUF,20,0.87,0.0907,0.9958782606322922,0.94482
XORArbiterPUF,20,0.88,0.09066,0.9958819028378818,0.94584
XORArbiterPUF,20,0.89,0.09082,0.9958673242957615,0.94694
XORArbiterPUF,20,0.9,0.0905,0.9958964554611085,0.94806
XORArbiterPUF,20,0.91,0.09022,0.9959218601878362,0.94916
XORArbiterPUF,20,0.92,0.09014,0.9959291041032992,0.95012
XORArbiterPUF,20,0.93,0.0901,0.9959327236314709,0.95132
XORArbiterPUF,20,0.94,0.09006,0.99593634153996,0.9524
XORArbiterPUF,20,0.95,0.08984,0.9959562110856078,0.95355
XORArbiterPUF,20,0.96,0.08976,0.9959634242280185,0.95441
XORArbiterPUF,20,0.97,0.08966,0.9959724315461749,0.95568
XORArbiterPUF,20,0.98,0.08932,0.9960029807184314,0.95667
XORArbiterPUF,20,0.99,0.08904,0.9960280510106129,0.95765
XORArbiterPUF,20,1.0,0.08898,0.9960334128933627,0.95874
XORArbiterPUF,20,1.01,0.08862,0.9960655076851119,0.95996
XORArbiterPUF,20,1.02,0.08828,0.9960956990169166,0.96095
XORArbiterPUF,20,1.03,0.08808,0.9961134039857107,0.96199
XORArbiterPUF,20,1.04,0.08822,0.9961010147570378,0.9631
XORArbiterPUF,20,1.05,0.08826,0.9960974713350094,0.96426
XORArbiterPUF,20,1.06,0.08872,0.9960566056203833,0.96533
XORArbiterPUF,20,1.07,0.08848,0.9960779535759238,0.96681
XORArbiterPUF,20,1.08,0.08826,0.9960974713350094,0.96782
XORArbiterPUF,20,1.09,0.08792,0.9961275388222134,0.96889
XORArbiterPUF,20,1.1,0.08786,0.9961328327085699,0.97
XORArbiterPUF,20,1.11,0.08832,0.9960921531665632,0.97127
XORArbiterPUF,20,1.12,0.08828,0.9960956990169166,0.97269
XORArbiterPUF,20,1.13,0.0884,0.9960850566091232,0.97383
XORArbiterPUF,20,1.14,0.0884,0.996085056609123,0.97497
XORArbiterPUF,20,1.15,0.08842,0.9960832814579312,0.97596
XORArbiterPUF,20,1.16,0.08864,0.9960637280816926,0.97705
XORArbiterPUF,20,1.17,0.08872,0.9960566056203832,0.97815
XORArbiterPUF,20,1.18,0.0888,0.9960494766827601,0.97929
XORArbiterPUF,20,1.19,0.08888,0.9960423412686832,0.98037
XORArbiterPUF,20,1.2,0.08898,0.9960334128933627,0.98162
XORArbiterPUF,20,1.21,0.08874,0.9960548239931374,0.98282
XORArbiterPUF,20,1.22,0.08854,0.9960726220512237,0.984
XORArbiterPUF,20,1.23,0.08838,0.9960868313555802,0.98524
XORArbiterPUF,20,1.24,0.08806,0.9961151722567024,0.98636
XORArbiterPUF,20,1.25,0.0878,0.9961381229528363,0.98745
XORArbiterPUF,20,1.26,0.08788,0.9961310684844642,0.98873
XORArbiterPUF,20,1.27,0.08764,0.9961522124655448,0.98989
XORArbiterPUF,20,1.28,0.08704,0.9962048174948764,0.99127
XORArbiterPUF,20,1.29,0.08742,0.9961715432594932,0.99256
XORArbiterPUF,20,1.3,0.08728,0.9961838191819821,0.99375
XORArbiterPUF,20,1.31,0.08676,0.9962292418916441,0.99495
XORArbiterPUF,20,1.32,0.08704,0.9962048174948764,0.99617
XORArbiterPUF,20,1.33,0.0864,0.9962605281752358,0.99749
XORArbiterPUF,20,1.34,0.08644,0.9962570583940674,0.99865
XORArbiterPUF,20,1.35,0.08626,0.9962726596670212,1.0
XORArbiterPUF,20,1.36,0.08644,0.9962570583940674,0.99875
XORArbiterPUF,20,1.37,0.08628,0.9962709278103021,0.99753
XORArbiterPUF,20,1.38,0.08588,0.9963054880908765,0.99635
XORArbiterPUF,20,1.39,0.08586,0.9963072118578687,0.99498
XORArbiterPUF,20,1.4,0.08616,0.9962813128830632,0.99405
XORArbiterPUF,20,1.41,0.086,0.9962951369950572,0.99283
XORArbiterPUF,20,1.42,0.08602,0.9962934103967565,0.99166
XORArbiterPUF,20,1.43,0.08568,0.9963227075601561,0.99049
XORArbiterPUF,20,1.44,0.08562,0.996327865514159,0.98932
XORArbiterPUF,20,1.45,0.08536,0.9963501745872283,0.98791
XORArbiterPUF,20,1.46,0.08512,0.9963707069158548,0.98657
XORArbiterPUF,20,1.47,0.08508,0.9963741233091112,0.98533
XORArbiterPUF,20,1.48,0.0851,0.9963724153146754,0.98396
XORArbiterPUF,20,1.49,0.08506,0.9963758308991643,0.98264
XORArbiterPUF,20,1.5,0.0847,0.9964064983730284,0.98128
XORArbiterPUF,20,1.51,0.08468,0.996408198280203,0.98009
XORArbiterPUF,20,1.52,0.08446,0.9964268705730491,0.97892
XORArbiterPUF,20,1.53,0.0841,0.996457319708175,0.97774
XORArbiterPUF,20,1.54,0.08384,0.9964792292867926,0.97651
XORArbiterPUF,20,1.55,0.08378,0.9964842756411162,0.97502
XORArbiterPUF,20,1.56,0.08352,0.9965061011353618,0.97375
XORArbiterPUF,20,1.57,0.08348,0.9965094528402627,0.97271
XORArbiterPUF,20,1.58,0.08298,0.9965512127331941,0.9715
XORArbiterPUF,20,1.59,0.0831,0.9965412133976198,0.97034
XORArbiterPUF,20,1.6,0.08314,0.9965378770523476,0.96892
XORArbiterPUF,20,1.61,0.08316,0.9965362082734375,0.96753
XORArbiterPUF,20,1.62,0.0826,0.9965827813082062,0.96617
XORArbiterPUF,20,1.63,0.0826,0.9965827813082062,0.96487
XORArbiterPUF,20,1.64,0.08274,0.9965711677547169,0.96362
XORArbiterPUF,20,1.65,0.08276,0.9965695070590911,0.96241
XORArbiterPUF,20,1.66,0.08248,0.9965927200215743,0.96133
XORArbiterPUF,20,1.67,0.08234,0.9966042967998884,0.96016
XORArbiterPUF,20,1.68,0.08234,0.9966042967998886,0.95896
XORArbiterPUF,20,1.69,0.08214,0.996620800706066,0.9578
XORArbiterPUF,20,1.7,0.08186,0.9966438382892858,0.95674
XORArbiterPUF,20,1.71,0.08176,0.9966520468047011,0.95531
XORArbiterPUF,20,1.72,0.08168,0.9966586063442185,0.95411
XORArbiterPUF,20,1.73,0.08178,0.9966504059097151,0.95294
XORArbiterPUF,20,1.74,0.08132,0.9966880442746366,0.95169
XORArbiterPUF,20,1.75,0.08162,0.9966635217564653,0.95062
XORArbiterPUF,20,1.76,0.08168,0.9966586063442187,0.94947
XORArbiterPUF,20,1.77,0.08166,0.9966602452190014,0.94814
XORArbiterPUF,20,1.78,0.08164,0.9966618836897495,0.94689
XORArbiterPUF,20,1.79,0.08168,0.9966586063442187,0.94577
XORArbiterPUF,20,1.8,0.08152,0.9966717060296234,0.94473
XORArbiterPUF,20,1.81,0.0817,0.9966569670653992,0.94358
XORArbiterPUF,20,1.82,0.08184,0.99664548080047,0.94227
XORArbiterPUF,20,1.83,0.08148,0.9966749769107281,0.94109
XORArbiterPUF,20,1.84,0.08144,0.9966782461757655,0.93993
XORArbiterPUF,20,1.85,0.08126,0.9966929378700344,0.93896
XORArbiterPUF,20,1.86,0.0814,0.9966815138247523,0.93779
XORArbiterPUF,20,1.87,0.08118,0.9966994570079788,0.93674
XORArbiterPUF,20,1.88,0.0809,0.9967222230892618,0.93572
XORArbiterPUF,20,1.89,0.08054,0.9967513774256848,0.93442
XORArbiterPUF,20,1.9,0.08032,0.9967691295380289,0.93321
XORArbiterPUF,20,1.91,0.08036,0.9967659055164357,0.93205
XORArbiterPUF,20,1.92,0.08024,0.9967755727344044,0.93099
XORArbiterPUF,20,1.93,0.08024,0.9967755727344044,0.92975
XORArbiterPUF,20,1.94,0.08018,0.996780400890788,0.9287
XORArbiterPUF,20,1.95,0.08014,0.9967836176422645,0.92748
XORArbiterPUF,20,1.96,0.08054,0.9967513774256846,0.92634
XORArbiterPUF,20,1.97,0.08054,0.9967513774256848,0.9253
XORArbiterPUF,20,1.98,0.08074,0.9967351967298035,0.92398
XORArbiterPUF,20,1.99,0.0805,0.9967546087177125,0.92286
XORArbiterPUF,20,2.0,0.0802,0.9967787919092179,0.92175
XORArbiterPUF,20,2.01,0.0801,0.9967868327782023,0.92032
XORArbiterPUF,20,2.02,0.0798,0.9968108948040245,0.91905
XORArbiterPUF,20,2.03,0.07962,0.9968252884031382,0.91784
XORArbiterPUF,20,2.04,0.07928,0.9968523870664102,0.91659
XORArbiterPUF,20,2.05,0.07932,0.9968492050455776,0.91539
XORArbiterPUF,20,2.06,0.07928,0.9968523870664101,0.91437
XORArbiterPUF,20,2.07,0.07924,0.9968555674720385,0.91309
XORArbiterPUF,20,2.08,0.07942,0.9968412429268764,0.91202
XORArbiterPUF,20,2.09,0.07974,0.9968156963049889,0.9108
XORArbiterPUF,20,2.1,0.07952,0.9968332707128106,0.90985
XORArbiterPUF,20,2.11,0.07934,0.996847613429455,0.9086
XORArbiterPUF,20,2.12,0.07918,0.9968603350520071,0.90746
XORArbiterPUF,20,2.13,0.07898,0.9968762007390888,0.90616
XORArbiterPUF,20,2.14,0.07878,0.9968920260489598,0.9051
XORArbiterPUF,20,2.15,0.07836,0.9969251277804165,0.90405
XORArbiterPUF,20,2.16,0.0781,0.9969455301068357,0.90304
XORArbiterPUF,20,2.17,0.07862,0.9969046572265573,0.90196
XORArbiterPUF,20,2.18,0.07894,0.9968793690311781,0.90086
XORArbiterPUF,20,2.19,0.07902,0.9968730308319109,0.89998
XORArbiterPUF,20,2.2,0.0791,0.9968666861722283,0.89876
XORArbiterPUF,20,2.21,0.07902,0.9968730308319109,0.89776
XORArbiterPUF,20,2.22,0.07876,0.9968936063592743,0.89673
XORArbiterPUF,20,2.23,0.0786,0.996906234306918,0.89579
XORArbiterPUF,20,2.24,0.07882,0.99688886421707,0.89476
XORArbiterPUF,20,2.25,0.07864,0.9969030797424593,0.89359
XORArbiterPUF,20,2.26,0.07868,0.9968999235630426,0.89257
XORArbiterPUF,20,2.27,0.07878,0.9968920260489598,0.89148
XORArbiterPUF,20,2.28,0.0786,0.9969062343069182,0.89021
XORArbiterPUF,20,2.29,0.07906,0.9968698593096292,0.8891
XORArbiterPUF,20,2.3,0.0791,0.9968666861722283,0.88792
XORArbiterPUF,20,2.31,0.07908,0.9968682729428198,0.88683
XORArbiterPUF,20,2.32,0.07898,0.9968762007390887,0.88576
XORArbiterPUF,20,2.33,0.07878,0.9968920260489598,0.88468
XORArbiterPUF,20,2.34,0.07876,0.9968936063592744,0.88353
XORArbiterPUF,20,2.35,0.07858,0.9969078109835434,0.88236
XORArbiterPUF,20,2.36,0.07894,0.9968793690311781,0.8815
XORArbiterPUF,20,2.37,0.07884,0.9968872826954909,0.88043
XORArbiterPUF,20,2.38,0.07872,0.9968967657686527,0.87937
XORArbiterPUF,20,2.39,0.0791,0.9968666861722284,0.87838
XORArbiterPUF,20,2.4,0.07902,0.9968730308319109,0.87756
XORArbiterPUF,20,2.41,0.079,0.9968746159873868,0.87657
XORArbiterPUF,20,2.42,0.07884,0.996887282695491,0.87543
XORArbiterPUF,20,2.43,0.07838,0.9969235555447568,0.8743
XORArbiterPUF,20,2.44,0.07806,0.9969486628708621,0.87314
XORArbiterPUF,20,2.45,0.078,0.996953358989276,0.87197
XORArbiterPUF,20,2.46,0.07784,0.9969658642100039,0.87111
XORArbiterPUF,20,2.47,0.0777,0.9969767850857912,0.86984
XORArbiterPUF,20,2.48,0.07722,0.9970140779347099,0.86854
XORArbiterPUF,20,2.49,0.07726,0.9970109790769609,0.86742
XORArbiterPUF,20,2.5,0.07714,0.9970202708069682,0.86628
XORArbiterPUF,20,2.51,0.07622,0.9970910247314434,0.86508
XORArbiterPUF,20,2.52,0.07636,0.997080312913659,0.86385
XORArbiterPUF,20,2.53,0.07626,0.9970879662296602,0.86272
XORArbiterPUF,20,2.54,0.07594,0.997112389051505,0.86152
XORArbiterPUF,20,2.55,0.07564,0.9971351916365202,0.86027
XORArbiterPUF,20,2.56,0.07566,0.9971336742884574,0.85906
XORArbiterPUF,20,2.57,0.07534,0.997157903443582,0.85804
XORArbiterPUF,20,2.58,0.07526,0.9971639445948695,0.85704
XORArbiterPUF,20,2.59,0.07536,0.9971563921471897,0.85575
XORArbiterPUF,20,2.6,0.07528,0.9971624349121861,0.85469
XORArbiterPUF,20,2.61,0.07478,0.9972000559566769,0.85374
XORArbiterPUF,20,2.62,0.07462,0.9972120414435437,0.85264
XORArbiterPUF,20,2.63,0.07456,0.9972165293455579,0.85147
XORArbiterPUF,20,2.64,0.0748,0.9971985559556331,0.85033
XORArbiterPUF,20,2.65,0.07444,0.9972254942589465,0.84927
XORArbiterPUF,20,2.66,0.07416,0.9972463559221463,0.84839
XORArbiterPUF,20,2.67,0.07404,0.9972552724352977,0.84719
XORArbiterPUF,20,2.68,0.07388,0.9972671385341043,0.84621
XORArbiterPUF,20,2.69,0.07346,0.9972981642417676,0.84504
XORArbiterPUF,20,2.7,0.0735,0.9972952170746632,0.84408
XORArbiterPUF,20,2.71,0.07334,0.9973069960649028,0.84274
XORArbiterPUF,20,2.72,0.07312,0.9973231500371381,0.84161
XORArbiterPUF,20,2.73,0.07314,0.9973216835103909,0.84076
XORArbiterPUF,20,2.74,0.07288,0.997340716906715,0.83971
XORArbiterPUF,20,2.75,0.07294,0.9973363306327508,0.83866
XORArbiterPUF,20,2.76,0.07308,0.9973260818809463,0.83747
XORArbiterPUF,20,2.77,0.07306,0.9973275471980106,0.83644
XORArbiterPUF,20,2.78,0.0728,0.9973465596270936,0.83527
XORArbiterPUF,20,2.79,0.0724,0.9973756764629867,0.83409
XORArbiterPUF,20,2.8,0.07256,0.9973640490813773,0.83297
XORArbiterPUF,20,2.81,0.0727,0.9973538539555556,0.83204
XORArbiterPUF,20,2.82,0.07276,0.9973494785680693,0.83087
XORArbiterPUF,20,2.83,0.07274,0.9973509374337601,0.8299
XORArbiterPUF,20,2.84,0.0724,0.9973756764629866,0.82885
XORArbiterPUF,20,2.85,0.07234,0.9973800300788063,0.82802
XORArbiterPUF,20,2.86,0.07208,0.9973988538192733,0.82699
XORArbiterPUF,20,2.87,0.07192,0.9974104037957495,0.82593
XORArbiterPUF,20,2.88,0.0718,0.997419049346863,0.82487
XORArbiterPUF,20,2.89,0.07174,0.9974233666803681,0.82386
XORArbiterPUF,20,2.9,0.0717,0.9974262428871621,0.82298
XORArbiterPUF,20,2.91,0.07184,0.9974161691089631,0.82179
XORArbiterPUF,20,2.92,0.07188,0.9974132872585968,0.82089
XORArbiterPUF,20,2.93,0.07178,0.9974204888611422,0.81994
XORArbiterPUF,20,2.94,0.07178,0.9974204888611422,0.81876
XORArbiterPUF,20,2.95,0.07186,0.9974147283853391,0.81788
XORArbiterPUF,20,2.96,0.07164,0.9974305541740737,0.81695
XORArbiterPUF,20,2.97,0.07154,0.9974377315902982,0.81576
XORArbiterPUF,20,2.98,0.07142,0.9974463311877987,0.8148
XORArbiterPUF,20,2.99,0.07126,0.9974577747453774,0.81394
XORArbiterPUF,20,3.0,0.07116,0.9974649138691544,0.81299
XORArbiterPUF,25,0.5,0.09146,0.9958087509155561,0.91151
XORArbiterPUF,25,0.51,0.0916,0.995795882698859,0.91246
XORArbiterPUF,25,0.52,0.09168,0.9957885205202961,0.91316
XORArbiterPUF,25,0.53,0.09146,0.9958087509155561,0.91399
XORArbiterPUF,25,0.54,0.09138,0.9958160952706078,0.91485
XORArbiterPUF,25,0.55,0.09154,0.9958014000793531,0.91579
XORArbiterPUF,25,0.56,0.09142,0.9958124239032168,0.91683
XORArbiterPUF,25,0.57,0.09146,0.9958087509155561,0.91765
XORArbiterPUF,25,0.58,0.0913,0.9958234331446513,0.91849
XORArbiterPUF,25,0.59,0.0913,0.9958234331446514,0.91929
XORArbiterPUF,25,0.6,0.09148,0.9958069138141189,0.9202
XORArbiterPUF,25,0.61,0.0918,0.995777465099507,0.92106
XORArbiterPUF,25,0.62,0.0916,0.995795882698859,0.92202
XORArbiterPUF,25,0.63,0.09152,0.9958032383960198,0.9228
XORArbiterPUF,25,0.64,0.09138,0.9958160952706078,0.92363
XORArbiterPUF,25,0.65,0.09142,0.9958124239032167,0.92449
XORArbiterPUF,25,0.66,0.0916,0.995795882698859,0.9257
XORArbiterPUF,25,0.67,0.09138,0.9958160952706079,0.92669
XORArbiterPUF,25,0.68,0.09126,0.99582709965134,0.92753
XORArbiterPUF,25,0.69,0.09144,0.9958105876119211,0.92848
XORArbiterPUF,25,0.7,0.0917,0.9957866789629192,0.92923
XORArbiterPUF,25,0.71,0.09174,0.9957829946328667,0.93023
XORArbiterPUF,25,0.72,0.09148,0.9958069138141188,0.93094
XORArbiterPUF,25,0.73,0.09124,0.9958289322971091,0.9319
XORArbiterPUF,25,0.74,0.09124,0.9958289322971091,0.93304
XORArbiterPUF,25,0.75,0.09118,0.9958344278041407,0.93411
XORArbiterPUF,25,0.76,0.09098,0.9958527198336106,0.93505
XORArbiterPUF,25,0.77,0.0908,0.9958691480310051,0.9361
XORArbiterPUF,25,0.78,0.09114,0.9958380894502881,0.93715
XORArbiterPUF,25,0.79,0.09126,0.99582709965134,0.93817
XORArbiterPUF,25,0.8,0.09136,0.9958179303467075,0.9393
XORArbiterPUF,25,0.81,0.09166,0.9957903616725764,0.94057
XORArbiterPUF,25,0.82,0.09144,0.9958105876119212,0.94166
XORArbiterPUF,25,0.83,0.09144,0.9958105876119212,0.9426
XORArbiterPUF,25,0.84,0.09146,0.9958087509155561,0.94335
XORArbiterPUF,25,0.85,0.09134,0.9958197650177465,0.94443
XORArbiterPUF,25,0.86,0.09124,0.995828932297109,0.94542
XORArbiterPUF,25,0.87,0.091,0.995850892453283,0.9465
XORArbiterPUF,25,0.88,0.09078,0.99587097136125,0.94745
XORArbiterPUF,25,0.89,0.0907,0.9958782606322922,0.94841
XORArbiterPUF,25,0.9,0.09064,0.995883723333201,0.9495
XORArbiterPUF,25,0.91,0.09078,0.9958709713612501,0.95043
XORArbiterPUF,25,0.92,0.09044,0.9959019060128363,0.95162
XORArbiterPUF,25,0.93,0.09016,0.9959272937318266,0.95268
XORArbiterPUF,25,0.94,0.09002,0.9959399578287839,0.95367
XORArbiterPUF,25,0.95,0.09014,0.9959291041032992,0.95483
XORArbiterPUF,25,0.96,0.09006,0.99593634153996,0.95589
XORArbiterPUF,25,0.97,0.0898,0.9959598184665885,0.95702
XORArbiterPUF,25,0.98,0.08982,0.9959580149785433,0.95789
XORArbiterPUF,25,0.99,0.0897,0.9959688298335445,0.95911
XORArbiterPUF,25,1.0,0.08934,0.9960011869470838,0.96007
XORArbiterPUF,25,1.01,0.08902,0.9960298387096644,0.96115
XORArbiterPUF,25,1.02,0.089,0.9960316260039137,0.96214
XORArbiterPUF,25,1.03,0.08864,0.9960637280816926,0.96338
XORArbiterPUF,25,1.04,0.08824,0.9960992432483824,0.96434
XORArbiterPUF,25,1.05,0.08816,0.9961063268547189,0.96536
XORArbiterPUF,25,1.06,0.08814,0.996108096744525,0.96653
XORArbiterPUF,25,1.07,0.08836,0.9960886056973044,0.96756
XORArbiterPUF,25,1.08,0.0886,0.9960672868837729,0.96866
XORArbiterPUF,25,1.09,0.08866,0.9960619480735122,0.97011
XORArbiterPUF,25,1.1,0.08838,0.9960868313555802,0.97113
XORArbiterPUF,25,1.11,0.08796,0.9961240075412298,0.9721
XORArbiterPUF,25,1.12,0.08796,0.9961240075412298,0.9733
XORArbiterPUF,25,1.13,0.08826,0.9960974713350094,0.97449
XORArbiterPUF,25,1.14,0.0883,0.996093926294102,0.97577
XORArbiterPUF,25,1.15,0.0883,0.9960939262941021,0.97699
XORArbiterPUF,25,1.16,0.08842,0.9960832814579312,0.97811
XORArbiterPUF,25,1.17,0.0883,0.9960939262941019,0.97911
XORArbiterPUF,25,1.18,0.08846,0.9960797299413333,0.98027
XORArbiterPUF,25,1.19,0.08872,0.9960566056203832,0.9812
XORArbiterPUF,25,1.2,0.08906,0.9960262629067569,0.98235
XORArbiterPUF,25,1.21,0.0889,0.996040556403202,0.98351
XORArbiterPUF,25,1.22,0.08868,0.9960601676605686,0.98462
XORArbiterPUF,25,1.23,0.08886,0.9960441257293776,0.98581
XORArbiterPUF,25,1.24,0.08842,0.9960832814579312,0.98707
XORArbiterPUF,25,1.25,0.08862,0.9960655076851119,0.98805
XORArbiterPUF,25,1.26,0.08826,0.9960974713350094,0.98935
XORArbiterPUF,25,1.27,0.08778,0.9961398855582481,0.99043
XORArbiterPUF,25,1.28,0.08786,0.9961328327085698,0.99155
XORArbiterPUF,25,1.29,0.08792,0.9961275388222134,0.99278
XORArbiterPUF,25,1.3,0.08738,0.9961750526890343,0.99387
XORArbiterPUF,25,1.31,0.0873,0.99618206669263,0.99525
XORArbiterPUF,25,1.32,0.08744,0.9961697879377793,0.99654
XORArbiterPUF,25,1.33,0.08714,0.9961960752783562,0.99765
XORArbiterPUF,25,1.34,0.08684,0.9962222715840074,0.99892
XORArbiterPUF,25,1.35,0.0868,0.9962257575469528,1.0
XORArbiterPUF,25,1.36,0.08638,0.9962622624590374,0.99867
XORArbiterPUF,25,1.37,0.0864,0.9962605281752359,0.99756
XORArbiterPUF,25,1.38,0.08614,0.9962830423127756,0.99617
XORArbiterPUF,25,1.39,0.08636,0.99626399633832,0.99498
XORArbiterPUF,25,1.4,0.08632,0.9962674628833363,0.9938
XORArbiterPUF,25,1.41,0.08592,0.9963020393434915,0.99264
XORArbiterPUF,25,1.42,0.08582,0.9963106581784621,0.99127
XORArbiterPUF,25,1.43,0.08616,0.9962813128830632,0.99042
XORArbiterPUF,25,1.44,0.086,0.9962951369950572,0.9892
XORArbiterPUF,25,1.45,0.08606,0.9962899559867097,0.98807
XORArbiterPUF,25,1.46,0.08576,0.9963158246259065,0.98692
XORArbiterPUF,25,1.47,0.08552,0.9963364540154096,0.9858
XORArbiterPUF,25,1.48,0.08528,0.9963570251671837,0.98448
XORArbiterPUF,25,1.49,0.0851,0.9963724153146754,0.98301
XORArbiterPUF,25,1.5,0.08504,0.9963775380848365,0.98188
XORArbiterPUF,25,1.51,0.08506,0.996375830899164,0.98065
XORArbiterPUF,25,1.52,0.0851,0.9963724153146754,0.97933
XORArbiterPUF,25,1.53,0.08472,0.9964047980615106,0.97798
XORArbiterPUF,25,1.54,0.08478,0.9963996947008765,0.97673
XORArbiterPUF,25,1.55,0.08436,0.9964353418059799,0.97562
XORArbiterPUF,25,1.56,0.08414,0.9964539429396625,0.97443
XORArbiterPUF,25,1.57,0.0839,0.9964741792941754,0.97333
XORArbiterPUF,25,1.58,0.08396,0.9964691256632089,0.97194
XORArbiterPUF,25,1.59,0.08366,0.9964943574351036,0.97065
XORArbiterPUF,25,1.6,0.08336,0.9965194982537975,0.96952
XORArbiterPUF,25,1.61,0.08306,0.9965445481261739,0.96841
XORArbiterPUF,25,1.62,0.083,0.9965495471876951,0.96732
XORArbiterPUF,25,1.63,0.08316,0.9965362082734374,0.96592
XORArbiterPUF,25,1.64,0.08306,0.9965445481261739,0.96455
XORArbiterPUF,25,1.65,0.08296,0.9965528778745261,0.96324
XORArbiterPUF,25,1.66,0.08252,0.9965894087336067,0.96192
XORArbiterPUF,25,1.67,0.08256,0.9965860958291564,0.9607
XORArbiterPUF,25,1.68,0.08264,0.9965794651707408,0.95952
XORArbiterPUF,25,1.69,0.08282,0.9965645225473362,0.95843
XORArbiterPUF,25,1.7,0.08236,0.9966026441867388,0.95736
XORArbiterPUF,25,1.71,0.0824,0.9965993377481245,0.95618
XORArbiterPUF,25,1.72,0.08238,0.996600991169485,0.95497
XORArbiterPUF,25,1.73,0.08202,0.9966306836536792,0.95393
XORArbiterPUF,25,1.74,0.08174,0.9966536872956424,0.95283
XORArbiterPUF,25,1.75,0.08172,0.996655327382541,0.95156
XORArbiterPUF,25,1.76,0.08184,0.99664548080047,0.95038
XORArbiterPUF,25,1.77,0.08164,0.9966618836897495,0.94922
XORArbiterPUF,25,1.78,0.0814,0.9966815138247523,0.94798
XORArbiterPUF,25,1.79,0.08156,0.9966684335324362,0.94694
XORArbiterPUF,25,1.8,0.08178,0.996650405909715,0.94567
XORArbiterPUF,25,1.81,0.08164,0.9966618836897496,0.94446
XORArbiterPUF,25,1.82,0.08164,0.9966618836897495,0.94326
XORArbiterPUF,25,1.83,0.08168,0.9966586063442185,0.94218
XORArbiterPUF,25,1.84,0.08148,0.996674976910728,0.94116
XORArbiterPUF,25,1.85,0.08178,0.996650405909715,0.94003
XORArbiterPUF,25,1.86,0.08176,0.996652046804701,0.93876
XORArbiterPUF,25,1.87,0.0815,0.9966733416721849,0.93753
XORArbiterPUF,25,1.88,0.08148,0.9966749769107281,0.9365
XORArbiterPUF,25,1.89,0.08132,0.9966880442746366,0.93556
XORArbiterPUF,25,1.9,0.0814,0.9966815138247523,0.9344
XORArbiterPUF,25,1.91,0.08116,0.9967010857824927,0.93338
XORArbiterPUF,25,1.92,0.0809,0.9967222230892618,0.93239
XORArbiterPUF,25,1.93,0.08052,0.9967529932736593,0.93114
XORArbiterPUF,25,1.94,0.08024,0.9967755727344044,0.92996
XORArbiterPUF,25,1.95,0.08036,0.9967659055164357,0.92878
XORArbiterPUF,25,1.96,0.08018,0.9967804008907879,0.92781
XORArbiterPUF,25,1.97,0.08036,0.9967659055164357,0.92662
XORArbiterPUF,25,1.98,0.08018,0.996780400890788,0.92553
XORArbiterPUF,25,1.99,0.08016,0.9967820094684695,0.92434
XORArbiterPUF,25,2.0,0.08044,0.9967594526263598,0.92318
XORArbiterPUF,25,2.01,0.0807,0.9967384361004645,0.92225
XORArbiterPUF,25,2.02,0.08054,0.9967513774256846,0.92101
XORArbiterPUF,25,2.03,0.08048,0.9967562237578454,0.91978
XORArbiterPUF,25,2.04,0.08018,0.996780400890788,0.91877
XORArbiterPUF,25,2.05,0.08012,0.9967852254121745,0.91732
XORArbiterPUF,25,2.06,0.07992,0.9968012808980534,0.9161
XORArbiterPUF,25,2.07,0.07938,0.9968444289857873,0.91509
XORArbiterPUF,25,2.08,0.0794,0.9968428361582381,0.9137
XORArbiterPUF,25,2.09,0.07932,0.9968492050455777,0.91254
XORArbiterPUF,25,2.1,0.07932,0.9968492050455777,0.91148
XORArbiterPUF,25,2.11,0.07924,0.9968555674720385,0.9104
XORArbiterPUF,25,2.12,0.07936,0.9968460214095255,0.90928
XORArbiterPUF,25,2.13,0.07974,0.996815696304989,0.90817
XORArbiterPUF,25,2.14,0.07962,0.9968252884031383,0.90713
XORArbiterPUF,25,2.15,0.07942,0.9968412429268764,0.90597
XORArbiterPUF,25,2.16,0.07924,0.9968555674720386,0.90486
XORArbiterPUF,25,2.17,0.0792,0.9968587462624782,0.90364
XORArbiterPUF,25,2.18,0.079,0.9968746159873869,0.90256
XORArbiterPUF,25,2.19,0.07852,0.996912538591024,0.90152
XORArbiterPUF,25,2.2,0.07832,0.9969282710406,0.90048
XORArbiterPUF,25,2.21,0.07836,0.9969251277804164,0.8994
XORArbiterPUF,25,2.22,0.07888,0.9968841184410553,0.8983
XORArbiterPUF,25,2.23,0.07904,0.9968714452726591,0.89734
XORArbiterPUF,25,2.24,0.07906,0.9968698593096292,0.89637
XORArbiterPUF,25,2.25,0.07904,0.996871445272659,0.89538
XORArbiterPUF,25,2.26,0.07896,0.9968777850870185,0.89428
XORArbiterPUF,25,2.27,0.07862,0.9969046572265572,0.89327
XORArbiterPUF,25,2.28,0.07868,0.9968999235630425,0.89238
XORArbiterPUF,25,2.29,0.07864,0.9969030797424593,0.89128
XORArbiterPUF,25,2.3,0.07856,0.9969093872564347,0.89016
XORArbiterPUF,25,2.31,0.07886,0.9968857007701534,0.88919
XORArbiterPUF,25,2.32,0.07868,0.9968999235630426,0.88816
XORArbiterPUF,25,2.33,0.07854,0.9969109631255942,0.88693
XORArbiterPUF,25,2.34,0.07904,0.996871445272659,0.88588
XORArbiterPUF,25,2.35,0.07896,0.9968777850870185,0.88466
XORArbiterPUF,25,2.36,0.07906,0.9968698593096292,0.88367
XORArbiterPUF,25,2.37,0.07892,0.9968809525715696,0.88262
XORArbiterPUF,25,2.38,0.07884,0.9968872826954909,0.88154
XORArbiterPUF,25,2.39,0.07876,0.9968936063592744,0.88046
XORArbiterPUF,25,2.4,0.07862,0.9969046572265572,0.87931
XORArbiterPUF,25,2.41,0.07896,0.9968777850870185,0.87848
XORArbiterPUF,25,2.42,0.07876,0.9968936063592744,0.87742
XORArbiterPUF,25,2.43,0.07888,0.9968841184410554,0.8764
XORArbiterPUF,25,2.44,0.07906,0.9968698593096292,0.87543
XORArbiterPUF,25,2.45,0.07898,0.9968762007390887,0.87469
XORArbiterPUF,25,2.46,0.07886,0.9968857007701534,0.87371
XORArbiterPUF,25,2.47,0.07898,0.9968762007390888,0.87267
XORArbiterPUF,25,2.48,0.07846,0.9969172625649534,0.87159
XORArbiterPUF,25,2.49,0.0782,0.9969376911321991,0.87036
XORArbiterPUF,25,2.5,0.078,0.9969533589892761,0.86926
XORArbiterPUF,25,2.51,0.0779,0.996961177779757,0.86829
XORArbiterPUF,25,2.52,0.07768,0.996978343596289,0.86712
XORArbiterPUF,25,2.53,0.07726,0.9970109790769609,0.86583
XORArbiterPUF,25,2.54,0.0772,0.9970156267581768,0.86484
XORArbiterPUF,25,2.55,0.07698,0.9970326371789442,0.86355
XORArbiterPUF,25,2.56,0.0766,0.9970619037953463,0.86264
XORArbiterPUF,25,2.57,0.07614,0.9970971368928909,0.86129
XORArbiterPUF,25,2.58,0.07638,0.9970787810398937,0.86033
XORArbiterPUF,25,2.59,0.07592,0.9971139120481674,0.85906
XORArbiterPUF,25,2.6,0.07578,0.9971245617273701,0.85795
XORArbiterPUF,25,2.61,0.07554,0.9971427723250066,0.85679
XORArbiterPUF,25,2.62,0.07552,0.9971442872523514,0.85574
XORArbiterPUF,25,2.63,0.07532,0.9971594143365443,0.85476
XORArbiterPUF,25,2.64,0.07526,0.9971639445948696,0.85371
XORArbiterPUF,25,2.65,0.0753,0.9971609248260783,0.85245
XORArbiterPUF,25,2.66,0.07496,0.9971865414254244,0.85138
XORArbiterPUF,25,2.67,0.0747,0.997206051927083,0.85041
XORArbiterPUF,25,2.68,0.07444,0.9972254942589465,0.84934
XORArbiterPUF,25,2.69,0.07464,0.9972105446694796,0.8482
XORArbiterPUF,25,2.7,0.07476,0.9972015555543421,0.8472
XORArbiterPUF,25,2.71,0.07428,0.997237424889379,0.84614
XORArbiterPUF,25,2.72,0.07416,0.9972463559221462,0.8452
XORArbiterPUF,25,2.73,0.07402,0.9972567571092208,0.84415
XORArbiterPUF,25,2.74,0.074,0.9972582413798344,0.84316
XORArbiterPUF,25,2.75,0.07356,0.9972907932995272,0.84206
XORArbiterPUF,25,2.76,0.07334,0.9973069960649028,0.84107
XORArbiterPUF,25,2.77,0.07316,0.9973202165804119,0.8397
XORArbiterPUF,25,2.78,0.07314,0.9973216835103909,0.83873
XORArbiterPUF,25,2.79,0.07312,0.9973231500371382,0.8378
XORArbiterPUF,25,2.8,0.0728,0.9973465596270935,0.8368
XORArbiterPUF,25,2.81,0.07296,0.997334867735005,0.83576
XORArbiterPUF,25,2.82,0.07304,0.9973290121118507,0.83464
XORArbiterPUF,25,2.83,0.07286,0.9973421781916174,0.83355
XORArbiterPUF,25,2.84,0.07274,0.9973509374337602,0.83245
XORArbiterPUF,25,2.85,0.07238,0.997377128071423,0.83133
XORArbiterPUF,25,2.86,0.07256,0.9973640490813773,0.83028
XORArbiterPUF,25,2.87,0.0727,0.9973538539555556,0.82935
XORArbiterPUF,25,2.88,0.07278,0.9973480192991812,0.82821
XORArbiterPUF,25,2.89,0.07274,0.9973509374337601,0.82723
XORArbiterPUF,25,2.9,0.07244,0.9973727720366142,0.82626
XORArbiterPUF,25,2.91,0.07228,0.9973843800661808,0.82546
XORArbiterPUF,25,2.92,0.0722,0.9973901744051821,0.8244
XORArbiterPUF,25,2.93,0.07184,0.9974161691089632,0.82344
XORArbiterPUF,25,2.94,0.07162,0.9974319904635102,0.82237
XORArbiterPUF,25,2.95,0.07166,0.9974291174815382,0.82133
XORArbiterPUF,25,2.96,0.0717,0.9974262428871621,0.82047
XORArbiterPUF,25,2.97,0.07172,0.9974248049853185,0.8193
XORArbiterPUF,25,2.98,0.07184,0.9974161691089632,0.81836
XORArbiterPUF,25,2.99,0.07198,0.9974060755780465,0.81747
XORArbiterPUF,25,3.0,0.07172,0.9974248049853185,0.81634
XORArbiterPUF,30,0.5,0.09136,0.9958179303467075,0.91296
XORArbiterPUF,30,0.51,0.09142,0.9958124239032168,0.91409
XORArbiterPUF,30,0.52,0.09164,0.9957922024197619,0.91496
XORArbiterPUF,30,0.53,0.09168,0.9957885205202961,0.9157
XORArbiterPUF,30,0.54,0.09152,0.9958032383960197,0.91654
XORArbiterPUF,30,0.55,0.09136,0.9958179303467075,0.9174
XORArbiterPUF,30,0.56,0.09152,0.9958032383960197,0.91832
XORArbiterPUF,30,0.57,0.0914,0.9958142597894447,0.9192
XORArbiterPUF,30,0.58,0.09144,0.9958105876119212,0.9201
XORArbiterPUF,30,0.59,0.0914,0.9958142597894448,0.92098
XORArbiterPUF,30,0.6,0.09116,0.9958362588297335,0.92178
XORArbiterPUF,30,0.61,0.09128,0.9958252666005216,0.92276
XORArbiterPUF,30,0.62,0.09172,0.9957848370004437,0.92352
XORArbiterPUF,30,0.63,0.09158,0.9957977222307752,0.92445
XORArbiterPUF,30,0.64,0.09148,0.9958069138141189,0.92532
XORArbiterPUF,30,0.65,0.0913,0.9958234331446514,0.92609
XORArbiterPUF,30,0.66,0.09138,0.9958160952706078,0.92697
XORArbiterPUF,30,0.67,0.09158,0.9957977222307751,0.92805
XORArbiterPUF,30,0.68,0.09146,0.9958087509155561,0.92901
XORArbiterPUF,30,0.69,0.09136,0.9958179303467075,0.92996
XORArbiterPUF,30,0.7,0.0913,0.9958234331446513,0.93081
XORArbiterPUF,30,0.71,0.09162,0.9957940427618555,0.93167
XORArbiterPUF,30,0.72,0.09172,0.9957848370004438,0.93262
XORArbiterPUF,30,0.73,0.09156,0.9957995613576057,0.93336
XORArbiterPUF,30,0.74,0.09128,0.9958252666005216,0.93418
XORArbiterPUF,30,0.75,0.09134,0.9958197650177466,0.93535
XORArbiterPUF,30,0.76,0.0911,0.9958417494762911,0.93637
XORArbiterPUF,30,0.77,0.09108,0.9958435788817439,0.93728
XORArbiterPUF,30,0.78,0.09084,0.995865500155518,0.93838
XORArbiterPUF,30,0.79,0.09102,0.9958490646679347,0.93937
XORArbiterPUF,30,0.8,0.09122,0.9958307645378305,0.94037
XORArbiterPUF,30,0.81,0.09114,0.995838089450288,0.94141
XORArbiterPUF,30,0.82,0.09136,0.9958179303467076,0.94244
XORArbiterPUF,30,0.83,0.09152,0.9958032383960198,0.94382
XORArbiterPUF,30,0.84,0.09136,0.9958179303467075,0.94484
XORArbiterPUF,30,0.85,0.0915,0.9958050763076074,0.94569
XORArbiterPUF,30,0.86,0.09152,0.9958032383960198,0.94654
XORArbiterPUF,30,0.87,0.09134,0.9958197650177466,0.94749
XORArbiterPUF,30,0.88,0.09122,0.9958307645378305,0.94853
XORArbiterPUF,30,0.89,0.09096,0.9958545468089203,0.94956
XORArbiterPUF,30,0.9,0.09074,0.9958746168067545,0.95049
XORArbiterPUF,30,0.91,0.09068,0.9958800819375796,0.95152
XORArbiterPUF,30,0.92,0.09072,0.9958764389220179,0.9525
XORArbiterPUF,30,0.93,0.09072,0.9958764389220179,0.95344
XORArbiterPUF,30,0.94,0.09044,0.9959019060128363,0.9546
XORArbiterPUF,30,0.95,0.09018,0.9959254829554268,0.95569
XORArbiterPUF,30,0.96,0.09,0.995941765365827,0.95662
XORArbiterPUF,30,0.97,0.09014,0.9959291041032992,0.95777
XORArbiterPUF,30,0.98,0.09008,0.9959345327881747,0.95882
XORArbiterPUF,30,0.99,0.08988,0.9959526020850591,0.95992
XORArbiterPUF,30,1.0,0.08978,0.9959616215497463,0.96077
XORArbiterPUF,30,1.01,0.08974,0.9959652265014074,0.96191
XORArbiterPUF,30,1.02,0.08942,0.9959940078132999,0.96295
XORArbiterPUF,30,1.03,0.08898,0.9960334128933627,0.96397
XORArbiterPUF,30,1.04,0.08904,0.9960280510106129,0.96496
XORArbiterPUF,30,1.05,0.08872,0.9960566056203833,0.9661
XORArbiterPUF,30,1.06,0.08818,0.9961045565602037,0.96713
XORArbiterPUF,30,1.07,0.0882,0.9961027858609773,0.96812
XORArbiterPUF,30,1.08,0.08808,0.9961134039857109,0.96922
XORArbiterPUF,30,1.09,0.0883,0.9960939262941021,0.97027
XORArbiterPUF,30,1.1,0.0885,0.9960761768057702,0.97137
XORArbiterPUF,30,1.11,0.08864,0.9960637280816925,0.9726
XORArbiterPUF,30,1.12,0.0885,0.9960761768057703,0.97385
XORArbiterPUF,30,1.13,0.08812,0.9961098662296242,0.97486
XORArbiterPUF,30,1.14,0.08798,0.9961222412937081,0.97593
XORArbiterPUF,30,1.15,0.08794,0.9961257733840643,0.97709
XORArbiterPUF,30,1.16,0.08818,0.9961045565602037,0.97827
XORArbiterPUF,30,1.17,0.0884,0.996085056609123,0.97956
XORArbiterPUF,30,1.18,0.08836,0.9960886056973044,0.9807
XORArbiterPUF,30,1.19,0.08852,0.9960743996308709,0.98178
XORArbiterPUF,30,1.2,0.08834,0.9960903796342981,0.98279
XORArbiterPUF,30,1.21,0.08862,0.996065507685112,0.98389
XORArbiterPUF,30,1.22,0.0887,0.9960583868428597,0.98491
XORArbiterPUF,30,1.23,0.08882,0.9960476934364136,0.98595
XORArbiterPUF,30,1.24,0.08886,0.9960441257293775,0.98709
XORArbiterPUF,30,1.25,0.08892,0.9960387711329313,0.98828
XORArbiterPUF,30,1.26,0.08872,0.9960566056203833,0.9894
XORArbiterPUF,30,1.27,0.08862,0.9960655076851119,0.99057
XORArbiterPUF,30,1.28,0.08856,0.9960708440668264,0.99178
XORArbiterPUF,30,1.29,0.0883,0.996093926294102,0.99293
XORArbiterPUF,30,1.3,0.0879,0.9961293038556792,0.99395
XORArbiterPUF,30,1.31,0.08786,0.9961328327085699,0.99515
XORArbiterPUF,30,1.32,0.08784,0.9961345965279993,0.99628
XORArbiterPUF,30,1.33,0.08732,0.9961803137986618,0.99744
XORArbiterPUF,30,1.34,0.08742,0.9961715432594932,0.99875
XORArbiterPUF,30,1.35,0.08744,0.9961697879377793,1.0
XORArbiterPUF,30,1.36,0.0872,0.996190825093265,0.99888
XORArbiterPUF,30,1.37,0.08668,0.9962362057263328,0.99758
XORArbiterPUF,30,1.38,0.08644,0.9962570583940674,0.99654
XORArbiterPUF,30,1.39,0.08652,0.9962501139774088,0.99528
XORArbiterPUF,30,1.4,0.08646,0.996255322896696,0.99421
XORArbiterPUF,30,1.41,0.08626,0.9962726596670212,0.99275
XORArbiterPUF,30,1.42,0.08622,0.9962761221669422,0.99165
XORArbiterPUF,30,1.43,0.0863,0.9962691955490746,0.99053
XORArbiterPUF,30,1.44,0.08586,0.9963072118578686,0.98937
XORArbiterPUF,30,1.45,0.08584,0.9963089352203963,0.98802
XORArbiterPUF,30,1.46,0.08616,0.9962813128830632,0.98718
XORArbiterPUF,30,1.47,0.08598,0.9962968631888791,0.98601
XORArbiterPUF,30,1.48,0.08608,0.9962882281749594,0.98488
XORArbiterPUF,30,1.49,0.0858,0.9963123807320674,0.98378
XORArbiterPUF,30,1.5,0.08564,0.9963261466005998,0.98272
XORArbiterPUF,30,1.51,0.08536,0.9963501745872282,0.98142
XORArbiterPUF,30,1.52,0.08508,0.9963741233091113,0.98004
XORArbiterPUF,30,1.53,0.08502,0.9963792448661305,0.97883
XORArbiterPUF,30,1.54,0.08518,0.9963655792930625,0.97773
XORArbiterPUF,30,1.55,0.08508,0.9963741233091113,0.9763
XORArbiterPUF,30,1.56,0.08478,0.9963996947008765,0.97511
XORArbiterPUF,30,1.57,0.08476,0.996401396225437,0.9738
XORArbiterPUF,30,1.58,0.08432,0.9964387274689799,0.97268
XORArbiterPUF,30,1.59,0.0841,0.9964573197081749,0.97153
XORArbiterPUF,30,1.6,0.08402,0.9964640683938384,0.97045
XORArbiterPUF,30,1.61,0.08384,0.9964792292867923,0.96914
XORArbiterPUF,30,1.62,0.08368,0.9964926781467087,0.96788
XORArbiterPUF,30,1.63,0.08342,0.996514477365984,0.96669
XORArbiterPUF,30,1.64,0.08328,0.9965261871120096,0.96562
XORArbiterPUF,30,1.65,0.08298,0.9965512127331941,0.96451
XORArbiterPUF,30,1.66,0.08314,0.9965378770523476,0.96331
XORArbiterPUF,30,1.67,0.08312,0.9965395454270743,0.962
XORArbiterPUF,30,1.68,0.08302,0.9965478812380267,0.96065
XORArbiterPUF,30,1.69,0.08256,0.9965860958291564,0.95934
XORArbiterPUF,30,1.7,0.08264,0.9965794651707407,0.95814
XORArbiterPUF,30,1.71,0.08278,0.9965678459593207,0.95697
XORArbiterPUF,30,1.72,0.08268,0.9965761474167443,0.9558
XORArbiterPUF,30,1.73,0.08264,0.9965794651707408,0.95474
XORArbiterPUF,30,1.74,0.08236,0.9966026441867389,0.95364
XORArbiterPUF,30,1.75,0.0824,0.9965993377481244,0.95252
XORArbiterPUF,30,1.76,0.0822,0.9966158537771712,0.95132
XORArbiterPUF,30,1.77,0.0818,0.9966487646106829,0.95034
XORArbiterPUF,30,1.78,0.08182,0.9966471229076016,0.94913
XORArbiterPUF,30,1.79,0.08172,0.9966553273825408,0.94792
XORArbiterPUF,30,1.8,0.08178,0.9966504059097151,0.94689
XORArbiterPUF,30,1.81,0.08156,0.9966684335324363,0.9457
XORArbiterPUF,30,1.82,0.08142,0.9966798802022642,0.94457
XORArbiterPUF,30,1.83,0.08148,0.9966749769107281,0.94356
XORArbiterPUF,30,1.84,0.08176,0.996652046804701,0.94224
XORArbiterPUF,30,1.85,0.08158,0.9966667966778064,0.94105
XORArbiterPUF,30,1.86,0.08162,0.9966635217564653,0.93993
XORArbiterPUF,30,1.87,0.08174,0.9966536872956424,0.93885
XORArbiterPUF,30,1.88,0.08158,0.9966667966778064,0.93781
XORArbiterPUF,30,1.89,0.08172,0.9966553273825409,0.9367
XORArbiterPUF,30,1.9,0.0818,0.9966487646106829,0.93542
XORArbiterPUF,30,1.91,0.08146,0.9966766117452541,0.93425
XORArbiterPUF,30,1.92,0.08148,0.9966749769107281,0.93328
XORArbiterPUF,30,1.93,0.08128,0.9966913070755657,0.93236
XORArbiterPUF,30,1.94,0.08138,0.9966831470432316,0.93123
XORArbiterPUF,30,1.95,0.08116,0.9967010857824927,0.93024
XORArbiterPUF,30,1.96,0.08094,0.9967189756395733,0.92925
XORArbiterPUF,30,1.97,0.08058,0.996748144517962,0.92809
XORArbiterPUF,30,1.98,0.08026,0.9967739625411572,0.92695
XORArbiterPUF,30,1.99,0.08046,0.9967578383940605,0.92571
XORArbiterPUF,30,2.0,0.08022,0.9967771825237575,0.92483
XORArbiterPUF,30,2.01,0.08048,0.9967562237578454,0.92364
XORArbiterPUF,30,2.02,0.08008,0.9967884397403493,0.92252
XORArbiterPUF,30,2.03,0.08024,0.9967755727344044,0.92148
XORArbiterPUF,30,2.04,0.08048,0.9967562237578456,0.92036
XORArbiterPUF,30,2.05,0.08064,0.9967432921269146,0.9193
XORArbiterPUF,30,2.06,0.08052,0.9967529932736593,0.91814
XORArbiterPUF,30,2.07,0.08072,0.996736816617105,0.91698
XORArbiterPUF,30,2.08,0.08034,0.9967675177291847,0.91593
XORArbiterPUF,30,2.09,0.0801,0.9967868327782022,0.91471
XORArbiterPUF,30,2.1,0.07998,0.9967964684929415,0.91335
XORArbiterPUF,30,2.11,0.07964,0.9968236907297097,0.91234
XORArbiterPUF,30,2.12,0.07958,0.9968284825384955,0.91111
XORArbiterPUF,30,2.13,0.07922,0.996857157069156,0.90989
XORArbiterPUF,30,2.14,0.0793,0.9968507962578952,0.90881
XORArbiterPUF,30,2.15,0.07928,0.9968523870664102,0.90778
XORArbiterPUF,30,2.16,0.0793,0.9968507962578952,0.90663
XORArbiterPUF,30,2.17,0.07946,0.9968380552527075,0.90561
XORArbiterPUF,30,2.18,0.0797,0.9968188952864004,0.90443
XORArbiterPUF,30,2.19,0.07952,0.9968332707128106,0.90354
XORArbiterPUF,30,2.2,0.07936,0.9968460214095254,0.90234
XORArbiterPUF,30,2.21,0.07926,0.9968539774711237,0.90133
XORArbiterPUF,30,2.22,0.07914,0.9968635114196928,0.90001
XORArbiterPUF,30,2.23,0.07878,0.9968920260489598,0.89895
XORArbiterPUF,30,2.24,0.07832,0.9969282710405999,0.89806
XORArbiterPUF,30,2.25,0.07812,0.9969439631192918,0.89708
XORArbiterPUF,30,2.26,0.07852,0.996912538591024,0.896
XORArbiterPUF,30,2.27,0.07894,0.9968793690311781,0.89493
XORArbiterPUF,30,2.28,0.07918,0.9968603350520071,0.89401
XORArbiterPUF,30,2.29,0.07914,0.9968635114196926,0.89295
XORArbiterPUF,30,2.3,0.07902,0.9968730308319109,0.89205
XORArbiterPUF,30,2.31,0.07884,0.996887282695491,0.89106
XORArbiterPUF,30,2.32,0.0784,0.9969219829053827,0.89004
XORArbiterPUF,30,2.33,0.07862,0.9969046572265572,0.88915
XORArbiterPUF,30,2.34,0.07872,0.9968967657686527,0.88806
XORArbiterPUF,30,2.35,0.07868,0.9968999235630426,0.88708
XORArbiterPUF,30,2.36,0.0789,0.9968825357081946,0.88603
XORArbiterPUF,30,2.37,0.07882,0.99688886421707,0.88509
XORArbiterPUF,30,2.38,0.07856,0.9969093872564347,0.88384
XORArbiterPUF,30,2.39,0.07902,0.9968730308319109,0.88277
XORArbiterPUF,30,2.4,0.0789,0.9968825357081946,0.88163
XORArbiterPUF,30,2.41,0.07906,0.9968698593096292,0.88059
XORArbiterPUF,30,2.42,0.0789,0.9968825357081946,0.87961
XORArbiterPUF,30,2.43,0.07884,0.9968872826954909,0.87856
XORArbiterPUF,30,2.44,0.07874,0.9968951862658381,0.87749
XORArbiterPUF,30,2.45,0.07862,0.9969046572265572,0.87637
XORArbiterPUF,30,2.46,0.07892,0.9968809525715697,0.87558
XORArbiterPUF,30,2.47,0.07886,0.9968857007701533,0.87453
XORArbiterPUF,30,2.48,0.07874,0.996895186265838,0.87355
XORArbiterPUF,30,2.49,0.07892,0.9968809525715696,0.87262
XORArbiterPUF,30,2.5,0.07898,0.9968762007390887,0.87183
XORArbiterPUF,30,2.51,0.07898,0.9968762007390887,0.87093
XORArbiterPUF,30,2.52,0.07902,0.9968730308319109,0.86987
XORArbiterPUF,30,2.53,0.0785,0.9969141136527256,0.86885
XORArbiterPUF,30,2.54,0.07818,0.9969392597345134,0.86769
XORArbiterPUF,30,2.55,0.07798,0.9969549235547213,0.86669
XORArbiterPUF,30,2.56,0.07788,0.9969627403268388,0.86562
XORArbiterPUF,30,2.57,0.0777,0.9969767850857912,0.86465
XORArbiterPUF,30,2.58,0.07742,0.9969985675014784,0.86335
XORArbiterPUF,30,2.59,0.07716,0.9970187231943038,0.8623
XORArbiterPUF,30,2.6,0.0771,0.9970233648215071,0.86113
XORArbiterPUF,30,2.61,0.07708,0.9970249112233854,0.86016
XORArbiterPUF,30,2.62,0.0761,0.9971001905525844,0.85889
XORArbiterPUF,30,2.63,0.07634,0.9970818443839001,0.85783
XORArbiterPUF,30,2.64,0.07614,0.9970971368928907,0.85677
XORArbiterPUF,30,2.65,0.07588,0.997116956831043,0.85562
XORArbiterPUF,30,2.66,0.07562,0.9971367085811252,0.85449
XORArbiterPUF,30,2.67,0.07566,0.9971336742884576,0.85331
XORArbiterPUF,30,2.68,0.07532,0.9971594143365443,0.85234
XORArbiterPUF,30,2.69,0.07524,0.9971654538741301,0.85142
XORArbiterPUF,30,2.7,0.07536,0.9971563921471898,0.85024
XORArbiterPUF,30,2.71,0.07534,0.997157903443582,0.84919
XORArbiterPUF,30,2.72,0.07484,0.9971955547434015,0.84826
XORArbiterPUF,30,2.73,0.07478,0.9972000559566772,0.84723
XORArbiterPUF,30,2.74,0.07454,0.9972180245061758,0.84611
XORArbiterPUF,30,2.75,0.07468,0.9972075499112509,0.84508
XORArbiterPUF,30,2.76,0.07456,0.9972165293455579,0.84406
XORArbiterPUF,30,2.77,0.07422,0.9972418922207392,0.84321
XORArbiterPUF,30,2.78,0.07402,0.9972567571092208,0.84207
XORArbiterPUF,30,2.79,0.07408,0.9972523018775138,0.84108
XORArbiterPUF,30,2.8,0.0738,0.9972730619043112,0.84016
XORArbiterPUF,30,2.81,0.07348,0.9972966908598463,0.83908
XORArbiterPUF,30,2.82,0.07326,0.9973128758819872,0.83809
XORArbiterPUF,30,2.83,0.07304,0.9973290121118507,0.83678
XORArbiterPUF,30,2.84,0.07302,0.9973304766224685,0.83583
XORArbiterPUF,30,2.85,0.07322,0.9973158133710707,0.83495
XORArbiterPUF,30,2.86,0.07284,0.9973436390733135,0.83396
XORArbiterPUF,30,2.87,0.073,0.9973319407298656,0.83292
XORArbiterPUF,30,2.88,0.07306,0.9973275471980106,0.83177
XORArbiterPUF,30,2.89,0.07282,0.9973450995518052,0.83071
XORArbiterPUF,30,2.9,0.07268,0.9973553116116646,0.82966
XORArbiterPUF,30,2.91,0.07246,0.997371319218675,0.82857
XORArbiterPUF,30,2.92,0.07258,0.9973625938443853,0.82757
XORArbiterPUF,30,2.93,0.07268,0.9973553116116645,0.8267
XORArbiterPUF,30,2.94,0.07272,0.9973523958962548,0.82554
XORArbiterPUF,30,2.95,0.07278,0.9973480192991812,0.82455
XORArbiterPUF,30,2.96,0.07246,0.9973713192186748,0.82365
XORArbiterPUF,30,2.97,0.07234,0.9973800300788062,0.82281
XORArbiterPUF,30,2.98,0.07222,0.9973887264251587,0.82179
XORArbiterPUF,30,2.99,0.07194,0.9974089614596413,0.82101
XORArbiterPUF,30,3.0,0.07164,0.9974305541740737,0.81984
XORArbiterPUF,35,0.5,0.09156,0.9957995613576058,0.91518
XORArbiterPUF,35,0.51,0.0914,0.9958142597894447,0.9159
XORArbiterPUF,35,0.52,0.09154,0.9958014000793532,0.91699
XORArbiterPUF,35,0.53,0.09158,0.9957977222307751,0.91787
XORArbiterPUF,35,0.54,0.09166,0.9957903616725764,0.91861
XORArbiterPUF,35,0.55,0.09146,0.9958087509155561,0.91945
XORArbiterPUF,35,0.56,0.0913,0.9958234331446514,0.92027
XORArbiterPUF,35,0.57,0.09142,0.9958124239032167,0.92121
XORArbiterPUF,35,0.58,0.09144,0.9958105876119212,0.92204
XORArbiterPUF,35,0.59,0.0914,0.9958142597894448,0.92294
XORArbiterPUF,35,0.6,0.09152,0.9958032383960198,0.92386
XORArbiterPUF,35,0.61,0.09122,0.9958307645378305,0.92463
XORArbiterPUF,35,0.62,0.09126,0.99582709965134,0.92553
XORArbiterPUF,35,0.63,0.0916,0.995795882698859,0.92628
XORArbiterPUF,35,0.64,0.0918,0.9957774650995069,0.92724
XORArbiterPUF,35,0.65,0.0916,0.995795882698859,0.92812
XORArbiterPUF,35,0.66,0.09122,0.9958307645378306,0.92891
XORArbiterPUF,35,0.67,0.09144,0.9958105876119212,0.92974
XORArbiterPUF,35,0.68,0.0913,0.9958234331446514,0.93065
XORArbiterPUF,35,0.69,0.09154,0.9958014000793531,0.93183
XORArbiterPUF,35,0.7,0.09138,0.9958160952706078,0.93269
XORArbiterPUF,35,0.71,0.09116,0.9958362588297336,0.93356
XORArbiterPUF,35,0.72,0.09148,0.9958069138141189,0.93448
XORArbiterPUF,35,0.73,0.0917,0.9957866789629192,0.93521
XORArbiterPUF,35,0.74,0.09172,0.9957848370004438,0.93616
XORArbiterPUF,35,0.75,0.0915,0.9958050763076074,0.93685
XORArbiterPUF,35,0.76,0.09128,0.9958252666005216,0.93778
XORArbiterPUF,35,0.77,0.0912,0.995832596373507,0.93892
XORArbiterPUF,35,0.78,0.0912,0.9958325963735069,0.94
XORArbiterPUF,35,0.79,0.09082,0.9958673242957616,0.94079
XORArbiterPUF,35,0.8,0.09064,0.9958837233332011,0.94184
XORArbiterPUF,35,0.81,0.09108,0.9958435788817438,0.94292
XORArbiterPUF,35,0.82,0.09138,0.9958160952706078,0.94393
XORArbiterPUF,35,0.83,0.09122,0.9958307645378307,0.94489
XORArbiterPUF,35,0.84,0.0915,0.9958050763076074,0.94599
XORArbiterPUF,35,0.85,0.09156,0.9957995613576057,0.9472
XORArbiterPUF,35,0.86,0.0914,0.9958142597894448,0.94824
XORArbiterPUF,35,0.87,0.0914,0.9958142597894449,0.949
XORArbiterPUF,35,0.88,0.0915,0.9958050763076075,0.94999
XORArbiterPUF,35,0.89,0.09128,0.9958252666005216,0.95082
XORArbiterPUF,35,0.9,0.09116,0.9958362588297335,0.95186
XORArbiterPUF,35,0.91,0.091,0.995850892453283,0.95292
XORArbiterPUF,35,0.92,0.09054,0.9958928197351359,0.95379
XORArbiterPUF,35,0.93,0.09074,0.9958746168067545,0.95481
XORArbiterPUF,35,0.94,0.09072,0.9958764389220179,0.9558
XORArbiterPUF,35,0.95,0.09054,0.9958928197351359,0.95677
XORArbiterPUF,35,0.96,0.09044,0.9959019060128363,0.95788
XORArbiterPUF,35,0.97,0.09022,0.9959218601878361,0.95897
XORArbiterPUF,35,0.98,0.09002,0.9959399578287839,0.95987
XORArbiterPUF,35,0.99,0.09014,0.9959291041032992,0.96103
XORArbiterPUF,35,1.0,0.0901,0.9959327236314709,0.96207
XORArbiterPUF,35,1.01,0.08992,0.9959489914649243,0.96312
XORArbiterPUF,35,1.02,0.08986,0.9959544067877806,0.96399
XORArbiterPUF,35,1.03,0.08964,0.9959742317951805,0.96506
XORArbiterPUF,35,1.04,0.0895,0.9959868222019806,0.96605
XORArbiterPUF,35,1.05,0.08912,0.9960208961663405,0.9671
XORArbiterPUF,35,1.06,0.08904,0.9960280510106129,0.96818
XORArbiterPUF,35,1.07,0.0887,0.9960583868428597,0.96911
XORArbiterPUF,35,1.08,0.08832,0.9960921531665632,0.97028
XORArbiterPUF,35,1.09,0.08814,0.996108096744525,0.97119
XORArbiterPUF,35,1.1,0.08808,0.9961134039857108,0.9723
XORArbiterPUF,35,1.11,0.08824,0.9960992432483824,0.97328
XORArbiterPUF,35,1.12,0.08842,0.9960832814579312,0.97449
XORArbiterPUF,35,1.13,0.08868,0.9960601676605686,0.97558
XORArbiterPUF,35,1.14,0.08842,0.9960832814579312,0.97683
XORArbiterPUF,35,1.15,0.08828,0.9960956990169166,0.97788
XORArbiterPUF,35,1.16,0.08794,0.9961257733840642,0.97887
XORArbiterPUF,35,1.17,0.08792,0.9961275388222134,0.97994
XORArbiterPUF,35,1.18,0.0883,0.996093926294102,0.98115
XORArbiterPUF,35,1.19,0.08808,0.9961134039857109,0.98244
XORArbiterPUF,35,1.2,0.08826,0.9960974713350094,0.98357
XORArbiterPUF,35,1.21,0.08836,0.9960886056973045,0.9847
XORArbiterPUF,35,1.22,0.0884,0.996085056609123,0.98562
XORArbiterPUF,35,1.23,0.08842,0.9960832814579312,0.98673
XORArbiterPUF,35,1.24,0.08868,0.9960601676605688,0.98766
XORArbiterPUF,35,1.25,0.08896,0.996035199378014,0.98878
XORArbiterPUF,35,1.26,0.08882,0.9960476934364136,0.98987
XORArbiterPUF,35,1.27,0.08878,0.9960512595243278,0.99093
XORArbiterPUF,35,1.28,0.08882,0.9960476934364136,0.99215
XORArbiterPUF,35,1.29,0.08864,0.9960637280816925,0.99326
XORArbiterPUF,35,1.3,0.0886,0.9960672868837728,0.99426
XORArbiterPUF,35,1.31,0.0883,0.996093926294102,0.99557
XORArbiterPUF,35,1.32,0.08808,0.9961134039857109,0.99664
XORArbiterPUF,35,1.33,0.08788,0.9961310684844641,0.99764
XORArbiterPUF,35,1.34,0.08782,0.9961363599427541,0.99885
XORArbiterPUF,35,1.35,0.0878,0.9961381229528365,1.0
XORArbiterPUF,35,1.36,0.08712,0.9961978245308509,0.99886
XORArbiterPUF,35,1.37,0.08746,0.9961680322114338,0.99745
XORArbiterPUF,35,1.38,0.08732,0.9961803137986618,0.9964
XORArbiterPUF,35,1.39,0.08694,0.9962135495966715,0.99531
XORArbiterPUF,35,1.4,0.0868,0.9962257575469529,0.99406
XORArbiterPUF,35,1.41,0.08638,0.9962622624590375,0.99303
XORArbiterPUF,35,1.42,0.08652,0.9962501139774088,0.99176
XORArbiterPUF,35,1.43,0.08634,0.9962657298130857,0.99063
XORArbiterPUF,35,1.44,0.08628,0.996270927810302,0.98926
XORArbiterPUF,35,1.45,0.08622,0.9962761221669422,0.98823
XORArbiterPUF,35,1.46,0.08624,0.9962743911192339,0.98712
XORArbiterPUF,35,1.47,0.08582,0.9963106581784621,0.98599
XORArbiterPUF,35,1.48,0.08584,0.9963089352203963,0.98468
XORArbiterPUF,35,1.49,0.08614,0.9962830423127756,0.98385
XORArbiterPUF,35,1.5,0.08598,0.996296863188879,0.98269
XORArbiterPUF,35,1.51,0.086,0.9962951369950572,0.98162
XORArbiterPUF,35,1.52,0.08582,0.9963106581784621,0.98053
XORArbiterPUF,35,1.53,0.08566,0.9963244272825995,0.97951
XORArbiterPUF,35,1.54,0.08532,0.9963536006860217,0.97826
XORArbiterPUF,35,1.55,0.08504,0.9963775380848365,0.97692
XORArbiterPUF,35,1.56,0.08514,0.996368998112647,0.97567
XORArbiterPUF,35,1.57,0.0853,0.9963553131288053,0.97463
XORArbiterPUF,35,1.58,0.085,0.9963809512430474,0.97324
XORArbiterPUF,35,1.59,0.08488,0.9963911810127587,0.97202
XORArbiterPUF,35,1.6,0.08468,0.996408198280203,0.97078
XORArbiterPUF,35,1.61,0.0844,0.996431954525747,0.96972
XORArbiterPUF,35,1.62,0.0844,0.996431954525747,0.9686
XORArbiterPUF,35,1.63,0.08402,0.9964640683938383,0.96753
XORArbiterPUF,35,1.64,0.0839,0.9964741792941754,0.96641
XORArbiterPUF,35,1.65,0.08376,0.9964859569507238,0.96502
XORArbiterPUF,35,1.66,0.08352,0.9965061011353618,0.96388
XORArbiterPUF,35,1.67,0.08358,0.9965010705463392,0.96285
XORArbiterPUF,35,1.68,0.08296,0.996552877874526,0.96172
XORArbiterPUF,35,1.69,0.08308,0.9965428809639855,0.96072
XORArbiterPUF,35,1.7,0.08314,0.9965378770523476,0.95939
XORArbiterPUF,35,1.71,0.08304,0.996546214884187,0.958
XORArbiterPUF,35,1.72,0.08294,0.9965545426116926,0.95683
XORArbiterPUF,35,1.73,0.08254,0.9965877524834429,0.95557
XORArbiterPUF,35,1.74,0.0825,0.9965910645796499,0.95439
XORArbiterPUF,35,1.75,0.0826,0.9965827813082062,0.95328
XORArbiterPUF,35,1.76,0.08274,0.9965711677547169,0.95217
XORArbiterPUF,35,1.77,0.08248,0.9965927200215743,0.95122
XORArbiterPUF,35,1.78,0.08238,0.996600991169485,0.95007
XORArbiterPUF,35,1.79,0.08228,0.9966092522147282,0.94892
XORArbiterPUF,35,1.8,0.08198,0.9966339747369642,0.94789
XORArbiterPUF,35,1.81,0.08176,0.9966520468047011,0.94698
XORArbiterPUF,35,1.82,0.08176,0.9966520468047011,0.94566
XORArbiterPUF,35,1.83,0.08174,0.9966536872956424,0.94455
XORArbiterPUF,35,1.84,0.08186,0.9966438382892858,0.94345
XORArbiterPUF,35,1.85,0.08154,0.9966700699830409,0.94233
XORArbiterPUF,35,1.86,0.08142,0.9966798802022643,0.94129
XORArbiterPUF,35,1.87,0.08154,0.996670069983041,0.94019
XORArbiterPUF,35,1.88,0.08178,0.9966504059097152,0.93901
XORArbiterPUF,35,1.89,0.08166,0.9966602452190014,0.93783
XORArbiterPUF,35,1.9,0.08142,0.9966798802022643,0.93675
XORArbiterPUF,35,1.91,0.08174,0.9966536872956423,0.93567
XORArbiterPUF,35,1.92,0.08164,0.9966618836897496,0.93468
XORArbiterPUF,35,1.93,0.08176,0.996652046804701,0.93362
XORArbiterPUF,35,1.94,0.08182,0.9966471229076016,0.93235
XORArbiterPUF,35,1.95,0.08158,0.9966667966778064,0.93119
XORArbiterPUF,35,1.96,0.08152,0.9966717060296234,0.93026
XORArbiterPUF,35,1.97,0.08128,0.9966913070755657,0.92936
XORArbiterPUF,35,1.98,0.0814,0.9966815138247523,0.92828
XORArbiterPUF,35,1.99,0.08118,0.9966994570079788,0.92731
XORArbiterPUF,35,2.0,0.08098,0.9967157265740317,0.92633
XORArbiterPUF,35,2.01,0.08066,0.9967416738553675,0.92519
XORArbiterPUF,35,2.02,0.08032,0.9967691295380289,0.92408
XORArbiterPUF,35,2.03,0.0804,0.9967626798792178,0.92292
XORArbiterPUF,35,2.04,0.08028,0.9967723519440134,0.9221
XORArbiterPUF,35,2.05,0.08034,0.9967675177291847,0.92087
XORArbiterPUF,35,2.06,0.07996,0.9967980730318454,0.91974
XORArbiterPUF,35,2.07,0.08026,0.9967739625411572,0.91875
XORArbiterPUF,35,2.08,0.08036,0.9967659055164357,0.91772
XORArbiterPUF,35,2.09,0.08048,0.9967562237578456,0.91666
XORArbiterPUF,35,2.1,0.08064,0.9967432921269146,0.91548
XORArbiterPUF,35,2.11,0.08072,0.9967368166171049,0.91434
XORArbiterPUF,35,2.12,0.08044,0.9967594526263598,0.91334
XORArbiterPUF,35,2.13,0.08022,0.9967771825237575,0.91231
XORArbiterPUF,35,2.14,0.08008,0.9967884397403491,0.911
XORArbiterPUF,35,2.15,0.0798,0.9968108948040245,0.9098
XORArbiterPUF,35,2.16,0.07958,0.9968284825384955,0.90867
XORArbiterPUF,35,2.17,0.07936,0.9968460214095255,0.90746
XORArbiterPUF,35,2.18,0.0793,0.9968507962578952,0.90633
XORArbiterPUF,35,2.19,0.07932,0.9968492050455776,0.9054
XORArbiterPUF,35,2.2,0.0793,0.9968507962578952,0.90431
XORArbiterPUF,35,2.21,0.07932,0.9968492050455777,0.90326
XORArbiterPUF,35,2.22,0.07976,0.9968140962085158,0.90218
XORArbiterPUF,35,2.23,0.07964,0.9968236907297098,0.90118
XORArbiterPUF,35,2.24,0.07942,0.9968412429268764,0.90009
XORArbiterPUF,35,2.25,0.07926,0.9968539774711238,0.89901
XORArbiterPUF,35,2.26,0.07924,0.9968555674720385,0.89788
XORArbiterPUF,35,2.27,0.07904,0.9968714452726591,0.89678
XORArbiterPUF,35,2.28,0.07862,0.9969046572265572,0.89579
XORArbiterPUF,35,2.29,0.0783,0.9969298420651276,0.89485
XORArbiterPUF,35,2.3,0.07816,0.9969408279331325,0.89378
XORArbiterPUF,35,2.31,0.07862,0.9969046572265572,0.89285
XORArbiterPUF,35,2.32,0.07898,0.9968762007390887,0.89181
XORArbiterPUF,35,2.33,0.07906,0.9968698593096292,0.89097
XORArbiterPUF,35,2.34,0.0791,0.9968666861722283,0.88979
XORArbiterPUF,35,2.35,0.07898,0.9968762007390888,0.88891
XORArbiterPUF,35,2.36,0.07894,0.9968793690311781,0.88793
XORArbiterPUF,35,2.37,0.07856,0.9969093872564347,0.8871
XORArbiterPUF,35,2.38,0.07876,0.9968936063592744,0.8862
XORArbiterPUF,35,2.39,0.07866,0.9969015018546215,0.88503
XORArbiterPUF,35,2.4,0.07864,0.9969030797424594,0.88414
XORArbiterPUF,35,2.41,0.07882,0.99688886421707,0.88307
XORArbiterPUF,35,2.42,0.07886,0.9968857007701534,0.88211
XORArbiterPUF,35,2.43,0.07854,0.9969109631255942,0.88097
XORArbiterPUF,35,2.44,0.07908,0.9968682729428198,0.87982
XORArbiterPUF,35,2.45,0.07886,0.9968857007701533,0.87879
XORArbiterPUF,35,2.46,0.07904,0.9968714452726591,0.87776
XORArbiterPUF,35,2.47,0.0789,0.9968825357081946,0.87679
XORArbiterPUF,35,2.48,0.07878,0.9968920260489598,0.87581
XORArbiterPUF,35,2.49,0.07876,0.9968936063592744,0.87468
XORArbiterPUF,35,2.5,0.0787,0.9968983448677202,0.87363
XORArbiterPUF,35,2.51,0.07892,0.9968809525715697,0.87282
XORArbiterPUF,35,2.52,0.07882,0.99688886421707,0.87189
XORArbiterPUF,35,2.53,0.07864,0.9969030797424594,0.87084
XORArbiterPUF,35,2.54,0.07888,0.9968841184410554,0.86998
XORArbiterPUF,35,2.55,0.079,0.9968746159873869,0.86916
XORArbiterPUF,35,2.56,0.0791,0.9968666861722284,0.86833
XORArbiterPUF,35,2.57,0.07914,0.9968635114196928,0.86729
XORArbiterPUF,35,2.58,0.0787,0.9968983448677202,0.86631
XORArbiterPUF,35,2.59,0.07834,0.9969266996123638,0.86517
XORArbiterPUF,35,2.6,0.07806,0.9969486628708621,0.86415
XORArbiterPUF,35,2.61,0.07784,0.9969658642100039,0.8631
XORArbiterPUF,35,2.62,0.0778,0.9969689864785164,0.86218
XORArbiterPUF,35,2.63,0.07758,0.9969861300940951,0.86105
XORArbiterPUF,35,2.64,0.07724,0.9970125287076386,0.85988
XORArbiterPUF,35,2.65,0.07726,0.9970109790769608,0.85883
XORArbiterPUF,35,2.66,0.07714,0.9970202708069682,0.85775
XORArbiterPUF,35,2.67,0.07618,0.9970940816191819,0.85671
XORArbiterPUF,35,2.68,0.0763,0.9970849061138175,0.85551
XORArbiterPUF,35,2.69,0.07632,0.997083375450619,0.85462
XORArbiterPUF,35,2.7,0.0759,0.9971154346413459,0.85337
XORArbiterPUF,35,2.71,0.07588,0.997116956831043,0.85226
XORArbiterPUF,35,2.72,0.07554,0.9971427723250067,0.85119
XORArbiterPUF,35,2.73,0.0756,0.9971382251222746,0.8502
XORArbiterPUF,35,2.74,0.0753,0.9971609248260783,0.84925
XORArbiterPUF,35,2.75,0.0751,0.9971760075332742,0.84835
XORArbiterPUF,35,2.76,0.07546,0.9971488296137144,0.84711
XORArbiterPUF,35,2.77,0.07508,0.9971775135852191,0.84608
XORArbiterPUF,35,2.78,0.07474,0.9972030547486305,0.84519
XORArbiterPUF,35,2.79,0.0746,0.9972135378142435,0.8442
XORArbiterPUF,35,2.8,0.07452,0.9972195192634365,0.84306
XORArbiterPUF,35,2.81,0.07478,0.9972000559566772,0.84207
XORArbiterPUF,35,2.82,0.07454,0.9972180245061759,0.84107
XORArbiterPUF,35,2.83,0.0742,0.9972433805245338,0.84026
XORArbiterPUF,35,2.84,0.07394,0.997262691771832,0.83917
XORArbiterPUF,35,2.85,0.07396,0.9972612087111379,0.83818
XORArbiterPUF,35,2.86,0.07354,0.9972922682945056,0.83721
XORArbiterPUF,35,2.87,0.07358,0.9972893179012798,0.83625
XORArbiterPUF,35,2.88,0.07332,0.9973084666240429,0.83508
XORArbiterPUF,35,2.89,0.07298,0.9973334044340438,0.83391
XORArbiterPUF,35,2.9,0.073,0.9973319407298656,0.83304
XORArbiterPUF,35,2.91,0.07318,0.9973187492472003,0.83217
XORArbiterPUF,35,2.92,0.0727,0.9973538539555556,0.83125
XORArbiterPUF,35,2.93,0.07304,0.9973290121118507,0.8302
XORArbiterPUF,35,2.94,0.07308,0.9973260818809464,0.8291
XORArbiterPUF,35,2.95,0.07286,0.9973421781916174,0.82807
XORArbiterPUF,35,2.96,0.07274,0.9973509374337601,0.82701
XORArbiterPUF,35,2.97,0.0724,0.9973756764629866,0.82598
XORArbiterPUF,35,2.98,0.0725,0.9973684123732813,0.82501
XORArbiterPUF,35,2.99,0.07272,0.9973523958962549,0.82414
XORArbiterPUF,35,3.0,0.07262,0.997359682160854,0.82303
XORArbiterPUF,40,0.5,0.09144,0.9958105876119212,0.91724
XORArbiterPUF,40,0.51,0.09154,0.9958014000793532,0.91793
XORArbiterPUF,40,0.52,0.09134,0.9958197650177466,0.91863
XORArbiterPUF,40,0.53,0.09154,0.9958014000793531,0.91965
XORArbiterPUF,40,0.54,0.09156,0.9957995613576058,0.92058
XORArbiterPUF,40,0.55,0.09164,0.9957922024197619,0.92134
XORArbiterPUF,40,0.56,0.09148,0.9958069138141188,0.92214
XORArbiterPUF,40,0.57,0.09132,0.9958215992837272,0.9229
XORArbiterPUF,40,0.58,0.09136,0.9958179303467076,0.92384
XORArbiterPUF,40,0.59,0.09142,0.9958124239032168,0.92459
XORArbiterPUF,40,0.6,0.09136,0.9958179303467075,0.92556
XORArbiterPUF,40,0.61,0.09148,0.9958069138141189,0.92648
XORArbiterPUF,40,0.62,0.09126,0.9958270996513401,0.92715
XORArbiterPUF,40,0.63,0.09136,0.9958179303467075,0.92804
XORArbiterPUF,40,0.64,0.09144,0.9958105876119212,0.9289
XORArbiterPUF,40,0.65,0.09176,0.9957811518601867,0.9298
XORArbiterPUF,40,0.66,0.0916,0.995795882698859,0.93068
XORArbiterPUF,40,0.67,0.09152,0.9958032383960198,0.93142
XORArbiterPUF,40,0.68,0.09136,0.9958179303467074,0.93224
XORArbiterPUF,40,0.69,0.09138,0.9958160952706078,0.93309
XORArbiterPUF,40,0.7,0.09164,0.9957922024197617,0.93418
XORArbiterPUF,40,0.71,0.09142,0.9958124239032167,0.93515
XORArbiterPUF,40,0.72,0.09136,0.9958179303467075,0.93596
XORArbiterPUF,40,0.73,0.09138,0.9958160952706079,0.93685
XORArbiterPUF,40,0.74,0.0917,0.9957866789629192,0.93763
XORArbiterPUF,40,0.75,0.09172,0.9957848370004438,0.93856
XORArbiterPUF,40,0.76,0.09158,0.9957977222307752,0.93927
XORArbiterPUF,40,0.77,0.0913,0.9958234331446514,0.94005
XORArbiterPUF,40,0.78,0.09122,0.9958307645378305,0.94117
XORArbiterPUF,40,0.79,0.09114,0.995838089450288,0.94217
XORArbiterPUF,40,0.8,0.09108,0.9958435788817439,0.94308
XORArbiterPUF,40,0.81,0.0909,0.9958600253047615,0.94405
XORArbiterPUF,40,0.82,0.091,0.9958508924532828,0.94508
XORArbiterPUF,40,0.83,0.09118,0.9958344278041407,0.94615
XORArbiterPUF,40,0.84,0.09126,0.99582709965134,0.94701
XORArbiterPUF,40,0.85,0.09134,0.9958197650177466,0.94807
XORArbiterPUF,40,0.86,0.09172,0.9957848370004437,0.94924
XORArbiterPUF,40,0.87,0.09156,0.9957995613576057,0.95034
XORArbiterPUF,40,0.88,0.09136,0.9958179303467075,0.95126
XORArbiterPUF,40,0.89,0.09126,0.9958270996513399,0.95195
XORArbiterPUF,40,0.9,0.0915,0.9958050763076076,0.95303
XORArbiterPUF,40,0.91,0.09134,0.9958197650177466,0.95385
XORArbiterPUF,40,0.92,0.0911,0.9958417494762911,0.95485
XORArbiterPUF,40,0.93,0.09096,0.9958545468089202,0.95592
XORArbiterPUF,40,0.94,0.09048,0.9958982727166465,0.9567
XORArbiterPUF,40,0.95,0.09074,0.9958746168067545,0.95771
XORArbiterPUF,40,0.96,0.0907,0.9958782606322923,0.95875
XORArbiterPUF,40,0.97,0.09054,0.995892819735136,0.95973
XORArbiterPUF,40,0.98,0.09038,0.9959073529199389,0.96079
XORArbiterPUF,40,0.99,0.09022,0.9959218601878361,0.96189
XORArbiterPUF,40,1.0,0.09002,0.9959399578287839,0.96275
XORArbiterPUF,40,1.01,0.09012,0.9959309140698466,0.9639
XORArbiterPUF,40,1.02,0.09012,0.9959309140698466,0.96494
XORArbiterPUF,40,1.03,0.0899,0.9959507969774412,0.96593
XORArbiterPUF,40,1.04,0.0898,0.9959598184665885,0.9668
XORArbiterPUF,40,1.05,0.08964,0.9959742317951805,0.96786
XORArbiterPUF,40,1.06,0.08956,0.9959814287425243,0.96886
XORArbiterPUF,40,1.07,0.08918,0.9960155257826055,0.96983
XORArbiterPUF,40,1.08,0.08906,0.9960262629067569,0.97089
XORArbiterPUF,40,1.09,0.08878,0.9960512595243279,0.97187
XORArbiterPUF,40,1.1,0.08838,0.9960868313555803,0.97297
XORArbiterPUF,40,1.11,0.08824,0.9960992432483824,0.97384
XORArbiterPUF,40,1.12,0.0882,0.9961027858609774,0.97498
XORArbiterPUF,40,1.13,0.08824,0.9960992432483824,0.97594
XORArbiterPUF,40,1.14,0.08826,0.9960974713350094,0.97705
XORArbiterPUF,40,1.15,0.08866,0.9960619480735123,0.97805
XORArbiterPUF,40,1.16,0.08856,0.9960708440668264,0.97944
XORArbiterPUF,40,1.17,0.08838,0.9960868313555802,0.98043
XORArbiterPUF,40,1.18,0.088,0.9961204746414966,0.98134
XORArbiterPUF,40,1.19,0.08796,0.9961240075412298,0.98246
XORArbiterPUF,40,1.2,0.08794,0.9961257733840643,0.98359
XORArbiterPUF,40,1.21,0.08812,0.9961098662296242,0.9848
XORArbiterPUF,40,1.22,0.08826,0.9960974713350095,0.98607
XORArbiterPUF,40,1.23,0.08842,0.9960832814579312,0.98717
XORArbiterPUF,40,1.24,0.08852,0.9960743996308709,0.9881
XORArbiterPUF,40,1.25,0.08834,0.9960903796342983,0.98913
XORArbiterPUF,40,1.26,0.08864,0.9960637280816926,0.99014
XORArbiterPUF,40,1.27,0.08864,0.9960637280816926,0.99116
XORArbiterPUF,40,1.28,0.0889,0.996040556403202,0.99219
XORArbiterPUF,40,1.29,0.08878,0.9960512595243278,0.99329
XORArbiterPUF,40,1.3,0.0888,0.9960494766827601,0.9944
XORArbiterPUF,40,1.31,0.08858,0.996069065677677,0.99553
XORArbiterPUF,40,1.32,0.0886,0.9960672868837729,0.99668
XORArbiterPUF,40,1.33,0.08866,0.9960619480735123,0.99771
XORArbiterPUF,40,1.34,0.08824,0.9960992432483823,0.9989
XORArbiterPUF,40,1.35,0.08776,0.996141647758992,1.0
XORArbiterPUF,40,1.36,0.08778,0.9961398855582481,0.99897
XORArbiterPUF,40,1.37,0.08788,0.9961310684844642,0.99786
XORArbiterPUF,40,1.38,0.08762,0.9961539718336719,0.99677
XORArbiterPUF,40,1.39,0.08702,0.996206564724405,0.99547
XORArbiterPUF,40,1.4,0.08742,0.9961715432594932,0.99425
XORArbiterPUF,40,1.41,0.08732,0.9961803137986619,0.99314
XORArbiterPUF,40,1.42,0.08684,0.9962222715840074,0.99206
XORArbiterPUF,40,1.43,0.08692,0.996215294803287,0.9909
XORArbiterPUF,40,1.44,0.08636,0.99626399633832,0.98986
XORArbiterPUF,40,1.45,0.08644,0.9962570583940674,0.98864
XORArbiterPUF,40,1.46,0.0864,0.9962605281752358,0.98748
XORArbiterPUF,40,1.47,0.08628,0.996270927810302,0.98624
XORArbiterPUF,40,1.48,0.08618,0.9962795830488548,0.98517
XORArbiterPUF,40,1.49,0.08622,0.996276122166942,0.98407
XORArbiterPUF,40,1.5,0.08584,0.9963089352203964,0.98298
XORArbiterPUF,40,1.51,0.08584,0.9963089352203963,0.9817
XORArbiterPUF,40,1.52,0.08614,0.9962830423127756,0.98087
XORArbiterPUF,40,1.53,0.08598,0.9962968631888791,0.97975
XORArbiterPUF,40,1.54,0.086,0.9962951369950572,0.97874
XORArbiterPUF,40,1.55,0.08582,0.9963106581784621,0.97761
XORArbiterPUF,40,1.56,0.08558,0.9963313021279618,0.97659
XORArbiterPUF,40,1.57,0.08538,0.9963484609312144,0.97555
XORArbiterPUF,40,1.58,0.08524,0.9963604480307315,0.97418
XORArbiterPUF,40,1.59,0.08514,0.9963689981126469,0.97287
XORArbiterPUF,40,1.6,0.08512,0.9963707069158547,0.97184
XORArbiterPUF,40,1.61,0.08512,0.9963707069158548,0.97056
XORArbiterPUF,40,1.62,0.08502,0.9963792448661304,0.96925
XORArbiterPUF,40,1.63,0.0847,0.9964064983730284,0.96813
XORArbiterPUF,40,1.64,0.0847,0.9964064983730283,0.96707
XORArbiterPUF,40,1.65,0.0845,0.9964234792496612,0.96599
XORArbiterPUF,40,1.66,0.08414,0.9964539429396625,0.96499
XORArbiterPUF,40,1.67,0.0839,0.9964741792941754,0.96395
XORArbiterPUF,40,1.68,0.08394,0.9964708106111285,0.96263
XORArbiterPUF,40,1.69,0.0837,0.9964909984540753,0.96149
XORArbiterPUF,40,1.7,0.08346,0.9965111280863851,0.96039
XORArbiterPUF,40,1.71,0.08316,0.9965362082734375,0.95934
XORArbiterPUF,40,1.72,0.08298,0.9965512127331941,0.95823
XORArbiterPUF,40,1.73,0.08302,0.9965478812380267,0.95713
XORArbiterPUF,40,1.74,0.08312,0.9965395454270743,0.9559
XORArbiterPUF,40,1.75,0.083,0.9965495471876951,0.95458
XORArbiterPUF,40,1.76,0.08256,0.9965860958291564,0.95332
XORArbiterPUF,40,1.77,0.08258,0.9965844387707447,0.95215
XORArbiterPUF,40,1.78,0.08282,0.9965645225473361,0.95105
XORArbiterPUF,40,1.79,0.08274,0.9965711677547169,0.94989
XORArbiterPUF,40,1.8,0.08274,0.9965711677547169,0.94889
XORArbiterPUF,40,1.81,0.08238,0.9966009911694849,0.94787
XORArbiterPUF,40,1.82,0.08244,0.9965960296930748,0.94682
XORArbiterPUF,40,1.83,0.08226,0.9966109032114789,0.94573
XORArbiterPUF,40,1.84,0.082,0.9966323293973561,0.94478
XORArbiterPUF,40,1.85,0.08176,0.996652046804701,0.94374
XORArbiterPUF,40,1.86,0.08168,0.9966586063442187,0.9426
XORArbiterPUF,40,1.87,0.0818,0.9966487646106829,0.94154
XORArbiterPUF,40,1.88,0.08168,0.9966586063442187,0.94036
XORArbiterPUF,40,1.89,0.08134,0.9966864122681716,0.93923
XORArbiterPUF,40,1.9,0.08164,0.9966618836897495,0.93826
XORArbiterPUF,40,1.91,0.08162,0.9966635217564653,0.93721
XORArbiterPUF,40,1.92,0.08168,0.9966586063442185,0.93604
XORArbiterPUF,40,1.93,0.0817,0.9966569670653992,0.93487
XORArbiterPUF,40,1.94,0.08156,0.9966684335324362,0.93382
XORArbiterPUF,40,1.95,0.08168,0.9966586063442185,0.93274
XORArbiterPUF,40,1.96,0.0817,0.9966569670653992,0.93179
XORArbiterPUF,40,1.97,0.08178,0.996650405909715,0.93077
XORArbiterPUF,40,1.98,0.0818,0.9966487646106829,0.92948
XORArbiterPUF,40,1.99,0.0816,0.9966651594191501,0.9284
XORArbiterPUF,40,2.0,0.0815,0.996673341672185,0.92749
XORArbiterPUF,40,2.01,0.08128,0.9966913070755657,0.92662
XORArbiterPUF,40,2.02,0.08142,0.9966798802022642,0.92555
XORArbiterPUF,40,2.03,0.0811,0.9967059696821323,0.92461
XORArbiterPUF,40,2.04,0.08102,0.9967124758926218,0.92367
XORArbiterPUF,40,2.05,0.0807,0.9967384361004646,0.92257
XORArbiterPUF,40,2.06,0.08044,0.9967594526263598,0.9215
XORArbiterPUF,40,2.07,0.08036,0.9967659055164357,0.92026
XORArbiterPUF,40,2.08,0.08032,0.996769129538029,0.9195
XORArbiterPUF,40,2.09,0.08026,0.9967739625411572,0.91833
XORArbiterPUF,40,2.1,0.07994,0.9967996771668819,0.91715
XORArbiterPUF,40,2.11,0.08018,0.996780400890788,0.91629
XORArbiterPUF,40,2.12,0.08036,0.9967659055164357,0.91522
XORArbiterPUF,40,2.13,0.0805,0.9967546087177125,0.91413
XORArbiterPUF,40,2.14,0.08064,0.9967432921269146,0.91318
XORArbiterPUF,40,2.15,0.08076,0.9967335764385588,0.91202
XORArbiterPUF,40,2.16,0.08048,0.9967562237578454,0.91094
XORArbiterPUF,40,2.17,0.08016,0.9967820094684695,0.90998
XORArbiterPUF,40,2.18,0.08014,0.9967836176422644,0.90863
XORArbiterPUF,40,2.19,0.07996,0.9967980730318453,0.90748
XORArbiterPUF,40,2.2,0.07944,0.9968396492917002,0.90652
XORArbiterPUF,40,2.21,0.07952,0.9968332707128106,0.90534
XORArbiterPUF,40,2.22,0.07932,0.9968492050455777,0.90426
XORArbiterPUF,40,2.23,0.07938,0.9968444289857873,0.90317
XORArbiterPUF,40,2.24,0.07934,0.996847613429455,0.90223
XORArbiterPUF,40,2.25,0.07928,0.9968523870664102,0.9011
XORArbiterPUF,40,2.26,0.0795,0.9968348659632646,0.90015
XORArbiterPUF,40,2.27,0.0797,0.9968188952864004,0.89903
XORArbiterPUF,40,2.28,0.07944,0.9968396492917001,0.89816
XORArbiterPUF,40,2.29,0.0793,0.9968507962578952,0.89703
XORArbiterPUF,40,2.3,0.0793,0.9968507962578952,0.89607
XORArbiterPUF,40,2.31,0.07914,0.9968635114196928,0.89487
XORArbiterPUF,40,2.32,0.07892,0.9968809525715697,0.89382
XORArbiterPUF,40,2.33,0.07854,0.9969109631255942,0.89301
XORArbiterPUF,40,2.34,0.07828,0.996931412685948,0.89198
XORArbiterPUF,40,2.35,0.0784,0.9969219829053827,0.89098
XORArbiterPUF,40,2.36,0.07894,0.9968793690311781,0.88997
XORArbiterPUF,40,2.37,0.079,0.9968746159873869,0.88906
XORArbiterPUF,40,2.38,0.07904,0.996871445272659,0.88822
XORArbiterPUF,40,2.39,0.07912,0.9968650989978534,0.88712
XORArbiterPUF,40,2.4,0.07902,0.9968730308319109,0.88617
XORArbiterPUF,40,2.41,0.07892,0.9968809525715696,0.88528
XORArbiterPUF,40,2.42,0.07862,0.9969046572265572,0.88445
XORArbiterPUF,40,2.43,0.0788,0.9968904453348924,0.88354
XORArbiterPUF,40,2.44,0.07874,0.996895186265838,0.88247
XORArbiterPUF,40,2.45,0.0787,0.9968983448677202,0.88159
XORArbiterPUF,40,2.46,0.07878,0.9968920260489598,0.88045
XORArbiterPUF,40,2.47,0.07886,0.9968857007701533,0.87961
XORArbiterPUF,40,2.48,0.07856,0.9969093872564346,0.87846
XORArbiterPUF,40,2.49,0.0791,0.9968666861722283,0.87731
XORArbiterPUF,40,2.5,0.07888,0.9968841184410554,0.87632
XORArbiterPUF,40,2.51,0.07906,0.9968698593096292,0.87529
XORArbiterPUF,40,2.52,0.0789,0.9968825357081946,0.87437
XORArbiterPUF,40,2.53,0.07874,0.996895186265838,0.87343
XORArbiterPUF,40,2.54,0.07878,0.9968920260489598,0.87229
XORArbiterPUF,40,2.55,0.07872,0.9968967657686527,0.87128
XORArbiterPUF,40,2.56,0.07886,0.9968857007701533,0.87051
XORArbiterPUF,40,2.57,0.07884,0.9968872826954909,0.86958
XORArbiterPUF,40,2.58,0.07878,0.9968920260489598,0.86855
XORArbiterPUF,40,2.59,0.07898,0.9968762007390886,0.86771
XORArbiterPUF,40,2.6,0.079,0.9968746159873869,0.86686
XORArbiterPUF,40,2.61,0.07912,0.9968650989978534,0.86608
XORArbiterPUF,40,2.62,0.07914,0.9968635114196928,0.86513
XORArbiterPUF,40,2.63,0.07878,0.9968920260489598,0.86413
XORArbiterPUF,40,2.64,0.07842,0.9969204098622919,0.86311
XORArbiterPUF,40,2.65,0.07806,0.9969486628708621,0.86203
XORArbiterPUF,40,2.66,0.07806,0.9969486628708621,0.86093
XORArbiterPUF,40,2.67,0.0779,0.9969611777797569,0.86011
XORArbiterPUF,40,2.68,0.07774,0.9969736668538443,0.85899
XORArbiterPUF,40,2.69,0.07728,0.9970094290426748,0.8578
XORArbiterPUF,40,2.7,0.07716,0.9970187231943041,0.85686
XORArbiterPUF,40,2.71,0.07704,0.9970280028163703,0.85572
XORArbiterPUF,40,2.72,0.07702,0.9970295480074801,0.85491
XORArbiterPUF,40,2.73,0.07608,0.9971017167771802,0.8536
XORArbiterPUF,40,2.74,0.07638,0.9970787810398937,0.85271
XORArbiterPUF,40,2.75,0.07612,0.9970986639244888,0.85156
XORArbiterPUF,40,2.76,0.07586,0.9971184786172602,0.85049
XORArbiterPUF,40,2.77,0.07558,0.9971397412599698,0.84941
XORArbiterPUF,40,2.78,0.0757,0.9971306383819525,0.84829
XORArbiterPUF,40,2.79,0.07544,0.9971503429272839,0.84744
XORArbiterPUF,40,2.8,0.0752,0.9971684712223907,0.84654
XORArbiterPUF,40,2.81,0.07522,0.99716696274997,0.84551
XORArbiterPUF,40,2.82,0.07536,0.9971563921471897,0.84444
XORArbiterPUF,40,2.83,0.07494,0.9971880446535649,0.84347
XORArbiterPUF,40,2.84,0.07472,0.9972045535395432,0.84252
XORArbiterPUF,40,2.85,0.07444,0.9972254942589465,0.84156
XORArbiterPUF,40,2.86,0.07468,0.9972075499112509,0.84046
XORArbiterPUF,40,2.87,0.0748,0.9971985559556331,0.83954
XORArbiterPUF,40,2.88,0.07438,0.9972299712704186,0.83859
XORArbiterPUF,40,2.89,0.07426,0.9972389144031635,0.83779
XORArbiterPUF,40,2.9,0.07406,0.9972537873580627,0.83667
XORArbiterPUF,40,2.91,0.07392,0.9972641744292232,0.8358
XORArbiterPUF,40,2.92,0.07336,0.9973055251025134,0.83478
XORArbiterPUF,40,2.93,0.07356,0.9972907932995272,0.83384
XORArbiterPUF,40,2.94,0.07326,0.9973128758819872,0.83271
XORArbiterPUF,40,2.95,0.073,0.9973319407298655,0.83164
XORArbiterPUF,40,2.96,0.07304,0.9973290121118507,0.83074
XORArbiterPUF,40,2.97,0.07316,0.9973202165804119,0.82986
XORArbiterPUF,40,2.98,0.07274,0.9973509374337602,0.82901
XORArbiterPUF,40,2.99,0.07312,0.9973231500371382,0.82798
XORArbiterPUF,40,3.0,0.07316,0.9973202165804119,0.8269
