PUF,Temperature,Vdd,Bias,Std,Reliability
XORFeedForwardArbiterPUF,0,0.5,0.0039,0.9999923949710817,0.94427
XORFeedForwardArbiterPUF,0,0.51,0.00396,0.9999921591692605,0.94482
XORFeedForwardArbiterPUF,0,0.52,0.0039,0.9999923949710817,0.94557
XORFeedForwardArbiterPUF,0,0.53,0.00376,0.9999929311750158,0.9461
XORFeedForwardArbiterPUF,0,0.54,0.0037,0.9999931549765729,0.94663
XORFeedForwardArbiterPUF,0,0.55,0.00368,0.9999932287770752,0.94726
XORFeedForwardArbiterPUF,0,0.56,0.00366,0.9999933021775694,0.94775
XORFeedForwardArbiterPUF,0,0.57,0.00352,0.9999938047808097,0.94828
XORFeedForwardArbiterPUF,0,0.58,0.0036,0.9999935199790047,0.94878
XORFeedForwardArbiterPUF,0,0.59,0.00366,0.9999933021775694,0.94929
XORFeedForwardArbiterPUF,0,0.6,0.00394,0.9999922381698769,0.94997
XORFeedForwardArbiterPUF,0,0.61,0.00378,0.9999928557744799,0.95055
XORFeedForwardArbiterPUF,0,0.62,0.00386,0.99999255017225,0.95119
XORFeedForwardArbiterPUF,0,0.63,0.00382,0.9999927037733825,0.95167
XORFeedForwardArbiterPUF,0,0.64,0.00382,0.9999927037733825,0.95231
XORFeedForwardArbiterPUF,0,0.65,0.004,0.9999919999679996,0.95304
XORFeedForwardArbiterPUF,0,0.66,0.00392,0.9999923167704838,0.9536
XORFeedForwardArbiterPUF,0,0.67,0.00394,0.9999922381698769,0.95423
XORFeedForwardArbiterPUF,0,0.68,0.00398,0.9999920797686351,0.95471
XORFeedForwardArbiterPUF,0,0.69,0.00382,0.9999927037733825,0.95531
XORFeedForwardArbiterPUF,0,0.7,0.00394,0.999992238169877,0.95585
XORFeedForwardArbiterPUF,0,0.71,0.00378,0.9999928557744799,0.95649
XORFeedForwardArbiterPUF,0,0.72,0.00358,0.9999935917794672,0.95713
XORFeedForwardArbiterPUF,0,0.73,0.0035,0.999993874981242,0.95781
XORFeedForwardArbiterPUF,0,0.74,0.00344,0.9999940831824957,0.95858
XORFeedForwardArbiterPUF,0,0.75,0.00356,0.9999936631799223,0.95924
XORFeedForwardArbiterPUF,0,0.76,0.00378,0.99999285577448,0.95993
XORFeedForwardArbiterPUF,0,0.77,0.00388,0.9999924727716702,0.96062
XORFeedForwardArbiterPUF,0,0.78,0.00382,0.9999927037733825,0.96115
XORFeedForwardArbiterPUF,0,0.79,0.0038,0.9999927799739355,0.96158
XORFeedForwardArbiterPUF,0,0.8,0.00366,0.9999933021775695,0.96217
XORFeedForwardArbiterPUF,0,0.81,0.00338,0.9999942877836853,0.96299
XORFeedForwardArbiterPUF,0,0.82,0.00346,0.999994014182085,0.96349
XORFeedForwardArbiterPUF,0,0.83,0.00334,0.9999944221844439,0.96403
XORFeedForwardArbiterPUF,0,0.84,0.00352,0.9999938047808097,0.96474
XORFeedForwardArbiterPUF,0,0.85,0.00354,0.9999937341803696,0.96539
XORFeedForwardArbiterPUF,0,0.86,0.00376,0.9999929311750159,0.96596
XORFeedForwardArbiterPUF,0,0.87,0.0034,0.9999942199832959,0.96662
XORFeedForwardArbiterPUF,0,0.88,0.00326,0.9999946861858818,0.96723
XORFeedForwardArbiterPUF,0,0.89,0.00308,0.9999952567887509,0.9678
XORFeedForwardArbiterPUF,0,0.9,0.00306,0.9999953181890405,0.96839
XORFeedForwardArbiterPUF,0,0.91,0.00314,0.9999950701878484,0.96921
XORFeedForwardArbiterPUF,0,0.92,0.0033,0.999994554985176,0.97005
XORFeedForwardArbiterPUF,0,0.93,0.00336,0.9999943551840681,0.97072
XORFeedForwardArbiterPUF,0,0.94,0.00286,0.9999959101916368,0.97151
XORFeedForwardArbiterPUF,0,0.95,0.00284,0.9999959671918682,0.97236
XORFeedForwardArbiterPUF,0,0.96,0.003,0.9999954999898749,0.97294
XORFeedForwardArbiterPUF,0,0.97,0.00282,0.9999960237920947,0.97353
XORFeedForwardArbiterPUF,0,0.98,0.00278,0.9999961357925339,0.97429
XORFeedForwardArbiterPUF,0,0.99,0.0027,0.9999963549933569,0.97487
XORFeedForwardArbiterPUF,0,1.0,0.00278,0.999996135792534,0.97565
XORFeedForwardArbiterPUF,0,1.01,0.00276,0.9999961911927466,0.97624
XORFeedForwardArbiterPUF,0,1.02,0.00302,0.9999954397896021,0.97685
XORFeedForwardArbiterPUF,0,1.03,0.00304,0.9999953791893241,0.97752
XORFeedForwardArbiterPUF,0,1.04,0.00352,0.9999938047808097,0.97814
XORFeedForwardArbiterPUF,0,1.05,0.00354,0.9999937341803696,0.97893
XORFeedForwardArbiterPUF,0,1.06,0.0035,0.9999938749812423,0.97961
XORFeedForwardArbiterPUF,0,1.07,0.0038,0.9999927799739354,0.9803
XORFeedForwardArbiterPUF,0,1.08,0.00374,0.9999930061755433,0.98093
XORFeedForwardArbiterPUF,0,1.09,0.00358,0.9999935917794672,0.98169
XORFeedForwardArbiterPUF,0,1.1,0.00358,0.9999935917794672,0.98245
XORFeedForwardArbiterPUF,0,1.11,0.00374,0.9999930061755432,0.98317
XORFeedForwardArbiterPUF,0,1.12,0.00352,0.9999938047808097,0.98374
XORFeedForwardArbiterPUF,0,1.13,0.00376,0.9999929311750159,0.98444
XORFeedForwardArbiterPUF,0,1.14,0.00354,0.9999937341803697,0.98523
XORFeedForwardArbiterPUF,0,1.15,0.00354,0.9999937341803696,0.98579
XORFeedForwardArbiterPUF,0,1.16,0.00362,0.9999934477785342,0.98641
XORFeedForwardArbiterPUF,0,1.17,0.00366,0.9999933021775695,0.98707
XORFeedForwardArbiterPUF,0,1.18,0.00364,0.999993375178056,0.98774
XORFeedForwardArbiterPUF,0,1.19,0.00342,0.9999941517828991,0.98847
XORFeedForwardArbiterPUF,0,1.2,0.00338,0.9999942877836853,0.98913
XORFeedForwardArbiterPUF,0,1.21,0.00368,0.9999932287770752,0.98998
XORFeedForwardArbiterPUF,0,1.22,0.00372,0.9999930807760621,0.9907
XORFeedForwardArbiterPUF,0,1.23,0.0039,0.9999923949710817,0.99137
XORFeedForwardArbiterPUF,0,1.24,0.00396,0.9999921591692605,0.99216
XORFeedForwardArbiterPUF,0,1.25,0.00388,0.9999924727716702,0.99284
XORFeedForwardArbiterPUF,0,1.26,0.00402,0.9999919197673549,0.99343
XORFeedForwardArbiterPUF,0,1.27,0.00384,0.9999926271728209,0.99402
XORFeedForwardArbiterPUF,0,1.28,0.00376,0.9999929311750158,0.99478
XORFeedForwardArbiterPUF,0,1.29,0.00388,0.9999924727716704,0.99564
XORFeedForwardArbiterPUF,0,1.3,0.00402,0.9999919197673548,0.99629
XORFeedForwardArbiterPUF,0,1.31,0.00428,0.9999908407580541,0.99708
XORFeedForwardArbiterPUF,0,1.32,0.0042,0.9999911799611033,0.99778
XORFeedForwardArbiterPUF,0,1.33,0.00406,0.999991758166036,0.99849
XORFeedForwardArbiterPUF,0,1.34,0.00396,0.9999921591692607,0.99924
XORFeedForwardArbiterPUF,0,1.35,0.00392,0.9999923167704838,1.0
XORFeedForwardArbiterPUF,0,1.36,0.00394,0.999992238169877,0.99921
XORFeedForwardArbiterPUF,0,1.37,0.00422,0.9999910957603572,0.99855
XORFeedForwardArbiterPUF,0,1.38,0.00406,0.999991758166036,0.99767
XORFeedForwardArbiterPUF,0,1.39,0.00394,0.999992238169877,0.99683
XORFeedForwardArbiterPUF,0,1.4,0.00406,0.999991758166036,0.99617
XORFeedForwardArbiterPUF,0,1.41,0.0039,0.9999923949710817,0.99549
XORFeedForwardArbiterPUF,0,1.42,0.0039,0.9999923949710817,0.99465
XORFeedForwardArbiterPUF,0,1.43,0.00376,0.999992931175016,0.99394
XORFeedForwardArbiterPUF,0,1.44,0.00382,0.9999927037733825,0.99321
XORFeedForwardArbiterPUF,0,1.45,0.00378,0.9999928557744799,0.99237
XORFeedForwardArbiterPUF,0,1.46,0.00384,0.9999926271728209,0.99154
XORFeedForwardArbiterPUF,0,1.47,0.00388,0.9999924727716704,0.99084
XORFeedForwardArbiterPUF,0,1.48,0.00388,0.9999924727716704,0.99002
XORFeedForwardArbiterPUF,0,1.49,0.00388,0.9999924727716704,0.98934
XORFeedForwardArbiterPUF,0,1.5,0.00364,0.999993375178056,0.9886
XORFeedForwardArbiterPUF,0,1.51,0.00388,0.9999924727716702,0.98782
XORFeedForwardArbiterPUF,0,1.52,0.00374,0.9999930061755433,0.98717
XORFeedForwardArbiterPUF,0,1.53,0.00366,0.9999933021775695,0.98643
XORFeedForwardArbiterPUF,0,1.54,0.00344,0.9999940831824956,0.9856
XORFeedForwardArbiterPUF,0,1.55,0.0036,0.9999935199790048,0.98472
XORFeedForwardArbiterPUF,0,1.56,0.00346,0.9999940141820851,0.98411
XORFeedForwardArbiterPUF,0,1.57,0.00372,0.9999930807760623,0.98332
XORFeedForwardArbiterPUF,0,1.58,0.0035,0.9999938749812421,0.98255
XORFeedForwardArbiterPUF,0,1.59,0.00328,0.9999946207855321,0.98176
XORFeedForwardArbiterPUF,0,1.6,0.0034,0.9999942199832959,0.98106
XORFeedForwardArbiterPUF,0,1.61,0.00326,0.9999946861858817,0.98033
XORFeedForwardArbiterPUF,0,1.62,0.00308,0.999995256788751,0.97962
XORFeedForwardArbiterPUF,0,1.63,0.00304,0.9999953791893239,0.97882
XORFeedForwardArbiterPUF,0,1.64,0.00282,0.9999960237920948,0.97789
XORFeedForwardArbiterPUF,0,1.65,0.00274,0.9999962461929546,0.97715
XORFeedForwardArbiterPUF,0,1.66,0.00294,0.9999956781906609,0.97653
XORFeedForwardArbiterPUF,0,1.67,0.00308,0.9999952567887508,0.97568
XORFeedForwardArbiterPUF,0,1.68,0.0035,0.9999938749812421,0.97493
XORFeedForwardArbiterPUF,0,1.69,0.00378,0.99999285577448,0.97429
XORFeedForwardArbiterPUF,0,1.7,0.00338,0.9999942877836853,0.97349
XORFeedForwardArbiterPUF,0,1.71,0.00352,0.9999938047808096,0.97278
XORFeedForwardArbiterPUF,0,1.72,0.00328,0.999994620785532,0.97206
XORFeedForwardArbiterPUF,0,1.73,0.00336,0.9999943551840681,0.97138
XORFeedForwardArbiterPUF,0,1.74,0.00374,0.9999930061755433,0.97047
XORFeedForwardArbiterPUF,0,1.75,0.00386,0.9999925501722501,0.96971
XORFeedForwardArbiterPUF,0,1.76,0.00402,0.9999919197673548,0.96897
XORFeedForwardArbiterPUF,0,1.77,0.00402,0.9999919197673548,0.96823
XORFeedForwardArbiterPUF,0,1.78,0.00408,0.9999916767653622,0.96758
XORFeedForwardArbiterPUF,0,1.79,0.00426,0.9999909261588326,0.96681
XORFeedForwardArbiterPUF,0,1.8,0.0043,0.9999907549572646,0.96601
XORFeedForwardArbiterPUF,0,1.81,0.00424,0.9999910111596004,0.96512
XORFeedForwardArbiterPUF,0,1.82,0.00426,0.9999909261588326,0.96445
XORFeedForwardArbiterPUF,0,1.83,0.00396,0.9999921591692607,0.9636
XORFeedForwardArbiterPUF,0,1.84,0.00408,0.9999916767653622,0.9628
XORFeedForwardArbiterPUF,0,1.85,0.00432,0.9999906687564641,0.96224
XORFeedForwardArbiterPUF,0,1.86,0.00456,0.9999896031459526,0.96158
XORFeedForwardArbiterPUF,0,1.87,0.00486,0.9999881901302635,0.96089
XORFeedForwardArbiterPUF,0,1.88,0.00464,0.999989235142059,0.96022
XORFeedForwardArbiterPUF,0,1.89,0.0046,0.9999894199440311,0.9595
XORFeedForwardArbiterPUF,0,1.9,0.00464,0.999989235142059,0.95864
XORFeedForwardArbiterPUF,0,1.91,0.00474,0.9999887661369005,0.95807
XORFeedForwardArbiterPUF,0,1.92,0.00482,0.9999883837325311,0.95731
XORFeedForwardArbiterPUF,0,1.93,0.00478,0.9999885757347431,0.95649
XORFeedForwardArbiterPUF,0,1.94,0.00474,0.9999887661369005,0.95585
XORFeedForwardArbiterPUF,0,1.95,0.00464,0.999989235142059,0.95526
XORFeedForwardArbiterPUF,0,1.96,0.00446,0.9999900541505401,0.95451
XORFeedForwardArbiterPUF,0,1.97,0.00424,0.9999910111596004,0.95372
XORFeedForwardArbiterPUF,0,1.98,0.00398,0.999992079768635,0.95305
XORFeedForwardArbiterPUF,0,1.99,0.00378,0.9999928557744799,0.95241
XORFeedForwardArbiterPUF,0,2.0,0.00382,0.9999927037733823,0.95177
XORFeedForwardArbiterPUF,0,2.01,0.004,0.9999919999679996,0.95106
XORFeedForwardArbiterPUF,0,2.02,0.00384,0.9999926271728209,0.95034
XORFeedForwardArbiterPUF,0,2.03,0.0041,0.9999915949646776,0.94955
XORFeedForwardArbiterPUF,0,2.04,0.0043,0.9999907549572646,0.94881
XORFeedForwardArbiterPUF,0,2.05,0.00424,0.9999910111596004,0.948
XORFeedForwardArbiterPUF,0,2.06,0.00422,0.9999910957603572,0.94733
XORFeedForwardArbiterPUF,0,2.07,0.0042,0.9999911799611033,0.94656
XORFeedForwardArbiterPUF,0,2.08,0.00414,0.9999914301632788,0.94585
XORFeedForwardArbiterPUF,0,2.09,0.00402,0.9999919197673548,0.94519
XORFeedForwardArbiterPUF,0,2.1,0.0038,0.9999927799739354,0.94456
XORFeedForwardArbiterPUF,0,2.11,0.00416,0.9999913471625642,0.94386
XORFeedForwardArbiterPUF,0,2.12,0.00374,0.9999930061755433,0.94311
XORFeedForwardArbiterPUF,0,2.13,0.0038,0.9999927799739354,0.94254
XORFeedForwardArbiterPUF,0,2.14,0.0039,0.9999923949710817,0.94179
XORFeedForwardArbiterPUF,0,2.15,0.00396,0.9999921591692607,0.9411
XORFeedForwardArbiterPUF,0,2.16,0.00374,0.9999930061755433,0.94039
XORFeedForwardArbiterPUF,0,2.17,0.00348,0.9999939447816673,0.93976
XORFeedForwardArbiterPUF,0,2.18,0.00362,0.9999934477785342,0.93895
XORFeedForwardArbiterPUF,0,2.19,0.00344,0.9999940831824958,0.93824
XORFeedForwardArbiterPUF,0,2.2,0.00354,0.9999937341803696,0.93759
XORFeedForwardArbiterPUF,0,2.21,0.00362,0.9999934477785343,0.93701
XORFeedForwardArbiterPUF,0,2.22,0.00372,0.9999930807760621,0.93634
XORFeedForwardArbiterPUF,0,2.23,0.00396,0.9999921591692607,0.93554
XORFeedForwardArbiterPUF,0,2.24,0.00392,0.9999923167704838,0.9347
XORFeedForwardArbiterPUF,0,2.25,0.00366,0.9999933021775695,0.93401
XORFeedForwardArbiterPUF,0,2.26,0.0038,0.9999927799739355,0.9331
XORFeedForwardArbiterPUF,0,2.27,0.0038,0.9999927799739354,0.9325
XORFeedForwardArbiterPUF,0,2.28,0.00406,0.999991758166036,0.93169
XORFeedForwardArbiterPUF,0,2.29,0.00424,0.9999910111596003,0.9311
XORFeedForwardArbiterPUF,0,2.3,0.0039,0.9999923949710818,0.93033
XORFeedForwardArbiterPUF,0,2.31,0.00412,0.9999915127639833,0.92966
XORFeedForwardArbiterPUF,0,2.32,0.004,0.9999919999679996,0.92896
XORFeedForwardArbiterPUF,0,2.33,0.00416,0.9999913471625642,0.92828
XORFeedForwardArbiterPUF,0,2.34,0.00402,0.9999919197673547,0.92739
XORFeedForwardArbiterPUF,0,2.35,0.00398,0.9999920797686351,0.92661
XORFeedForwardArbiterPUF,0,2.36,0.00428,0.9999908407580541,0.9258
XORFeedForwardArbiterPUF,0,2.37,0.00406,0.9999917581660359,0.92525
XORFeedForwardArbiterPUF,0,2.38,0.00376,0.9999929311750158,0.92446
XORFeedForwardArbiterPUF,0,2.39,0.0038,0.9999927799739355,0.92372
XORFeedForwardArbiterPUF,0,2.4,0.00382,0.9999927037733825,0.92295
XORFeedForwardArbiterPUF,0,2.41,0.0039,0.9999923949710817,0.92219
XORFeedForwardArbiterPUF,0,2.42,0.00402,0.9999919197673548,0.92145
XORFeedForwardArbiterPUF,0,2.43,0.0042,0.9999911799611033,0.92074
XORFeedForwardArbiterPUF,0,2.44,0.00428,0.9999908407580541,0.91996
XORFeedForwardArbiterPUF,0,2.45,0.00456,0.9999896031459528,0.91926
XORFeedForwardArbiterPUF,0,2.46,0.00442,0.9999902317522906,0.91857
XORFeedForwardArbiterPUF,0,2.47,0.0044,0.9999903199531485,0.91774
XORFeedForwardArbiterPUF,0,2.48,0.00426,0.9999909261588326,0.91709
XORFeedForwardArbiterPUF,0,2.49,0.00444,0.9999901431514213,0.9164
XORFeedForwardArbiterPUF,0,2.5,0.00472,0.9999888607379585,0.9158
XORFeedForwardArbiterPUF,0,2.51,0.0044,0.9999903199531484,0.91512
XORFeedForwardArbiterPUF,0,2.52,0.0044,0.9999903199531485,0.9144
XORFeedForwardArbiterPUF,0,2.53,0.00468,0.9999890487400348,0.91374
XORFeedForwardArbiterPUF,0,2.54,0.00504,0.9999872991193439,0.91308
XORFeedForwardArbiterPUF,0,2.55,0.00474,0.9999887661369004,0.91223
XORFeedForwardArbiterPUF,0,2.56,0.00488,0.9999880927291085,0.9115
XORFeedForwardArbiterPUF,0,2.57,0.0048,0.9999884799336439,0.91072
XORFeedForwardArbiterPUF,0,2.58,0.00498,0.9999875997231167,0.91003
XORFeedForwardArbiterPUF,0,2.59,0.00478,0.9999885757347431,0.90917
XORFeedForwardArbiterPUF,0,2.6,0.00466,0.9999891421410534,0.90849
XORFeedForwardArbiterPUF,0,2.61,0.00466,0.9999891421410535,0.90779
XORFeedForwardArbiterPUF,0,2.62,0.00466,0.9999891421410534,0.90713
XORFeedForwardArbiterPUF,0,2.63,0.00476,0.9999886711358286,0.90626
XORFeedForwardArbiterPUF,0,2.64,0.00438,0.9999904077539944,0.90555
XORFeedForwardArbiterPUF,0,2.65,0.0042,0.9999911799611033,0.90484
XORFeedForwardArbiterPUF,0,2.66,0.0042,0.9999911799611034,0.90406
XORFeedForwardArbiterPUF,0,2.67,0.004,0.9999919999679997,0.9034
XORFeedForwardArbiterPUF,0,2.68,0.00358,0.9999935917794672,0.90269
XORFeedForwardArbiterPUF,0,2.69,0.00334,0.9999944221844439,0.90201
XORFeedForwardArbiterPUF,0,2.7,0.00344,0.9999940831824957,0.90132
XORFeedForwardArbiterPUF,0,2.71,0.00332,0.9999944887848133,0.9007
XORFeedForwardArbiterPUF,0,2.72,0.0035,0.9999938749812423,0.90009
XORFeedForwardArbiterPUF,0,2.73,0.00338,0.9999942877836853,0.89945
XORFeedForwardArbiterPUF,0,2.74,0.00348,0.9999939447816671,0.89864
XORFeedForwardArbiterPUF,0,2.75,0.00334,0.999994422184444,0.89785
XORFeedForwardArbiterPUF,0,2.76,0.00334,0.9999944221844439,0.89725
XORFeedForwardArbiterPUF,0,2.77,0.00372,0.9999930807760621,0.89662
XORFeedForwardArbiterPUF,0,2.78,0.00374,0.9999930061755433,0.89591
XORFeedForwardArbiterPUF,0,2.79,0.00368,0.9999932287770752,0.8952
XORFeedForwardArbiterPUF,0,2.8,0.00344,0.9999940831824957,0.89452
XORFeedForwardArbiterPUF,0,2.81,0.0035,0.9999938749812421,0.89379
XORFeedForwardArbiterPUF,0,2.82,0.00338,0.9999942877836853,0.89321
XORFeedForwardArbiterPUF,0,2.83,0.0032,0.999994879986893,0.89244
XORFeedForwardArbiterPUF,0,2.84,0.00356,0.9999936631799221,0.8916
XORFeedForwardArbiterPUF,0,2.85,0.00372,0.9999930807760623,0.89078
XORFeedForwardArbiterPUF,0,2.86,0.00358,0.9999935917794673,0.89007
XORFeedForwardArbiterPUF,0,2.87,0.00358,0.9999935917794672,0.88941
XORFeedForwardArbiterPUF,0,2.88,0.0038,0.9999927799739353,0.8887
XORFeedForwardArbiterPUF,0,2.89,0.00372,0.9999930807760622,0.88798
XORFeedForwardArbiterPUF,0,2.9,0.00378,0.9999928557744799,0.88729
XORFeedForwardArbiterPUF,0,2.91,0.0038,0.9999927799739353,0.88646
XORFeedForwardArbiterPUF,0,2.92,0.0039,0.9999923949710818,0.88569
XORFeedForwardArbiterPUF,0,2.93,0.00368,0.9999932287770752,0.8849
XORFeedForwardArbiterPUF,0,2.94,0.00372,0.9999930807760622,0.88416
XORFeedForwardArbiterPUF,0,2.95,0.0035,0.9999938749812421,0.88339
XORFeedForwardArbiterPUF,0,2.96,0.00346,0.999994014182085,0.88235
XORFeedForwardArbiterPUF,0,2.97,0.00356,0.9999936631799222,0.88178
XORFeedForwardArbiterPUF,0,2.98,0.00368,0.9999932287770752,0.88108
XORFeedForwardArbiterPUF,0,2.99,0.00344,0.9999940831824957,0.8804
XORFeedForwardArbiterPUF,0,3.0,0.00334,0.999994422184444,0.87969
XORFeedForwardArbiterPUF,5,0.5,0.0042,0.9999911799611033,0.94566
XORFeedForwardArbiterPUF,5,0.51,0.00394,0.9999922381698769,0.94629
XORFeedForwardArbiterPUF,5,0.52,0.00392,0.9999923167704838,0.94682
XORFeedForwardArbiterPUF,5,0.53,0.00396,0.9999921591692607,0.94752
XORFeedForwardArbiterPUF,5,0.54,0.00378,0.9999928557744799,0.94805
XORFeedForwardArbiterPUF,5,0.55,0.00368,0.9999932287770751,0.9486
XORFeedForwardArbiterPUF,5,0.56,0.00358,0.9999935917794672,0.94917
XORFeedForwardArbiterPUF,5,0.57,0.0036,0.9999935199790047,0.94974
XORFeedForwardArbiterPUF,5,0.58,0.00354,0.9999937341803696,0.95023
XORFeedForwardArbiterPUF,5,0.59,0.00352,0.9999938047808097,0.9507
XORFeedForwardArbiterPUF,5,0.6,0.00378,0.9999928557744799,0.95117
XORFeedForwardArbiterPUF,5,0.61,0.0039,0.9999923949710818,0.95187
XORFeedForwardArbiterPUF,5,0.62,0.00394,0.9999922381698768,0.95241
XORFeedForwardArbiterPUF,5,0.63,0.004,0.9999919999679996,0.95302
XORFeedForwardArbiterPUF,5,0.64,0.00372,0.9999930807760621,0.9536
XORFeedForwardArbiterPUF,5,0.65,0.00392,0.9999923167704837,0.95412
XORFeedForwardArbiterPUF,5,0.66,0.00376,0.9999929311750158,0.9548
XORFeedForwardArbiterPUF,5,0.67,0.00398,0.999992079768635,0.95541
XORFeedForwardArbiterPUF,5,0.68,0.0039,0.9999923949710817,0.95599
XORFeedForwardArbiterPUF,5,0.69,0.0039,0.9999923949710817,0.95657
XORFeedForwardArbiterPUF,5,0.7,0.0039,0.9999923949710817,0.95711
XORFeedForwardArbiterPUF,5,0.71,0.0039,0.9999923949710817,0.95761
XORFeedForwardArbiterPUF,5,0.72,0.00384,0.9999926271728208,0.95822
XORFeedForwardArbiterPUF,5,0.73,0.00354,0.9999937341803697,0.95895
XORFeedForwardArbiterPUF,5,0.74,0.00366,0.9999933021775694,0.95947
XORFeedForwardArbiterPUF,5,0.75,0.0035,0.9999938749812423,0.96017
XORFeedForwardArbiterPUF,5,0.76,0.00346,0.9999940141820851,0.96099
XORFeedForwardArbiterPUF,5,0.77,0.00364,0.999993375178056,0.96152
XORFeedForwardArbiterPUF,5,0.78,0.0038,0.9999927799739355,0.96226
XORFeedForwardArbiterPUF,5,0.79,0.00386,0.9999925501722501,0.96289
XORFeedForwardArbiterPUF,5,0.8,0.00378,0.9999928557744799,0.96339
XORFeedForwardArbiterPUF,5,0.81,0.0038,0.9999927799739355,0.96382
XORFeedForwardArbiterPUF,5,0.82,0.0035,0.9999938749812423,0.96447
XORFeedForwardArbiterPUF,5,0.83,0.00334,0.999994422184444,0.96517
XORFeedForwardArbiterPUF,5,0.84,0.00344,0.9999940831824957,0.96564
XORFeedForwardArbiterPUF,5,0.85,0.00332,0.9999944887848132,0.9662
XORFeedForwardArbiterPUF,5,0.86,0.00354,0.9999937341803695,0.96689
XORFeedForwardArbiterPUF,5,0.87,0.00354,0.9999937341803696,0.96751
XORFeedForwardArbiterPUF,5,0.88,0.00376,0.9999929311750159,0.9681
XORFeedForwardArbiterPUF,5,0.89,0.00342,0.9999941517828991,0.96875
XORFeedForwardArbiterPUF,5,0.9,0.00324,0.9999947511862249,0.96934
XORFeedForwardArbiterPUF,5,0.91,0.00308,0.9999952567887509,0.9699
XORFeedForwardArbiterPUF,5,0.92,0.00306,0.9999953181890404,0.97047
XORFeedForwardArbiterPUF,5,0.93,0.00314,0.9999950701878484,0.97133
XORFeedForwardArbiterPUF,5,0.94,0.0033,0.999994554985176,0.97211
XORFeedForwardArbiterPUF,5,0.95,0.0033,0.999994554985176,0.97279
XORFeedForwardArbiterPUF,5,0.96,0.0029,0.999995794991159,0.97355
XORFeedForwardArbiterPUF,5,0.97,0.00292,0.9999957367909124,0.97446
XORFeedForwardArbiterPUF,5,0.98,0.0029,0.9999957949911591,0.97497
XORFeedForwardArbiterPUF,5,0.99,0.00296,0.9999956191904044,0.97556
XORFeedForwardArbiterPUF,5,1.0,0.00264,0.9999965151939281,0.97628
XORFeedForwardArbiterPUF,5,1.01,0.0028,0.9999960799923167,0.97692
XORFeedForwardArbiterPUF,5,1.02,0.00272,0.9999963007931578,0.97754
XORFeedForwardArbiterPUF,5,1.03,0.00278,0.9999961357925339,0.97821
XORFeedForwardArbiterPUF,5,1.04,0.00294,0.999995678190661,0.97887
XORFeedForwardArbiterPUF,5,1.05,0.00296,0.9999956191904044,0.9795
XORFeedForwardArbiterPUF,5,1.06,0.0034,0.9999942199832957,0.98008
XORFeedForwardArbiterPUF,5,1.07,0.00338,0.9999942877836855,0.98087
XORFeedForwardArbiterPUF,5,1.08,0.00364,0.999993375178056,0.98156
XORFeedForwardArbiterPUF,5,1.09,0.00364,0.999993375178056,0.9822
XORFeedForwardArbiterPUF,5,1.1,0.00372,0.9999930807760621,0.98284
XORFeedForwardArbiterPUF,5,1.11,0.00392,0.9999923167704838,0.98352
XORFeedForwardArbiterPUF,5,1.12,0.00346,0.9999940141820851,0.98425
XORFeedForwardArbiterPUF,5,1.13,0.00372,0.9999930807760623,0.98502
XORFeedForwardArbiterPUF,5,1.14,0.0037,0.9999931549765729,0.98557
XORFeedForwardArbiterPUF,5,1.15,0.00366,0.9999933021775695,0.98633
XORFeedForwardArbiterPUF,5,1.16,0.0037,0.9999931549765729,0.98701
XORFeedForwardArbiterPUF,5,1.17,0.00356,0.9999936631799223,0.98756
XORFeedForwardArbiterPUF,5,1.18,0.0037,0.999993154976573,0.98821
XORFeedForwardArbiterPUF,5,1.19,0.00342,0.999994151782899,0.98887
XORFeedForwardArbiterPUF,5,1.2,0.00368,0.9999932287770751,0.98948
XORFeedForwardArbiterPUF,5,1.21,0.00356,0.9999936631799222,0.9901
XORFeedForwardArbiterPUF,5,1.22,0.00342,0.9999941517828991,0.99087
XORFeedForwardArbiterPUF,5,1.23,0.00334,0.9999944221844439,0.99147
XORFeedForwardArbiterPUF,5,1.24,0.00378,0.9999928557744799,0.99233
XORFeedForwardArbiterPUF,5,1.25,0.00368,0.9999932287770752,0.99298
XORFeedForwardArbiterPUF,5,1.26,0.00396,0.9999921591692607,0.9937
XORFeedForwardArbiterPUF,5,1.27,0.00398,0.9999920797686351,0.99439
XORFeedForwardArbiterPUF,5,1.28,0.00388,0.9999924727716702,0.99514
XORFeedForwardArbiterPUF,5,1.29,0.00402,0.9999919197673547,0.99567
XORFeedForwardArbiterPUF,5,1.3,0.00382,0.9999927037733826,0.99627
XORFeedForwardArbiterPUF,5,1.31,0.00376,0.9999929311750158,0.99706
XORFeedForwardArbiterPUF,5,1.32,0.0039,0.9999923949710818,0.99787
XORFeedForwardArbiterPUF,5,1.33,0.00396,0.9999921591692607,0.99854
XORFeedForwardArbiterPUF,5,1.34,0.00428,0.9999908407580541,0.9993
XORFeedForwardArbiterPUF,5,1.35,0.0042,0.9999911799611033,1.0
XORFeedForwardArbiterPUF,5,1.36,0.00408,0.9999916767653622,0.99932
XORFeedForwardArbiterPUF,5,1.37,0.004,0.9999919999679996,0.99862
XORFeedForwardArbiterPUF,5,1.38,0.0039,0.9999923949710818,0.99785
XORFeedForwardArbiterPUF,5,1.39,0.00394,0.9999922381698769,0.99711
XORFeedForwardArbiterPUF,5,1.4,0.00412,0.9999915127639835,0.99642
XORFeedForwardArbiterPUF,5,1.41,0.00402,0.9999919197673549,0.99563
XORFeedForwardArbiterPUF,5,1.42,0.004,0.9999919999679995,0.99476
XORFeedForwardArbiterPUF,5,1.43,0.00404,0.9999918391667004,0.99406
XORFeedForwardArbiterPUF,5,1.44,0.00398,0.9999920797686351,0.99347
XORFeedForwardArbiterPUF,5,1.45,0.00394,0.999992238169877,0.99267
XORFeedForwardArbiterPUF,5,1.46,0.00372,0.9999930807760621,0.99194
XORFeedForwardArbiterPUF,5,1.47,0.00374,0.9999930061755433,0.99121
XORFeedForwardArbiterPUF,5,1.48,0.00376,0.9999929311750158,0.9904
XORFeedForwardArbiterPUF,5,1.49,0.00386,0.99999255017225,0.98957
XORFeedForwardArbiterPUF,5,1.5,0.00404,0.9999918391667005,0.98894
XORFeedForwardArbiterPUF,5,1.51,0.00392,0.9999923167704838,0.98818
XORFeedForwardArbiterPUF,5,1.52,0.0039,0.9999923949710818,0.98739
XORFeedForwardArbiterPUF,5,1.53,0.00376,0.9999929311750158,0.98676
XORFeedForwardArbiterPUF,5,1.54,0.0038,0.9999927799739354,0.98594
XORFeedForwardArbiterPUF,5,1.55,0.00388,0.9999924727716704,0.9852
XORFeedForwardArbiterPUF,5,1.56,0.00356,0.9999936631799221,0.9846
XORFeedForwardArbiterPUF,5,1.57,0.00354,0.9999937341803695,0.98381
XORFeedForwardArbiterPUF,5,1.58,0.00352,0.9999938047808097,0.98294
XORFeedForwardArbiterPUF,5,1.59,0.00352,0.9999938047808097,0.98226
XORFeedForwardArbiterPUF,5,1.6,0.00354,0.9999937341803695,0.98163
XORFeedForwardArbiterPUF,5,1.61,0.00362,0.9999934477785342,0.98091
XORFeedForwardArbiterPUF,5,1.62,0.00342,0.9999941517828991,0.98015
XORFeedForwardArbiterPUF,5,1.63,0.00326,0.9999946861858817,0.97939
XORFeedForwardArbiterPUF,5,1.64,0.00326,0.9999946861858818,0.97869
XORFeedForwardArbiterPUF,5,1.65,0.00344,0.9999940831824957,0.97794
XORFeedForwardArbiterPUF,5,1.66,0.00312,0.9999951327881553,0.97724
XORFeedForwardArbiterPUF,5,1.67,0.00306,0.9999953181890404,0.97643
XORFeedForwardArbiterPUF,5,1.68,0.00288,0.9999958527914004,0.97554
XORFeedForwardArbiterPUF,5,1.69,0.00292,0.9999957367909124,0.97488
XORFeedForwardArbiterPUF,5,1.7,0.00308,0.999995256788751,0.9742
XORFeedForwardArbiterPUF,5,1.71,0.00316,0.9999950071875359,0.97342
XORFeedForwardArbiterPUF,5,1.72,0.00354,0.9999937341803696,0.97271
XORFeedForwardArbiterPUF,5,1.73,0.00378,0.9999928557744799,0.97203
XORFeedForwardArbiterPUF,5,1.74,0.0034,0.9999942199832957,0.97132
XORFeedForwardArbiterPUF,5,1.75,0.0035,0.999993874981242,0.97059
XORFeedForwardArbiterPUF,5,1.76,0.0033,0.999994554985176,0.96991
XORFeedForwardArbiterPUF,5,1.77,0.00342,0.9999941517828991,0.96923
XORFeedForwardArbiterPUF,5,1.78,0.00374,0.9999930061755433,0.96835
XORFeedForwardArbiterPUF,5,1.79,0.00382,0.9999927037733825,0.96761
XORFeedForwardArbiterPUF,5,1.8,0.00404,0.9999918391667005,0.96686
XORFeedForwardArbiterPUF,5,1.81,0.00406,0.999991758166036,0.96615
XORFeedForwardArbiterPUF,5,1.82,0.00414,0.9999914301632788,0.96551
XORFeedForwardArbiterPUF,5,1.83,0.00422,0.9999910957603572,0.96477
XORFeedForwardArbiterPUF,5,1.84,0.00424,0.9999910111596004,0.964
XORFeedForwardArbiterPUF,5,1.85,0.0042,0.9999911799611034,0.9631
XORFeedForwardArbiterPUF,5,1.86,0.00426,0.9999909261588324,0.96245
XORFeedForwardArbiterPUF,5,1.87,0.00398,0.9999920797686351,0.96165
XORFeedForwardArbiterPUF,5,1.88,0.00412,0.9999915127639836,0.9609
XORFeedForwardArbiterPUF,5,1.89,0.00438,0.9999904077539944,0.96027
XORFeedForwardArbiterPUF,5,1.9,0.00446,0.9999900541505401,0.95965
XORFeedForwardArbiterPUF,5,1.91,0.00484,0.9999882871314043,0.95896
XORFeedForwardArbiterPUF,5,1.92,0.00482,0.999988383732531,0.95833
XORFeedForwardArbiterPUF,5,1.93,0.00448,0.9999899647496469,0.95762
XORFeedForwardArbiterPUF,5,1.94,0.00446,0.9999900541505401,0.95691
XORFeedForwardArbiterPUF,5,1.95,0.00466,0.9999891421410535,0.95621
XORFeedForwardArbiterPUF,5,1.96,0.00492,0.9999878967267555,0.95544
XORFeedForwardArbiterPUF,5,1.97,0.00464,0.9999892351420588,0.95482
XORFeedForwardArbiterPUF,5,1.98,0.00482,0.9999883837325311,0.95405
XORFeedForwardArbiterPUF,5,1.99,0.0047,0.9999889549390033,0.95345
XORFeedForwardArbiterPUF,5,2.0,0.00456,0.9999896031459526,0.9528
XORFeedForwardArbiterPUF,5,2.01,0.0042,0.9999911799611033,0.952
XORFeedForwardArbiterPUF,5,2.02,0.004,0.9999919999679995,0.9513
XORFeedForwardArbiterPUF,5,2.03,0.00378,0.9999928557744798,0.95069
XORFeedForwardArbiterPUF,5,2.04,0.00376,0.9999929311750159,0.95012
XORFeedForwardArbiterPUF,5,2.05,0.00388,0.9999924727716702,0.94946
XORFeedForwardArbiterPUF,5,2.06,0.00392,0.9999923167704838,0.9488
XORFeedForwardArbiterPUF,5,2.07,0.00404,0.9999918391667005,0.948
XORFeedForwardArbiterPUF,5,2.08,0.00416,0.9999913471625641,0.94718
XORFeedForwardArbiterPUF,5,2.09,0.00422,0.9999910957603573,0.94651
XORFeedForwardArbiterPUF,5,2.1,0.00422,0.9999910957603572,0.94571
XORFeedForwardArbiterPUF,5,2.11,0.00432,0.9999906687564641,0.94508
XORFeedForwardArbiterPUF,5,2.12,0.00412,0.9999915127639835,0.94432
XORFeedForwardArbiterPUF,5,2.13,0.00416,0.9999913471625642,0.94366
XORFeedForwardArbiterPUF,5,2.14,0.004,0.9999919999679996,0.943
XORFeedForwardArbiterPUF,5,2.15,0.00388,0.9999924727716704,0.94238
XORFeedForwardArbiterPUF,5,2.16,0.00408,0.9999916767653622,0.94174
XORFeedForwardArbiterPUF,5,2.17,0.00376,0.9999929311750159,0.941
XORFeedForwardArbiterPUF,5,2.18,0.00392,0.9999923167704838,0.94036
XORFeedForwardArbiterPUF,5,2.19,0.0039,0.9999923949710818,0.93973
XORFeedForwardArbiterPUF,5,2.2,0.00402,0.9999919197673548,0.93899
XORFeedForwardArbiterPUF,5,2.21,0.0037,0.9999931549765729,0.93833
XORFeedForwardArbiterPUF,5,2.22,0.00348,0.9999939447816673,0.93768
XORFeedForwardArbiterPUF,5,2.23,0.00362,0.9999934477785342,0.93691
XORFeedForwardArbiterPUF,5,2.24,0.00342,0.999994151782899,0.93621
XORFeedForwardArbiterPUF,5,2.25,0.0036,0.9999935199790048,0.93558
XORFeedForwardArbiterPUF,5,2.26,0.00362,0.9999934477785343,0.93501
XORFeedForwardArbiterPUF,5,2.27,0.00372,0.9999930807760621,0.93436
XORFeedForwardArbiterPUF,5,2.28,0.00386,0.9999925501722501,0.93357
XORFeedForwardArbiterPUF,5,2.29,0.00388,0.9999924727716702,0.93276
XORFeedForwardArbiterPUF,5,2.3,0.00366,0.9999933021775695,0.93207
XORFeedForwardArbiterPUF,5,2.31,0.00374,0.9999930061755433,0.93121
XORFeedForwardArbiterPUF,5,2.32,0.00382,0.9999927037733825,0.93063
XORFeedForwardArbiterPUF,5,2.33,0.00414,0.999991430163279,0.92983
XORFeedForwardArbiterPUF,5,2.34,0.00422,0.9999910957603572,0.92915
XORFeedForwardArbiterPUF,5,2.35,0.00396,0.9999921591692607,0.92846
XORFeedForwardArbiterPUF,5,2.36,0.00408,0.999991676765362,0.92784
XORFeedForwardArbiterPUF,5,2.37,0.00402,0.9999919197673547,0.92715
XORFeedForwardArbiterPUF,5,2.38,0.00398,0.9999920797686351,0.92647
XORFeedForwardArbiterPUF,5,2.39,0.00416,0.9999913471625641,0.92566
XORFeedForwardArbiterPUF,5,2.4,0.00402,0.9999919197673548,0.92489
XORFeedForwardArbiterPUF,5,2.41,0.00428,0.9999908407580541,0.92406
XORFeedForwardArbiterPUF,5,2.42,0.00418,0.9999912637618391,0.92341
XORFeedForwardArbiterPUF,5,2.43,0.00384,0.9999926271728209,0.92282
XORFeedForwardArbiterPUF,5,2.44,0.00376,0.9999929311750159,0.92204
XORFeedForwardArbiterPUF,5,2.45,0.00374,0.9999930061755432,0.92131
XORFeedForwardArbiterPUF,5,2.46,0.00378,0.9999928557744799,0.92057
XORFeedForwardArbiterPUF,5,2.47,0.00408,0.9999916767653622,0.91988
XORFeedForwardArbiterPUF,5,2.48,0.0042,0.9999911799611034,0.91908
XORFeedForwardArbiterPUF,5,2.49,0.00424,0.9999910111596003,0.91836
XORFeedForwardArbiterPUF,5,2.5,0.00446,0.99999005415054,0.91769
XORFeedForwardArbiterPUF,5,2.51,0.00442,0.9999902317522906,0.91701
XORFeedForwardArbiterPUF,5,2.52,0.00442,0.9999902317522907,0.91631
XORFeedForwardArbiterPUF,5,2.53,0.0044,0.9999903199531485,0.91562
XORFeedForwardArbiterPUF,5,2.54,0.00426,0.9999909261588324,0.91489
XORFeedForwardArbiterPUF,5,2.55,0.00446,0.9999900541505401,0.91425
XORFeedForwardArbiterPUF,5,2.56,0.00458,0.9999895117449983,0.91365
XORFeedForwardArbiterPUF,5,2.57,0.0044,0.9999903199531485,0.91304
XORFeedForwardArbiterPUF,5,2.58,0.00446,0.99999005415054,0.91229
XORFeedForwardArbiterPUF,5,2.59,0.00478,0.9999885757347432,0.91167
XORFeedForwardArbiterPUF,5,2.6,0.00488,0.9999880927291086,0.91098
XORFeedForwardArbiterPUF,5,2.61,0.0048,0.9999884799336439,0.91022
XORFeedForwardArbiterPUF,5,2.62,0.00476,0.9999886711358286,0.90948
XORFeedForwardArbiterPUF,5,2.63,0.0047,0.9999889549390033,0.90879
XORFeedForwardArbiterPUF,5,2.64,0.00496,0.9999876991243444,0.90796
XORFeedForwardArbiterPUF,5,2.65,0.0048,0.9999884799336439,0.90722
XORFeedForwardArbiterPUF,5,2.66,0.00458,0.9999895117449983,0.90653
XORFeedForwardArbiterPUF,5,2.67,0.00466,0.9999891421410535,0.90587
XORFeedForwardArbiterPUF,5,2.68,0.00466,0.9999891421410534,0.90523
XORFeedForwardArbiterPUF,5,2.69,0.00474,0.9999887661369004,0.90437
XORFeedForwardArbiterPUF,5,2.7,0.0044,0.9999903199531485,0.90366
XORFeedForwardArbiterPUF,5,2.71,0.00416,0.9999913471625642,0.903
XORFeedForwardArbiterPUF,5,2.72,0.00426,0.9999909261588327,0.90223
XORFeedForwardArbiterPUF,5,2.73,0.00412,0.9999915127639833,0.90154
XORFeedForwardArbiterPUF,5,2.74,0.00358,0.9999935917794673,0.90093
XORFeedForwardArbiterPUF,5,2.75,0.00336,0.9999943551840681,0.90018
XORFeedForwardArbiterPUF,5,2.76,0.00346,0.999994014182085,0.89949
XORFeedForwardArbiterPUF,5,2.77,0.00322,0.9999948157865619,0.89893
XORFeedForwardArbiterPUF,5,2.78,0.00346,0.999994014182085,0.89833
XORFeedForwardArbiterPUF,5,2.79,0.00336,0.999994355184068,0.8977
XORFeedForwardArbiterPUF,5,2.8,0.00342,0.9999941517828992,0.89695
XORFeedForwardArbiterPUF,5,2.81,0.00322,0.9999948157865619,0.89615
XORFeedForwardArbiterPUF,5,2.82,0.00338,0.9999942877836853,0.89561
XORFeedForwardArbiterPUF,5,2.83,0.00358,0.9999935917794672,0.89489
XORFeedForwardArbiterPUF,5,2.84,0.00364,0.999993375178056,0.89426
XORFeedForwardArbiterPUF,5,2.85,0.00352,0.9999938047808097,0.8936
XORFeedForwardArbiterPUF,5,2.86,0.00356,0.9999936631799222,0.89298
XORFeedForwardArbiterPUF,5,2.87,0.00352,0.9999938047808097,0.8922
XORFeedForwardArbiterPUF,5,2.88,0.0034,0.9999942199832957,0.89156
XORFeedForwardArbiterPUF,5,2.89,0.00322,0.999994815786562,0.89087
XORFeedForwardArbiterPUF,5,2.9,0.00326,0.9999946861858816,0.89009
XORFeedForwardArbiterPUF,5,2.91,0.00366,0.9999933021775695,0.88929
XORFeedForwardArbiterPUF,5,2.92,0.00378,0.9999928557744799,0.88865
XORFeedForwardArbiterPUF,5,2.93,0.00362,0.9999934477785342,0.88783
XORFeedForwardArbiterPUF,5,2.94,0.00366,0.9999933021775694,0.88729
XORFeedForwardArbiterPUF,5,2.95,0.00394,0.999992238169877,0.88653
XORFeedForwardArbiterPUF,5,2.96,0.00348,0.9999939447816673,0.8858
XORFeedForwardArbiterPUF,5,2.97,0.0039,0.9999923949710817,0.88509
XORFeedForwardArbiterPUF,5,2.98,0.0039,0.9999923949710818,0.88439
XORFeedForwardArbiterPUF,5,2.99,0.00384,0.9999926271728209,0.88358
XORFeedForwardArbiterPUF,5,3.0,0.00352,0.9999938047808097,0.88276
XORFeedForwardArbiterPUF,10,0.5,0.00422,0.9999910957603572,0.94712
XORFeedForwardArbiterPUF,10,0.51,0.00418,0.9999912637618391,0.94758
XORFeedForwardArbiterPUF,10,0.52,0.00394,0.999992238169877,0.94818
XORFeedForwardArbiterPUF,10,0.53,0.00396,0.9999921591692607,0.94869
XORFeedForwardArbiterPUF,10,0.54,0.00392,0.9999923167704838,0.94933
XORFeedForwardArbiterPUF,10,0.55,0.0038,0.9999927799739355,0.94993
XORFeedForwardArbiterPUF,10,0.56,0.00372,0.9999930807760621,0.95049
XORFeedForwardArbiterPUF,10,0.57,0.00362,0.9999934477785342,0.95102
XORFeedForwardArbiterPUF,10,0.58,0.00364,0.9999933751780559,0.95151
XORFeedForwardArbiterPUF,10,0.59,0.0036,0.9999935199790047,0.95201
XORFeedForwardArbiterPUF,10,0.6,0.00348,0.9999939447816673,0.95255
XORFeedForwardArbiterPUF,10,0.61,0.00354,0.9999937341803696,0.95298
XORFeedForwardArbiterPUF,10,0.62,0.00368,0.9999932287770752,0.95353
XORFeedForwardArbiterPUF,10,0.63,0.00386,0.99999255017225,0.95424
XORFeedForwardArbiterPUF,10,0.64,0.00386,0.99999255017225,0.95476
XORFeedForwardArbiterPUF,10,0.65,0.00382,0.9999927037733825,0.95534
XORFeedForwardArbiterPUF,10,0.66,0.00386,0.99999255017225,0.9558
XORFeedForwardArbiterPUF,10,0.67,0.00378,0.9999928557744799,0.95648
XORFeedForwardArbiterPUF,10,0.68,0.004,0.9999919999679996,0.95715
XORFeedForwardArbiterPUF,10,0.69,0.00396,0.9999921591692607,0.95767
XORFeedForwardArbiterPUF,10,0.7,0.00396,0.9999921591692607,0.95827
XORFeedForwardArbiterPUF,10,0.71,0.00398,0.9999920797686351,0.95882
XORFeedForwardArbiterPUF,10,0.72,0.00382,0.9999927037733825,0.95934
XORFeedForwardArbiterPUF,10,0.73,0.00398,0.9999920797686351,0.95986
XORFeedForwardArbiterPUF,10,0.74,0.00388,0.9999924727716705,0.96045
XORFeedForwardArbiterPUF,10,0.75,0.00358,0.9999935917794672,0.96112
XORFeedForwardArbiterPUF,10,0.76,0.00358,0.9999935917794672,0.96172
XORFeedForwardArbiterPUF,10,0.77,0.00348,0.9999939447816673,0.96253
XORFeedForwardArbiterPUF,10,0.78,0.00346,0.9999940141820851,0.96316
XORFeedForwardArbiterPUF,10,0.79,0.0037,0.9999931549765728,0.9637
XORFeedForwardArbiterPUF,10,0.8,0.00378,0.9999928557744799,0.96444
XORFeedForwardArbiterPUF,10,0.81,0.00396,0.9999921591692607,0.96501
XORFeedForwardArbiterPUF,10,0.82,0.00376,0.9999929311750158,0.96545
XORFeedForwardArbiterPUF,10,0.83,0.00378,0.9999928557744799,0.96596
XORFeedForwardArbiterPUF,10,0.84,0.0034,0.9999942199832957,0.96667
XORFeedForwardArbiterPUF,10,0.85,0.00334,0.9999944221844439,0.96722
XORFeedForwardArbiterPUF,10,0.86,0.00342,0.9999941517828991,0.9677
XORFeedForwardArbiterPUF,10,0.87,0.00336,0.9999943551840679,0.96827
XORFeedForwardArbiterPUF,10,0.88,0.00356,0.9999936631799223,0.96895
XORFeedForwardArbiterPUF,10,0.89,0.00356,0.9999936631799222,0.96953
XORFeedForwardArbiterPUF,10,0.9,0.00376,0.9999929311750159,0.97011
XORFeedForwardArbiterPUF,10,0.91,0.0034,0.9999942199832959,0.97075
XORFeedForwardArbiterPUF,10,0.92,0.00322,0.9999948157865619,0.97134
XORFeedForwardArbiterPUF,10,0.93,0.00306,0.9999953181890404,0.9719
XORFeedForwardArbiterPUF,10,0.94,0.00304,0.999995379189324,0.97245
XORFeedForwardArbiterPUF,10,0.95,0.00314,0.9999950701878484,0.97328
XORFeedForwardArbiterPUF,10,0.96,0.00332,0.9999944887848132,0.97405
XORFeedForwardArbiterPUF,10,0.97,0.00332,0.9999944887848132,0.97473
XORFeedForwardArbiterPUF,10,0.98,0.00304,0.999995379189324,0.97547
XORFeedForwardArbiterPUF,10,0.99,0.00298,0.9999955597901421,0.97632
XORFeedForwardArbiterPUF,10,1.0,0.00288,0.9999958527914004,0.97695
XORFeedForwardArbiterPUF,10,1.01,0.00292,0.9999957367909124,0.97747
XORFeedForwardArbiterPUF,10,1.02,0.00262,0.9999965677941101,0.97808
XORFeedForwardArbiterPUF,10,1.03,0.00288,0.9999958527914004,0.97883
XORFeedForwardArbiterPUF,10,1.04,0.00276,0.9999961911927466,0.97941
XORFeedForwardArbiterPUF,10,1.05,0.00298,0.9999955597901421,0.9801
XORFeedForwardArbiterPUF,10,1.06,0.00278,0.9999961357925339,0.98062
XORFeedForwardArbiterPUF,10,1.07,0.00308,0.999995256788751,0.98135
XORFeedForwardArbiterPUF,10,1.08,0.00308,0.999995256788751,0.98185
XORFeedForwardArbiterPUF,10,1.09,0.00348,0.9999939447816674,0.98263
XORFeedForwardArbiterPUF,10,1.1,0.00354,0.9999937341803696,0.98332
XORFeedForwardArbiterPUF,10,1.11,0.0035,0.9999938749812423,0.98396
XORFeedForwardArbiterPUF,10,1.12,0.00374,0.9999930061755432,0.98464
XORFeedForwardArbiterPUF,10,1.13,0.00376,0.9999929311750158,0.98521
XORFeedForwardArbiterPUF,10,1.14,0.0036,0.9999935199790048,0.98595
XORFeedForwardArbiterPUF,10,1.15,0.00354,0.9999937341803696,0.98668
XORFeedForwardArbiterPUF,10,1.16,0.0038,0.9999927799739354,0.98737
XORFeedForwardArbiterPUF,10,1.17,0.00354,0.9999937341803696,0.98792
XORFeedForwardArbiterPUF,10,1.18,0.00376,0.9999929311750159,0.98867
XORFeedForwardArbiterPUF,10,1.19,0.00358,0.9999935917794672,0.98938
XORFeedForwardArbiterPUF,10,1.2,0.00364,0.999993375178056,0.98983
XORFeedForwardArbiterPUF,10,1.21,0.0036,0.9999935199790048,0.99047
XORFeedForwardArbiterPUF,10,1.22,0.00348,0.9999939447816673,0.99113
XORFeedForwardArbiterPUF,10,1.23,0.00374,0.9999930061755432,0.99174
XORFeedForwardArbiterPUF,10,1.24,0.00348,0.9999939447816673,0.99237
XORFeedForwardArbiterPUF,10,1.25,0.00346,0.999994014182085,0.99312
XORFeedForwardArbiterPUF,10,1.26,0.00344,0.9999940831824957,0.99377
XORFeedForwardArbiterPUF,10,1.27,0.0038,0.9999927799739354,0.99453
XORFeedForwardArbiterPUF,10,1.28,0.00374,0.9999930061755433,0.99522
XORFeedForwardArbiterPUF,10,1.29,0.00398,0.999992079768635,0.9959
XORFeedForwardArbiterPUF,10,1.3,0.00396,0.9999921591692607,0.99657
XORFeedForwardArbiterPUF,10,1.31,0.00388,0.9999924727716702,0.99725
XORFeedForwardArbiterPUF,10,1.32,0.00406,0.9999917581660359,0.99782
XORFeedForwardArbiterPUF,10,1.33,0.00378,0.9999928557744799,0.9984
XORFeedForwardArbiterPUF,10,1.34,0.00378,0.9999928557744799,0.9992
XORFeedForwardArbiterPUF,10,1.35,0.0039,0.9999923949710818,1.0
XORFeedForwardArbiterPUF,10,1.36,0.00396,0.9999921591692607,0.99937
XORFeedForwardArbiterPUF,10,1.37,0.0043,0.9999907549572646,0.99862
XORFeedForwardArbiterPUF,10,1.38,0.00422,0.9999910957603572,0.99792
XORFeedForwardArbiterPUF,10,1.39,0.00406,0.999991758166036,0.9973
XORFeedForwardArbiterPUF,10,1.4,0.00396,0.9999921591692607,0.99659
XORFeedForwardArbiterPUF,10,1.41,0.00394,0.999992238169877,0.99588
XORFeedForwardArbiterPUF,10,1.42,0.00384,0.9999926271728209,0.99511
XORFeedForwardArbiterPUF,10,1.43,0.0041,0.9999915949646777,0.99446
XORFeedForwardArbiterPUF,10,1.44,0.00408,0.999991676765362,0.99365
XORFeedForwardArbiterPUF,10,1.45,0.004,0.9999919999679996,0.99289
XORFeedForwardArbiterPUF,10,1.46,0.00392,0.9999923167704838,0.99217
XORFeedForwardArbiterPUF,10,1.47,0.004,0.9999919999679996,0.99155
XORFeedForwardArbiterPUF,10,1.48,0.00398,0.999992079768635,0.99078
XORFeedForwardArbiterPUF,10,1.49,0.00372,0.9999930807760621,0.99003
XORFeedForwardArbiterPUF,10,1.5,0.00376,0.9999929311750159,0.98941
XORFeedForwardArbiterPUF,10,1.51,0.00376,0.999992931175016,0.98863
XORFeedForwardArbiterPUF,10,1.52,0.0038,0.9999927799739354,0.98783
XORFeedForwardArbiterPUF,10,1.53,0.0039,0.9999923949710818,0.98712
XORFeedForwardArbiterPUF,10,1.54,0.00388,0.9999924727716704,0.98641
XORFeedForwardArbiterPUF,10,1.55,0.00386,0.99999255017225,0.98566
XORFeedForwardArbiterPUF,10,1.56,0.00388,0.9999924727716702,0.98505
XORFeedForwardArbiterPUF,10,1.57,0.00364,0.999993375178056,0.98423
XORFeedForwardArbiterPUF,10,1.58,0.00388,0.9999924727716702,0.98353
XORFeedForwardArbiterPUF,10,1.59,0.00374,0.9999930061755433,0.98294
XORFeedForwardArbiterPUF,10,1.6,0.00364,0.999993375178056,0.98221
XORFeedForwardArbiterPUF,10,1.61,0.00346,0.9999940141820851,0.98146
XORFeedForwardArbiterPUF,10,1.62,0.00346,0.9999940141820851,0.9807
XORFeedForwardArbiterPUF,10,1.63,0.0035,0.9999938749812423,0.98002
XORFeedForwardArbiterPUF,10,1.64,0.00366,0.9999933021775694,0.97936
XORFeedForwardArbiterPUF,10,1.65,0.00356,0.9999936631799223,0.97863
XORFeedForwardArbiterPUF,10,1.66,0.00342,0.9999941517828991,0.97784
XORFeedForwardArbiterPUF,10,1.67,0.00324,0.9999947511862249,0.97719
XORFeedForwardArbiterPUF,10,1.68,0.00324,0.9999947511862248,0.97647
XORFeedForwardArbiterPUF,10,1.69,0.00324,0.999994751186225,0.97581
XORFeedForwardArbiterPUF,10,1.7,0.00302,0.9999954397896021,0.97508
XORFeedForwardArbiterPUF,10,1.71,0.00296,0.9999956191904044,0.97417
XORFeedForwardArbiterPUF,10,1.72,0.00286,0.9999959101916368,0.97344
XORFeedForwardArbiterPUF,10,1.73,0.00304,0.999995379189324,0.97275
XORFeedForwardArbiterPUF,10,1.74,0.00316,0.9999950071875359,0.97213
XORFeedForwardArbiterPUF,10,1.75,0.00318,0.9999949437872174,0.97136
XORFeedForwardArbiterPUF,10,1.76,0.00348,0.9999939447816673,0.97067
XORFeedForwardArbiterPUF,10,1.77,0.00368,0.9999932287770752,0.97001
XORFeedForwardArbiterPUF,10,1.78,0.00336,0.9999943551840679,0.96925
XORFeedForwardArbiterPUF,10,1.79,0.00344,0.9999940831824957,0.96861
XORFeedForwardArbiterPUF,10,1.8,0.00332,0.9999944887848132,0.96793
XORFeedForwardArbiterPUF,10,1.81,0.0034,0.9999942199832957,0.96729
XORFeedForwardArbiterPUF,10,1.82,0.00374,0.9999930061755433,0.96642
XORFeedForwardArbiterPUF,10,1.83,0.0038,0.9999927799739355,0.96571
XORFeedForwardArbiterPUF,10,1.84,0.004,0.9999919999679996,0.96497
XORFeedForwardArbiterPUF,10,1.85,0.00402,0.9999919197673548,0.96426
XORFeedForwardArbiterPUF,10,1.86,0.00422,0.9999910957603572,0.96366
XORFeedForwardArbiterPUF,10,1.87,0.00426,0.9999909261588326,0.96298
XORFeedForwardArbiterPUF,10,1.88,0.00428,0.9999908407580541,0.96215
XORFeedForwardArbiterPUF,10,1.89,0.0042,0.9999911799611033,0.96135
XORFeedForwardArbiterPUF,10,1.9,0.00428,0.999990840758054,0.96065
XORFeedForwardArbiterPUF,10,1.91,0.0041,0.9999915949646777,0.9599
XORFeedForwardArbiterPUF,10,1.92,0.004,0.9999919999679996,0.95921
XORFeedForwardArbiterPUF,10,1.93,0.00424,0.9999910111596003,0.95851
XORFeedForwardArbiterPUF,10,1.94,0.0045,0.9999898749487417,0.95792
XORFeedForwardArbiterPUF,10,1.95,0.00474,0.9999887661369005,0.95724
XORFeedForwardArbiterPUF,10,1.96,0.00474,0.9999887661369005,0.95662
XORFeedForwardArbiterPUF,10,1.97,0.00464,0.9999892351420588,0.95591
XORFeedForwardArbiterPUF,10,1.98,0.00452,0.9999897847478244,0.95529
XORFeedForwardArbiterPUF,10,1.99,0.00466,0.9999891421410536,0.95454
XORFeedForwardArbiterPUF,10,2.0,0.00458,0.9999895117449983,0.95394
XORFeedForwardArbiterPUF,10,2.01,0.00486,0.9999881901302636,0.95318
XORFeedForwardArbiterPUF,10,2.02,0.00478,0.9999885757347432,0.95242
XORFeedForwardArbiterPUF,10,2.03,0.00462,0.9999893277430515,0.9518
XORFeedForwardArbiterPUF,10,2.04,0.0046,0.9999894199440309,0.95125
XORFeedForwardArbiterPUF,10,2.05,0.00446,0.9999900541505401,0.95054
XORFeedForwardArbiterPUF,10,2.06,0.00424,0.9999910111596004,0.94983
XORFeedForwardArbiterPUF,10,2.07,0.00404,0.9999918391667005,0.94915
XORFeedForwardArbiterPUF,10,2.08,0.00376,0.9999929311750159,0.94855
XORFeedForwardArbiterPUF,10,2.09,0.00382,0.9999927037733823,0.94794
XORFeedForwardArbiterPUF,10,2.1,0.00398,0.9999920797686351,0.94734
XORFeedForwardArbiterPUF,10,2.11,0.00394,0.999992238169877,0.94662
XORFeedForwardArbiterPUF,10,2.12,0.0041,0.9999915949646777,0.94586
XORFeedForwardArbiterPUF,10,2.13,0.00416,0.9999913471625642,0.94509
XORFeedForwardArbiterPUF,10,2.14,0.00434,0.9999905821556523,0.94442
XORFeedForwardArbiterPUF,10,2.15,0.00412,0.9999915127639835,0.94371
XORFeedForwardArbiterPUF,10,2.16,0.00426,0.9999909261588326,0.94304
XORFeedForwardArbiterPUF,10,2.17,0.00414,0.999991430163279,0.94238
XORFeedForwardArbiterPUF,10,2.18,0.00408,0.999991676765362,0.94165
XORFeedForwardArbiterPUF,10,2.19,0.00392,0.9999923167704838,0.94101
XORFeedForwardArbiterPUF,10,2.2,0.00388,0.9999924727716704,0.94041
XORFeedForwardArbiterPUF,10,2.21,0.0041,0.9999915949646777,0.93976
XORFeedForwardArbiterPUF,10,2.22,0.0037,0.9999931549765728,0.93906
XORFeedForwardArbiterPUF,10,2.23,0.00394,0.9999922381698769,0.93852
XORFeedForwardArbiterPUF,10,2.24,0.00386,0.99999255017225,0.93788
XORFeedForwardArbiterPUF,10,2.25,0.00404,0.9999918391667004,0.93715
XORFeedForwardArbiterPUF,10,2.26,0.0037,0.9999931549765729,0.9365
XORFeedForwardArbiterPUF,10,2.27,0.00348,0.9999939447816673,0.93587
XORFeedForwardArbiterPUF,10,2.28,0.00362,0.9999934477785342,0.93512
XORFeedForwardArbiterPUF,10,2.29,0.00342,0.999994151782899,0.93442
XORFeedForwardArbiterPUF,10,2.3,0.0036,0.9999935199790049,0.93381
XORFeedForwardArbiterPUF,10,2.31,0.00362,0.9999934477785342,0.93324
XORFeedForwardArbiterPUF,10,2.32,0.0037,0.9999931549765728,0.93266
XORFeedForwardArbiterPUF,10,2.33,0.00384,0.9999926271728209,0.93185
XORFeedForwardArbiterPUF,10,2.34,0.0039,0.9999923949710817,0.93106
XORFeedForwardArbiterPUF,10,2.35,0.00362,0.9999934477785343,0.93036
XORFeedForwardArbiterPUF,10,2.36,0.0037,0.9999931549765728,0.92958
XORFeedForwardArbiterPUF,10,2.37,0.0037,0.9999931549765728,0.92892
XORFeedForwardArbiterPUF,10,2.38,0.00402,0.9999919197673547,0.92826
XORFeedForwardArbiterPUF,10,2.39,0.0041,0.9999915949646776,0.9275
XORFeedForwardArbiterPUF,10,2.4,0.00414,0.999991430163279,0.92688
XORFeedForwardArbiterPUF,10,2.41,0.00408,0.9999916767653622,0.92617
XORFeedForwardArbiterPUF,10,2.42,0.00402,0.9999919197673548,0.9256
XORFeedForwardArbiterPUF,10,2.43,0.00404,0.9999918391667005,0.92487
XORFeedForwardArbiterPUF,10,2.44,0.00424,0.9999910111596004,0.92429
XORFeedForwardArbiterPUF,10,2.45,0.00406,0.999991758166036,0.9234
XORFeedForwardArbiterPUF,10,2.46,0.004,0.9999919999679996,0.92263
XORFeedForwardArbiterPUF,10,2.47,0.0043,0.9999907549572646,0.92186
XORFeedForwardArbiterPUF,10,2.48,0.00402,0.9999919197673548,0.92134
XORFeedForwardArbiterPUF,10,2.49,0.00372,0.9999930807760621,0.92057
XORFeedForwardArbiterPUF,10,2.5,0.0038,0.9999927799739355,0.91987
XORFeedForwardArbiterPUF,10,2.51,0.00384,0.9999926271728209,0.91913
XORFeedForwardArbiterPUF,10,2.52,0.00382,0.9999927037733823,0.91842
XORFeedForwardArbiterPUF,10,2.53,0.0041,0.9999915949646776,0.91768
XORFeedForwardArbiterPUF,10,2.54,0.0043,0.9999907549572646,0.91704
XORFeedForwardArbiterPUF,10,2.55,0.00424,0.9999910111596003,0.91625
XORFeedForwardArbiterPUF,10,2.56,0.0045,0.9999898749487417,0.91562
XORFeedForwardArbiterPUF,10,2.57,0.00456,0.9999896031459526,0.91497
XORFeedForwardArbiterPUF,10,2.58,0.00442,0.9999902317522907,0.91426
XORFeedForwardArbiterPUF,10,2.59,0.00432,0.9999906687564641,0.91361
XORFeedForwardArbiterPUF,10,2.6,0.00438,0.9999904077539944,0.91288
XORFeedForwardArbiterPUF,10,2.61,0.0046,0.9999894199440311,0.91231
XORFeedForwardArbiterPUF,10,2.62,0.00446,0.9999900541505401,0.91172
XORFeedForwardArbiterPUF,10,2.63,0.00436,0.9999904951548289,0.91109
XORFeedForwardArbiterPUF,10,2.64,0.00446,0.99999005415054,0.9104
XORFeedForwardArbiterPUF,10,2.65,0.00478,0.9999885757347432,0.90978
XORFeedForwardArbiterPUF,10,2.66,0.00486,0.9999881901302635,0.90904
XORFeedForwardArbiterPUF,10,2.67,0.00478,0.9999885757347431,0.9084
XORFeedForwardArbiterPUF,10,2.68,0.00488,0.9999880927291086,0.90759
XORFeedForwardArbiterPUF,10,2.69,0.00474,0.9999887661369004,0.90694
XORFeedForwardArbiterPUF,10,2.7,0.00498,0.9999875997231166,0.9062
XORFeedForwardArbiterPUF,10,2.71,0.00484,0.9999882871314043,0.90547
XORFeedForwardArbiterPUF,10,2.72,0.00458,0.9999895117449983,0.90478
XORFeedForwardArbiterPUF,10,2.73,0.00466,0.9999891421410535,0.90416
XORFeedForwardArbiterPUF,10,2.74,0.0047,0.9999889549390032,0.90354
XORFeedForwardArbiterPUF,10,2.75,0.00478,0.9999885757347432,0.90272
XORFeedForwardArbiterPUF,10,2.76,0.00444,0.9999901431514212,0.90205
XORFeedForwardArbiterPUF,10,2.77,0.00414,0.9999914301632788,0.90132
XORFeedForwardArbiterPUF,10,2.78,0.00426,0.9999909261588327,0.90058
XORFeedForwardArbiterPUF,10,2.79,0.00412,0.9999915127639833,0.89985
XORFeedForwardArbiterPUF,10,2.8,0.00366,0.9999933021775695,0.89934
XORFeedForwardArbiterPUF,10,2.81,0.00344,0.9999940831824957,0.89861
XORFeedForwardArbiterPUF,10,2.82,0.00342,0.9999941517828991,0.89788
XORFeedForwardArbiterPUF,10,2.83,0.00326,0.9999946861858817,0.89734
XORFeedForwardArbiterPUF,10,2.84,0.00334,0.999994422184444,0.89684
XORFeedForwardArbiterPUF,10,2.85,0.0034,0.9999942199832959,0.89619
XORFeedForwardArbiterPUF,10,2.86,0.0033,0.9999945549851761,0.89552
XORFeedForwardArbiterPUF,10,2.87,0.00348,0.9999939447816673,0.89477
XORFeedForwardArbiterPUF,10,2.88,0.0033,0.999994554985176,0.89406
XORFeedForwardArbiterPUF,10,2.89,0.00352,0.9999938047808097,0.89341
XORFeedForwardArbiterPUF,10,2.9,0.00376,0.9999929311750158,0.89283
XORFeedForwardArbiterPUF,10,2.91,0.00364,0.999993375178056,0.89217
XORFeedForwardArbiterPUF,10,2.92,0.0036,0.9999935199790048,0.89147
XORFeedForwardArbiterPUF,10,2.93,0.0034,0.9999942199832957,0.89079
XORFeedForwardArbiterPUF,10,2.94,0.0035,0.9999938749812421,0.89022
XORFeedForwardArbiterPUF,10,2.95,0.0034,0.9999942199832957,0.88963
XORFeedForwardArbiterPUF,10,2.96,0.0032,0.999994879986893,0.88889
XORFeedForwardArbiterPUF,10,2.97,0.0035,0.9999938749812421,0.8881
XORFeedForwardArbiterPUF,10,2.98,0.00374,0.9999930061755433,0.8873
XORFeedForwardArbiterPUF,10,2.99,0.0037,0.9999931549765729,0.88664
XORFeedForwardArbiterPUF,10,3.0,0.00354,0.9999937341803697,0.88596
XORFeedForwardArbiterPUF,15,0.5,0.004,0.9999919999679996,0.94858
XORFeedForwardArbiterPUF,15,0.51,0.00426,0.9999909261588324,0.94901
XORFeedForwardArbiterPUF,15,0.52,0.0042,0.9999911799611033,0.94944
XORFeedForwardArbiterPUF,15,0.53,0.00388,0.9999924727716704,0.95
XORFeedForwardArbiterPUF,15,0.54,0.00398,0.9999920797686351,0.95051
XORFeedForwardArbiterPUF,15,0.55,0.00404,0.9999918391667004,0.95112
XORFeedForwardArbiterPUF,15,0.56,0.0038,0.9999927799739353,0.95176
XORFeedForwardArbiterPUF,15,0.57,0.00372,0.9999930807760621,0.95226
XORFeedForwardArbiterPUF,15,0.58,0.0036,0.9999935199790047,0.9528
XORFeedForwardArbiterPUF,15,0.59,0.00374,0.9999930061755432,0.95335
XORFeedForwardArbiterPUF,15,0.6,0.00362,0.999993447778534,0.95379
XORFeedForwardArbiterPUF,15,0.61,0.00352,0.9999938047808097,0.9543
XORFeedForwardArbiterPUF,15,0.62,0.00362,0.9999934477785343,0.95477
XORFeedForwardArbiterPUF,15,0.63,0.00368,0.9999932287770751,0.95524
XORFeedForwardArbiterPUF,15,0.64,0.004,0.9999919999679995,0.95588
XORFeedForwardArbiterPUF,15,0.65,0.00394,0.9999922381698769,0.95641
XORFeedForwardArbiterPUF,15,0.66,0.0039,0.9999923949710818,0.95705
XORFeedForwardArbiterPUF,15,0.67,0.00372,0.9999930807760621,0.9576
XORFeedForwardArbiterPUF,15,0.68,0.00394,0.9999922381698769,0.95813
XORFeedForwardArbiterPUF,15,0.69,0.00374,0.9999930061755432,0.95879
XORFeedForwardArbiterPUF,15,0.7,0.00396,0.9999921591692607,0.95934
XORFeedForwardArbiterPUF,15,0.71,0.004,0.9999919999679996,0.95986
XORFeedForwardArbiterPUF,15,0.72,0.00392,0.9999923167704838,0.96048
XORFeedForwardArbiterPUF,15,0.73,0.0039,0.9999923949710817,0.96097
XORFeedForwardArbiterPUF,15,0.74,0.00386,0.9999925501722501,0.96147
XORFeedForwardArbiterPUF,15,0.75,0.00388,0.9999924727716702,0.962
XORFeedForwardArbiterPUF,15,0.76,0.00368,0.9999932287770751,0.96268
XORFeedForwardArbiterPUF,15,0.77,0.00356,0.9999936631799222,0.96324
XORFeedForwardArbiterPUF,15,0.78,0.00348,0.9999939447816673,0.96386
XORFeedForwardArbiterPUF,15,0.79,0.00346,0.9999940141820851,0.96461
XORFeedForwardArbiterPUF,15,0.8,0.00352,0.9999938047808097,0.96524
XORFeedForwardArbiterPUF,15,0.81,0.00382,0.9999927037733825,0.96589
XORFeedForwardArbiterPUF,15,0.82,0.0037,0.9999931549765728,0.96653
XORFeedForwardArbiterPUF,15,0.83,0.00394,0.9999922381698769,0.96703
XORFeedForwardArbiterPUF,15,0.84,0.00384,0.9999926271728209,0.96748
XORFeedForwardArbiterPUF,15,0.85,0.0037,0.999993154976573,0.96803
XORFeedForwardArbiterPUF,15,0.86,0.00342,0.9999941517828991,0.96869
XORFeedForwardArbiterPUF,15,0.87,0.00336,0.999994355184068,0.96926
XORFeedForwardArbiterPUF,15,0.88,0.00342,0.9999941517828991,0.96969
XORFeedForwardArbiterPUF,15,0.89,0.00334,0.9999944221844439,0.97029
XORFeedForwardArbiterPUF,15,0.9,0.0036,0.9999935199790047,0.97094
XORFeedForwardArbiterPUF,15,0.91,0.00358,0.9999935917794673,0.97149
XORFeedForwardArbiterPUF,15,0.92,0.00372,0.9999930807760622,0.97212
XORFeedForwardArbiterPUF,15,0.93,0.00338,0.9999942877836854,0.97273
XORFeedForwardArbiterPUF,15,0.94,0.00324,0.9999947511862249,0.97334
XORFeedForwardArbiterPUF,15,0.95,0.0031,0.999995194988456,0.97389
XORFeedForwardArbiterPUF,15,0.96,0.003,0.9999954999898749,0.97444
XORFeedForwardArbiterPUF,15,0.97,0.00308,0.999995256788751,0.97524
XORFeedForwardArbiterPUF,15,0.98,0.00326,0.9999946861858818,0.97603
XORFeedForwardArbiterPUF,15,0.99,0.0033,0.999994554985176,0.97667
XORFeedForwardArbiterPUF,15,1.0,0.00312,0.9999951327881553,0.9774
XORFeedForwardArbiterPUF,15,1.01,0.00308,0.999995256788751,0.97814
XORFeedForwardArbiterPUF,15,1.02,0.00294,0.999995678190661,0.97885
XORFeedForwardArbiterPUF,15,1.03,0.00296,0.9999956191904043,0.97938
XORFeedForwardArbiterPUF,15,1.04,0.00264,0.9999965151939281,0.98
XORFeedForwardArbiterPUF,15,1.05,0.0029,0.999995794991159,0.98073
XORFeedForwardArbiterPUF,15,1.06,0.00278,0.999996135792534,0.98127
XORFeedForwardArbiterPUF,15,1.07,0.00282,0.9999960237920948,0.98197
XORFeedForwardArbiterPUF,15,1.08,0.00276,0.9999961911927466,0.98254
XORFeedForwardArbiterPUF,15,1.09,0.00302,0.9999954397896023,0.98315
XORFeedForwardArbiterPUF,15,1.1,0.00306,0.9999953181890404,0.98375
XORFeedForwardArbiterPUF,15,1.11,0.00346,0.999994014182085,0.98441
XORFeedForwardArbiterPUF,15,1.12,0.0034,0.9999942199832957,0.98512
XORFeedForwardArbiterPUF,15,1.13,0.00348,0.9999939447816673,0.98582
XORFeedForwardArbiterPUF,15,1.14,0.00366,0.9999933021775694,0.98639
XORFeedForwardArbiterPUF,15,1.15,0.00374,0.9999930061755432,0.98705
XORFeedForwardArbiterPUF,15,1.16,0.00392,0.9999923167704838,0.9877
XORFeedForwardArbiterPUF,15,1.17,0.00346,0.9999940141820851,0.98845
XORFeedForwardArbiterPUF,15,1.18,0.00368,0.9999932287770751,0.98916
XORFeedForwardArbiterPUF,15,1.19,0.00368,0.9999932287770752,0.98968
XORFeedForwardArbiterPUF,15,1.2,0.00358,0.9999935917794672,0.99035
XORFeedForwardArbiterPUF,15,1.21,0.00378,0.9999928557744799,0.99103
XORFeedForwardArbiterPUF,15,1.22,0.00354,0.9999937341803697,0.99167
XORFeedForwardArbiterPUF,15,1.23,0.00366,0.9999933021775697,0.99225
XORFeedForwardArbiterPUF,15,1.24,0.0036,0.9999935199790048,0.9928
XORFeedForwardArbiterPUF,15,1.25,0.00358,0.9999935917794672,0.99339
XORFeedForwardArbiterPUF,15,1.26,0.00372,0.9999930807760621,0.99402
XORFeedForwardArbiterPUF,15,1.27,0.0035,0.9999938749812423,0.99471
XORFeedForwardArbiterPUF,15,1.28,0.00348,0.9999939447816673,0.99538
XORFeedForwardArbiterPUF,15,1.29,0.00346,0.9999940141820851,0.99607
XORFeedForwardArbiterPUF,15,1.3,0.0038,0.9999927799739353,0.99678
XORFeedForwardArbiterPUF,15,1.31,0.00378,0.9999928557744799,0.99739
XORFeedForwardArbiterPUF,15,1.32,0.004,0.9999919999679996,0.99812
XORFeedForwardArbiterPUF,15,1.33,0.00386,0.99999255017225,0.99877
XORFeedForwardArbiterPUF,15,1.34,0.00396,0.9999921591692605,0.99942
XORFeedForwardArbiterPUF,15,1.35,0.004,0.9999919999679996,1.0
XORFeedForwardArbiterPUF,15,1.36,0.00376,0.9999929311750159,0.99944
XORFeedForwardArbiterPUF,15,1.37,0.00378,0.9999928557744799,0.99865
XORFeedForwardArbiterPUF,15,1.38,0.0039,0.9999923949710818,0.99785
XORFeedForwardArbiterPUF,15,1.39,0.00398,0.9999920797686351,0.99725
XORFeedForwardArbiterPUF,15,1.4,0.00426,0.9999909261588327,0.99653
XORFeedForwardArbiterPUF,15,1.41,0.00424,0.9999910111596003,0.99584
XORFeedForwardArbiterPUF,15,1.42,0.00414,0.999991430163279,0.99523
XORFeedForwardArbiterPUF,15,1.43,0.00404,0.9999918391667005,0.9945
XORFeedForwardArbiterPUF,15,1.44,0.00398,0.999992079768635,0.99383
XORFeedForwardArbiterPUF,15,1.45,0.00378,0.99999285577448,0.99311
XORFeedForwardArbiterPUF,15,1.46,0.00402,0.9999919197673547,0.99241
XORFeedForwardArbiterPUF,15,1.47,0.00408,0.999991676765362,0.9917
XORFeedForwardArbiterPUF,15,1.48,0.00406,0.999991758166036,0.99093
XORFeedForwardArbiterPUF,15,1.49,0.00378,0.9999928557744799,0.99019
XORFeedForwardArbiterPUF,15,1.5,0.004,0.9999919999679995,0.98958
XORFeedForwardArbiterPUF,15,1.51,0.00392,0.9999923167704838,0.98892
XORFeedForwardArbiterPUF,15,1.52,0.0038,0.9999927799739355,0.98814
XORFeedForwardArbiterPUF,15,1.53,0.00378,0.9999928557744799,0.98753
XORFeedForwardArbiterPUF,15,1.54,0.00382,0.9999927037733825,0.98683
XORFeedForwardArbiterPUF,15,1.55,0.0038,0.9999927799739355,0.98602
XORFeedForwardArbiterPUF,15,1.56,0.00376,0.9999929311750158,0.98528
XORFeedForwardArbiterPUF,15,1.57,0.00402,0.9999919197673547,0.98465
XORFeedForwardArbiterPUF,15,1.58,0.00386,0.9999925501722502,0.98391
XORFeedForwardArbiterPUF,15,1.59,0.00392,0.9999923167704838,0.98316
XORFeedForwardArbiterPUF,15,1.6,0.00378,0.9999928557744799,0.98257
XORFeedForwardArbiterPUF,15,1.61,0.00374,0.9999930061755433,0.98181
XORFeedForwardArbiterPUF,15,1.62,0.00388,0.9999924727716704,0.9811
XORFeedForwardArbiterPUF,15,1.63,0.00358,0.9999935917794672,0.98057
XORFeedForwardArbiterPUF,15,1.64,0.00358,0.9999935917794673,0.97981
XORFeedForwardArbiterPUF,15,1.65,0.0035,0.9999938749812421,0.97897
XORFeedForwardArbiterPUF,15,1.66,0.00356,0.9999936631799223,0.97832
XORFeedForwardArbiterPUF,15,1.67,0.0034,0.9999942199832957,0.97778
XORFeedForwardArbiterPUF,15,1.68,0.00374,0.9999930061755432,0.97703
XORFeedForwardArbiterPUF,15,1.69,0.00354,0.9999937341803695,0.97633
XORFeedForwardArbiterPUF,15,1.7,0.00328,0.9999946207855321,0.97558
XORFeedForwardArbiterPUF,15,1.71,0.00344,0.9999940831824957,0.9749
XORFeedForwardArbiterPUF,15,1.72,0.00318,0.9999949437872174,0.97421
XORFeedForwardArbiterPUF,15,1.73,0.00312,0.9999951327881552,0.97358
XORFeedForwardArbiterPUF,15,1.74,0.00302,0.9999954397896021,0.97279
XORFeedForwardArbiterPUF,15,1.75,0.00288,0.9999958527914004,0.97194
XORFeedForwardArbiterPUF,15,1.76,0.00284,0.9999959671918682,0.97124
XORFeedForwardArbiterPUF,15,1.77,0.00292,0.9999957367909125,0.97054
XORFeedForwardArbiterPUF,15,1.78,0.0032,0.9999948799868928,0.96996
XORFeedForwardArbiterPUF,15,1.79,0.00314,0.9999950701878484,0.96925
XORFeedForwardArbiterPUF,15,1.8,0.00354,0.9999937341803696,0.96851
XORFeedForwardArbiterPUF,15,1.81,0.00362,0.9999934477785342,0.96787
XORFeedForwardArbiterPUF,15,1.82,0.0034,0.9999942199832959,0.96718
XORFeedForwardArbiterPUF,15,1.83,0.0034,0.9999942199832957,0.96652
XORFeedForwardArbiterPUF,15,1.84,0.0033,0.999994554985176,0.96585
XORFeedForwardArbiterPUF,15,1.85,0.00342,0.9999941517828991,0.96523
XORFeedForwardArbiterPUF,15,1.86,0.00374,0.9999930061755433,0.96437
XORFeedForwardArbiterPUF,15,1.87,0.00374,0.9999930061755433,0.96367
XORFeedForwardArbiterPUF,15,1.88,0.00396,0.9999921591692607,0.96296
XORFeedForwardArbiterPUF,15,1.89,0.00404,0.9999918391667004,0.96224
XORFeedForwardArbiterPUF,15,1.9,0.00406,0.999991758166036,0.96167
XORFeedForwardArbiterPUF,15,1.91,0.00422,0.9999910957603572,0.96099
XORFeedForwardArbiterPUF,15,1.92,0.00424,0.9999910111596004,0.9602
XORFeedForwardArbiterPUF,15,1.93,0.00416,0.9999913471625642,0.95942
XORFeedForwardArbiterPUF,15,1.94,0.0043,0.9999907549572646,0.95869
XORFeedForwardArbiterPUF,15,1.95,0.0043,0.9999907549572646,0.95803
XORFeedForwardArbiterPUF,15,1.96,0.00406,0.999991758166036,0.95731
XORFeedForwardArbiterPUF,15,1.97,0.00416,0.9999913471625641,0.95662
XORFeedForwardArbiterPUF,15,1.98,0.00446,0.9999900541505401,0.95605
XORFeedForwardArbiterPUF,15,1.99,0.00458,0.9999895117449982,0.95545
XORFeedForwardArbiterPUF,15,2.0,0.00486,0.9999881901302635,0.95477
XORFeedForwardArbiterPUF,15,2.01,0.00464,0.999989235142059,0.95414
XORFeedForwardArbiterPUF,15,2.02,0.0046,0.9999894199440311,0.95348
XORFeedForwardArbiterPUF,15,2.03,0.00454,0.9999896941468946,0.95271
XORFeedForwardArbiterPUF,15,2.04,0.00472,0.9999888607379586,0.95216
XORFeedForwardArbiterPUF,15,2.05,0.00488,0.9999880927291085,0.9515
XORFeedForwardArbiterPUF,15,2.06,0.0047,0.9999889549390032,0.95087
XORFeedForwardArbiterPUF,15,2.07,0.00476,0.9999886711358286,0.95016
XORFeedForwardArbiterPUF,15,2.08,0.00472,0.9999888607379585,0.9496
XORFeedForwardArbiterPUF,15,2.09,0.00456,0.9999896031459526,0.94896
XORFeedForwardArbiterPUF,15,2.1,0.00428,0.9999908407580541,0.94822
XORFeedForwardArbiterPUF,15,2.11,0.00404,0.9999918391667005,0.94754
XORFeedForwardArbiterPUF,15,2.12,0.0038,0.9999927799739354,0.94694
XORFeedForwardArbiterPUF,15,2.13,0.0037,0.9999931549765728,0.94641
XORFeedForwardArbiterPUF,15,2.14,0.00382,0.9999927037733825,0.94575
XORFeedForwardArbiterPUF,15,2.15,0.00402,0.9999919197673549,0.94511
XORFeedForwardArbiterPUF,15,2.16,0.0039,0.9999923949710817,0.94441
XORFeedForwardArbiterPUF,15,2.17,0.00408,0.9999916767653622,0.94366
XORFeedForwardArbiterPUF,15,2.18,0.0043,0.9999907549572646,0.94295
XORFeedForwardArbiterPUF,15,2.19,0.00416,0.9999913471625642,0.9423
XORFeedForwardArbiterPUF,15,2.2,0.00412,0.9999915127639833,0.94162
XORFeedForwardArbiterPUF,15,2.21,0.00434,0.9999905821556522,0.94099
XORFeedForwardArbiterPUF,15,2.22,0.00408,0.999991676765362,0.94034
XORFeedForwardArbiterPUF,15,2.23,0.0041,0.9999915949646777,0.93961
XORFeedForwardArbiterPUF,15,2.24,0.0038,0.9999927799739355,0.93898
XORFeedForwardArbiterPUF,15,2.25,0.00392,0.9999923167704838,0.9384
XORFeedForwardArbiterPUF,15,2.26,0.00412,0.9999915127639835,0.93776
XORFeedForwardArbiterPUF,15,2.27,0.00374,0.9999930061755433,0.93709
XORFeedForwardArbiterPUF,15,2.28,0.00388,0.9999924727716702,0.93654
XORFeedForwardArbiterPUF,15,2.29,0.0039,0.9999923949710818,0.93589
XORFeedForwardArbiterPUF,15,2.3,0.00404,0.9999918391667004,0.9352
XORFeedForwardArbiterPUF,15,2.31,0.0037,0.9999931549765729,0.93457
XORFeedForwardArbiterPUF,15,2.32,0.00348,0.9999939447816673,0.93398
XORFeedForwardArbiterPUF,15,2.33,0.00362,0.9999934477785342,0.93325
XORFeedForwardArbiterPUF,15,2.34,0.00338,0.9999942877836853,0.93253
XORFeedForwardArbiterPUF,15,2.35,0.00354,0.9999937341803697,0.93203
XORFeedForwardArbiterPUF,15,2.36,0.00366,0.9999933021775695,0.93141
XORFeedForwardArbiterPUF,15,2.37,0.00364,0.999993375178056,0.93086
XORFeedForwardArbiterPUF,15,2.38,0.00374,0.9999930061755433,0.93005
XORFeedForwardArbiterPUF,15,2.39,0.00392,0.9999923167704838,0.9293
XORFeedForwardArbiterPUF,15,2.4,0.00364,0.999993375178056,0.92862
XORFeedForwardArbiterPUF,15,2.41,0.00362,0.9999934477785342,0.92789
XORFeedForwardArbiterPUF,15,2.42,0.0038,0.9999927799739355,0.9271
XORFeedForwardArbiterPUF,15,2.43,0.00388,0.9999924727716702,0.92654
XORFeedForwardArbiterPUF,15,2.44,0.00414,0.9999914301632788,0.92583
XORFeedForwardArbiterPUF,15,2.45,0.00418,0.9999912637618391,0.92527
XORFeedForwardArbiterPUF,15,2.46,0.00392,0.9999923167704838,0.92448
XORFeedForwardArbiterPUF,15,2.47,0.00412,0.9999915127639833,0.9239
XORFeedForwardArbiterPUF,15,2.48,0.004,0.9999919999679996,0.92324
XORFeedForwardArbiterPUF,15,2.49,0.00402,0.9999919197673547,0.92265
XORFeedForwardArbiterPUF,15,2.5,0.00408,0.9999916767653622,0.92178
XORFeedForwardArbiterPUF,15,2.51,0.00408,0.999991676765362,0.92102
XORFeedForwardArbiterPUF,15,2.52,0.00432,0.9999906687564641,0.92028
XORFeedForwardArbiterPUF,15,2.53,0.00422,0.9999910957603572,0.91971
XORFeedForwardArbiterPUF,15,2.54,0.00384,0.9999926271728208,0.91912
XORFeedForwardArbiterPUF,15,2.55,0.0038,0.9999927799739354,0.91838
XORFeedForwardArbiterPUF,15,2.56,0.00372,0.9999930807760621,0.91768
XORFeedForwardArbiterPUF,15,2.57,0.00376,0.9999929311750159,0.91692
XORFeedForwardArbiterPUF,15,2.58,0.004,0.9999919999679996,0.91626
XORFeedForwardArbiterPUF,15,2.59,0.00412,0.9999915127639833,0.91554
XORFeedForwardArbiterPUF,15,2.6,0.0042,0.9999911799611033,0.91484
XORFeedForwardArbiterPUF,15,2.61,0.00432,0.9999906687564641,0.9142
XORFeedForwardArbiterPUF,15,2.62,0.00452,0.9999897847478244,0.91356
XORFeedForwardArbiterPUF,15,2.63,0.00442,0.9999902317522906,0.91291
XORFeedForwardArbiterPUF,15,2.64,0.00436,0.9999904951548289,0.91214
XORFeedForwardArbiterPUF,15,2.65,0.0043,0.9999907549572646,0.91155
XORFeedForwardArbiterPUF,15,2.66,0.00436,0.9999904951548289,0.91088
XORFeedForwardArbiterPUF,15,2.67,0.00462,0.9999893277430516,0.91037
XORFeedForwardArbiterPUF,15,2.68,0.00448,0.9999899647496467,0.90974
XORFeedForwardArbiterPUF,15,2.69,0.00438,0.9999904077539944,0.90917
XORFeedForwardArbiterPUF,15,2.7,0.0045,0.9999898749487417,0.90851
XORFeedForwardArbiterPUF,15,2.71,0.0048,0.9999884799336439,0.9079
XORFeedForwardArbiterPUF,15,2.72,0.00482,0.999988383732531,0.90709
XORFeedForwardArbiterPUF,15,2.73,0.00478,0.9999885757347432,0.90655
XORFeedForwardArbiterPUF,15,2.74,0.00482,0.9999883837325311,0.90571
XORFeedForwardArbiterPUF,15,2.75,0.00478,0.9999885757347431,0.90509
XORFeedForwardArbiterPUF,15,2.76,0.00494,0.9999877981255573,0.90435
XORFeedForwardArbiterPUF,15,2.77,0.00482,0.9999883837325311,0.90363
XORFeedForwardArbiterPUF,15,2.78,0.0046,0.9999894199440311,0.90298
XORFeedForwardArbiterPUF,15,2.79,0.00458,0.9999895117449982,0.90237
XORFeedForwardArbiterPUF,15,2.8,0.00464,0.9999892351420587,0.90178
XORFeedForwardArbiterPUF,15,2.81,0.00464,0.999989235142059,0.90104
XORFeedForwardArbiterPUF,15,2.82,0.0046,0.999989419944031,0.90032
XORFeedForwardArbiterPUF,15,2.83,0.00406,0.999991758166036,0.89963
XORFeedForwardArbiterPUF,15,2.84,0.00442,0.9999902317522907,0.89891
XORFeedForwardArbiterPUF,15,2.85,0.00412,0.9999915127639833,0.89818
XORFeedForwardArbiterPUF,15,2.86,0.00366,0.9999933021775697,0.89775
XORFeedForwardArbiterPUF,15,2.87,0.00338,0.9999942877836853,0.89693
XORFeedForwardArbiterPUF,15,2.88,0.0035,0.9999938749812421,0.89635
XORFeedForwardArbiterPUF,15,2.89,0.00332,0.9999944887848132,0.89568
XORFeedForwardArbiterPUF,15,2.9,0.0032,0.9999948799868928,0.89522
XORFeedForwardArbiterPUF,15,2.91,0.0034,0.9999942199832957,0.89456
XORFeedForwardArbiterPUF,15,2.92,0.00336,0.999994355184068,0.89398
XORFeedForwardArbiterPUF,15,2.93,0.00348,0.9999939447816671,0.89324
XORFeedForwardArbiterPUF,15,2.94,0.00334,0.999994422184444,0.89249
XORFeedForwardArbiterPUF,15,2.95,0.00334,0.9999944221844439,0.89195
XORFeedForwardArbiterPUF,15,2.96,0.00362,0.9999934477785343,0.89135
XORFeedForwardArbiterPUF,15,2.97,0.00368,0.9999932287770751,0.89074
XORFeedForwardArbiterPUF,15,2.98,0.0035,0.9999938749812421,0.89005
XORFeedForwardArbiterPUF,15,2.99,0.00354,0.9999937341803696,0.88941
XORFeedForwardArbiterPUF,15,3.0,0.00354,0.9999937341803696,0.88875
XORFeedForwardArbiterPUF,25,0.5,0.00388,0.9999924727716704,0.95092
XORFeedForwardArbiterPUF,25,0.51,0.00392,0.999992316770484,0.95142
XORFeedForwardArbiterPUF,25,0.52,0.00398,0.9999920797686351,0.95183
XORFeedForwardArbiterPUF,25,0.53,0.00424,0.9999910111596003,0.95228
XORFeedForwardArbiterPUF,25,0.54,0.00412,0.9999915127639833,0.9527
XORFeedForwardArbiterPUF,25,0.55,0.00402,0.9999919197673547,0.95319
XORFeedForwardArbiterPUF,25,0.56,0.0039,0.9999923949710817,0.95367
XORFeedForwardArbiterPUF,25,0.57,0.004,0.9999919999679996,0.95422
XORFeedForwardArbiterPUF,25,0.58,0.00394,0.9999922381698769,0.95489
XORFeedForwardArbiterPUF,25,0.59,0.00374,0.9999930061755431,0.95535
XORFeedForwardArbiterPUF,25,0.6,0.00366,0.9999933021775695,0.95587
XORFeedForwardArbiterPUF,25,0.61,0.0036,0.9999935199790047,0.95642
XORFeedForwardArbiterPUF,25,0.62,0.00366,0.9999933021775697,0.95691
XORFeedForwardArbiterPUF,25,0.63,0.00362,0.999993447778534,0.95737
XORFeedForwardArbiterPUF,25,0.64,0.00348,0.9999939447816673,0.95786
XORFeedForwardArbiterPUF,25,0.65,0.00348,0.9999939447816673,0.95828
XORFeedForwardArbiterPUF,25,0.66,0.00372,0.9999930807760622,0.95878
XORFeedForwardArbiterPUF,25,0.67,0.00392,0.9999923167704838,0.95938
XORFeedForwardArbiterPUF,25,0.68,0.00382,0.9999927037733825,0.95987
XORFeedForwardArbiterPUF,25,0.69,0.00392,0.9999923167704838,0.96052
XORFeedForwardArbiterPUF,25,0.7,0.00374,0.9999930061755431,0.96099
XORFeedForwardArbiterPUF,25,0.71,0.00396,0.9999921591692607,0.96152
XORFeedForwardArbiterPUF,25,0.72,0.00376,0.9999929311750158,0.96214
XORFeedForwardArbiterPUF,25,0.73,0.00396,0.9999921591692607,0.96274
XORFeedForwardArbiterPUF,25,0.74,0.00398,0.9999920797686351,0.96325
XORFeedForwardArbiterPUF,25,0.75,0.00394,0.999992238169877,0.96383
XORFeedForwardArbiterPUF,25,0.76,0.00388,0.9999924727716705,0.9643
XORFeedForwardArbiterPUF,25,0.77,0.00382,0.9999927037733825,0.96479
XORFeedForwardArbiterPUF,25,0.78,0.00402,0.9999919197673548,0.96529
XORFeedForwardArbiterPUF,25,0.79,0.00382,0.9999927037733825,0.96587
XORFeedForwardArbiterPUF,25,0.8,0.00358,0.9999935917794672,0.96651
XORFeedForwardArbiterPUF,25,0.81,0.00358,0.9999935917794672,0.96701
XORFeedForwardArbiterPUF,25,0.82,0.00352,0.9999938047808097,0.96778
XORFeedForwardArbiterPUF,25,0.83,0.0035,0.9999938749812423,0.96845
XORFeedForwardArbiterPUF,25,0.84,0.00366,0.9999933021775695,0.96893
XORFeedForwardArbiterPUF,25,0.85,0.0038,0.9999927799739355,0.96962
XORFeedForwardArbiterPUF,25,0.86,0.00392,0.9999923167704838,0.97016
XORFeedForwardArbiterPUF,25,0.87,0.00382,0.9999927037733825,0.97067
XORFeedForwardArbiterPUF,25,0.88,0.0038,0.9999927799739355,0.97106
XORFeedForwardArbiterPUF,25,0.89,0.00364,0.9999933751780559,0.9716
XORFeedForwardArbiterPUF,25,0.9,0.00344,0.9999940831824957,0.9723
XORFeedForwardArbiterPUF,25,0.91,0.00336,0.9999943551840679,0.9728
XORFeedForwardArbiterPUF,25,0.92,0.0034,0.9999942199832957,0.9732
XORFeedForwardArbiterPUF,25,0.93,0.00346,0.999994014182085,0.97385
XORFeedForwardArbiterPUF,25,0.94,0.00358,0.9999935917794672,0.97445
XORFeedForwardArbiterPUF,25,0.95,0.00354,0.9999937341803697,0.97499
XORFeedForwardArbiterPUF,25,0.96,0.00376,0.9999929311750159,0.97556
XORFeedForwardArbiterPUF,25,0.97,0.00342,0.9999941517828991,0.97613
XORFeedForwardArbiterPUF,25,0.98,0.00322,0.9999948157865619,0.97679
XORFeedForwardArbiterPUF,25,0.99,0.00304,0.9999953791893239,0.9773
XORFeedForwardArbiterPUF,25,1.0,0.00302,0.9999954397896021,0.97783
XORFeedForwardArbiterPUF,25,1.01,0.00304,0.999995379189324,0.97856
XORFeedForwardArbiterPUF,25,1.02,0.00326,0.9999946861858818,0.97931
XORFeedForwardArbiterPUF,25,1.03,0.0033,0.999994554985176,0.97997
XORFeedForwardArbiterPUF,25,1.04,0.00328,0.999994620785532,0.98066
XORFeedForwardArbiterPUF,25,1.05,0.0029,0.999995794991159,0.98133
XORFeedForwardArbiterPUF,25,1.06,0.00282,0.9999960237920951,0.98213
XORFeedForwardArbiterPUF,25,1.07,0.00296,0.9999956191904044,0.98264
XORFeedForwardArbiterPUF,25,1.08,0.0029,0.999995794991159,0.98323
XORFeedForwardArbiterPUF,25,1.09,0.00266,0.999996462193742,0.98387
XORFeedForwardArbiterPUF,25,1.1,0.00282,0.9999960237920948,0.98451
XORFeedForwardArbiterPUF,25,1.11,0.00276,0.9999961911927466,0.98506
XORFeedForwardArbiterPUF,25,1.12,0.00298,0.9999955597901421,0.98575
XORFeedForwardArbiterPUF,25,1.13,0.0028,0.9999960799923167,0.98624
XORFeedForwardArbiterPUF,25,1.14,0.003,0.9999954999898749,0.98694
XORFeedForwardArbiterPUF,25,1.15,0.00302,0.9999954397896023,0.98743
XORFeedForwardArbiterPUF,25,1.16,0.00352,0.9999938047808097,0.98808
XORFeedForwardArbiterPUF,25,1.17,0.00338,0.9999942877836854,0.98883
XORFeedForwardArbiterPUF,25,1.18,0.00346,0.999994014182085,0.98945
XORFeedForwardArbiterPUF,25,1.19,0.00362,0.9999934477785342,0.99001
XORFeedForwardArbiterPUF,25,1.2,0.00374,0.9999930061755432,0.99063
XORFeedForwardArbiterPUF,25,1.21,0.00392,0.9999923167704838,0.99128
XORFeedForwardArbiterPUF,25,1.22,0.0035,0.9999938749812423,0.99199
XORFeedForwardArbiterPUF,25,1.23,0.00364,0.999993375178056,0.9926
XORFeedForwardArbiterPUF,25,1.24,0.00372,0.9999930807760622,0.9932
XORFeedForwardArbiterPUF,25,1.25,0.00352,0.9999938047808097,0.99374
XORFeedForwardArbiterPUF,25,1.26,0.00378,0.9999928557744799,0.99441
XORFeedForwardArbiterPUF,25,1.27,0.00354,0.9999937341803696,0.99513
XORFeedForwardArbiterPUF,25,1.28,0.00364,0.999993375178056,0.99558
XORFeedForwardArbiterPUF,25,1.29,0.00364,0.9999933751780561,0.9962
XORFeedForwardArbiterPUF,25,1.3,0.00346,0.9999940141820851,0.99683
XORFeedForwardArbiterPUF,25,1.31,0.00366,0.9999933021775695,0.99741
XORFeedForwardArbiterPUF,25,1.32,0.00352,0.9999938047808097,0.99796
XORFeedForwardArbiterPUF,25,1.33,0.0034,0.9999942199832957,0.99866
XORFeedForwardArbiterPUF,25,1.34,0.00332,0.9999944887848132,0.99922
XORFeedForwardArbiterPUF,25,1.35,0.00368,0.9999932287770752,1.0
XORFeedForwardArbiterPUF,25,1.36,0.00374,0.9999930061755432,0.99935
XORFeedForwardArbiterPUF,25,1.37,0.0038,0.9999927799739353,0.99878
XORFeedForwardArbiterPUF,25,1.38,0.00396,0.9999921591692607,0.9981
XORFeedForwardArbiterPUF,25,1.39,0.00376,0.9999929311750159,0.99744
XORFeedForwardArbiterPUF,25,1.4,0.00394,0.9999922381698769,0.99685
XORFeedForwardArbiterPUF,25,1.41,0.00406,0.9999917581660358,0.99633
XORFeedForwardArbiterPUF,25,1.42,0.00386,0.99999255017225,0.99577
XORFeedForwardArbiterPUF,25,1.43,0.00372,0.9999930807760622,0.995
XORFeedForwardArbiterPUF,25,1.44,0.0039,0.9999923949710818,0.99425
XORFeedForwardArbiterPUF,25,1.45,0.004,0.9999919999679996,0.99368
XORFeedForwardArbiterPUF,25,1.46,0.0042,0.9999911799611033,0.99298
XORFeedForwardArbiterPUF,25,1.47,0.0043,0.9999907549572646,0.99233
XORFeedForwardArbiterPUF,25,1.48,0.00416,0.9999913471625641,0.9918
XORFeedForwardArbiterPUF,25,1.49,0.0041,0.9999915949646776,0.99103
XORFeedForwardArbiterPUF,25,1.5,0.00392,0.9999923167704838,0.9904
XORFeedForwardArbiterPUF,25,1.51,0.00384,0.9999926271728208,0.98976
XORFeedForwardArbiterPUF,25,1.52,0.00406,0.999991758166036,0.98903
XORFeedForwardArbiterPUF,25,1.53,0.0041,0.9999915949646777,0.98843
XORFeedForwardArbiterPUF,25,1.54,0.004,0.9999919999679996,0.98764
XORFeedForwardArbiterPUF,25,1.55,0.00394,0.9999922381698769,0.98693
XORFeedForwardArbiterPUF,25,1.56,0.00404,0.9999918391667004,0.98632
XORFeedForwardArbiterPUF,25,1.57,0.00398,0.9999920797686351,0.98575
XORFeedForwardArbiterPUF,25,1.58,0.00392,0.9999923167704838,0.985
XORFeedForwardArbiterPUF,25,1.59,0.00378,0.9999928557744798,0.98431
XORFeedForwardArbiterPUF,25,1.6,0.00376,0.9999929311750159,0.98374
XORFeedForwardArbiterPUF,25,1.61,0.00378,0.9999928557744799,0.98301
XORFeedForwardArbiterPUF,25,1.62,0.00382,0.9999927037733825,0.98223
XORFeedForwardArbiterPUF,25,1.63,0.00388,0.9999924727716702,0.98156
XORFeedForwardArbiterPUF,25,1.64,0.00388,0.9999924727716704,0.98092
XORFeedForwardArbiterPUF,25,1.65,0.00384,0.9999926271728208,0.98024
XORFeedForwardArbiterPUF,25,1.66,0.00394,0.999992238169877,0.97955
XORFeedForwardArbiterPUF,25,1.67,0.00376,0.9999929311750159,0.97898
XORFeedForwardArbiterPUF,25,1.68,0.00376,0.9999929311750159,0.97824
XORFeedForwardArbiterPUF,25,1.69,0.00392,0.9999923167704838,0.9776
XORFeedForwardArbiterPUF,25,1.7,0.00362,0.9999934477785342,0.97711
XORFeedForwardArbiterPUF,25,1.71,0.00364,0.9999933751780559,0.97642
XORFeedForwardArbiterPUF,25,1.72,0.00344,0.9999940831824956,0.9756
XORFeedForwardArbiterPUF,25,1.73,0.00366,0.9999933021775695,0.97491
XORFeedForwardArbiterPUF,25,1.74,0.00342,0.9999941517828992,0.97439
XORFeedForwardArbiterPUF,25,1.75,0.00362,0.9999934477785342,0.97373
XORFeedForwardArbiterPUF,25,1.76,0.00356,0.9999936631799223,0.97306
XORFeedForwardArbiterPUF,25,1.77,0.0035,0.9999938749812421,0.97235
XORFeedForwardArbiterPUF,25,1.78,0.00338,0.9999942877836854,0.97173
XORFeedForwardArbiterPUF,25,1.79,0.0032,0.9999948799868928,0.97108
XORFeedForwardArbiterPUF,25,1.8,0.00338,0.9999942877836853,0.97039
XORFeedForwardArbiterPUF,25,1.81,0.00314,0.9999950701878485,0.96977
XORFeedForwardArbiterPUF,25,1.82,0.00306,0.9999953181890404,0.96905
XORFeedForwardArbiterPUF,25,1.83,0.00286,0.9999959101916368,0.96821
XORFeedForwardArbiterPUF,25,1.84,0.00282,0.999996023792095,0.96759
XORFeedForwardArbiterPUF,25,1.85,0.00302,0.9999954397896021,0.96699
XORFeedForwardArbiterPUF,25,1.86,0.00308,0.9999952567887509,0.96636
XORFeedForwardArbiterPUF,25,1.87,0.00318,0.9999949437872174,0.96565
XORFeedForwardArbiterPUF,25,1.88,0.00362,0.9999934477785342,0.96495
XORFeedForwardArbiterPUF,25,1.89,0.0036,0.9999935199790047,0.96432
XORFeedForwardArbiterPUF,25,1.9,0.00344,0.9999940831824957,0.96372
XORFeedForwardArbiterPUF,25,1.91,0.00338,0.9999942877836853,0.96307
XORFeedForwardArbiterPUF,25,1.92,0.00332,0.9999944887848132,0.96242
XORFeedForwardArbiterPUF,25,1.93,0.00338,0.9999942877836853,0.96185
XORFeedForwardArbiterPUF,25,1.94,0.00364,0.999993375178056,0.96104
XORFeedForwardArbiterPUF,25,1.95,0.00376,0.9999929311750159,0.96028
XORFeedForwardArbiterPUF,25,1.96,0.00388,0.9999924727716704,0.95964
XORFeedForwardArbiterPUF,25,1.97,0.00412,0.9999915127639836,0.95898
XORFeedForwardArbiterPUF,25,1.98,0.00408,0.9999916767653622,0.95842
XORFeedForwardArbiterPUF,25,1.99,0.00416,0.9999913471625642,0.95778
XORFeedForwardArbiterPUF,25,2.0,0.00422,0.9999910957603572,0.95709
XORFeedForwardArbiterPUF,25,2.01,0.0042,0.9999911799611033,0.95638
XORFeedForwardArbiterPUF,25,2.02,0.00426,0.9999909261588324,0.95559
XORFeedForwardArbiterPUF,25,2.03,0.00428,0.9999908407580542,0.95498
XORFeedForwardArbiterPUF,25,2.04,0.00396,0.9999921591692607,0.95424
XORFeedForwardArbiterPUF,25,2.05,0.00412,0.9999915127639835,0.95358
XORFeedForwardArbiterPUF,25,2.06,0.00434,0.9999905821556523,0.95299
XORFeedForwardArbiterPUF,25,2.07,0.0045,0.9999898749487417,0.95247
XORFeedForwardArbiterPUF,25,2.08,0.00474,0.9999887661369005,0.95181
XORFeedForwardArbiterPUF,25,2.09,0.00474,0.9999887661369004,0.95123
XORFeedForwardArbiterPUF,25,2.1,0.00466,0.9999891421410535,0.95055
XORFeedForwardArbiterPUF,25,2.11,0.00462,0.9999893277430514,0.95001
XORFeedForwardArbiterPUF,25,2.12,0.00468,0.9999890487400349,0.94924
XORFeedForwardArbiterPUF,25,2.13,0.00474,0.9999887661369005,0.94877
XORFeedForwardArbiterPUF,25,2.14,0.00488,0.9999880927291085,0.94812
XORFeedForwardArbiterPUF,25,2.15,0.00472,0.9999888607379585,0.9475
XORFeedForwardArbiterPUF,25,2.16,0.00478,0.9999885757347431,0.94681
XORFeedForwardArbiterPUF,25,2.17,0.00466,0.9999891421410535,0.94627
XORFeedForwardArbiterPUF,25,2.18,0.00456,0.9999896031459528,0.9457
XORFeedForwardArbiterPUF,25,2.19,0.00438,0.9999904077539946,0.94501
XORFeedForwardArbiterPUF,25,2.2,0.00408,0.9999916767653622,0.94428
XORFeedForwardArbiterPUF,25,2.21,0.004,0.9999919999679996,0.94374
XORFeedForwardArbiterPUF,25,2.22,0.00378,0.9999928557744799,0.94317
XORFeedForwardArbiterPUF,25,2.23,0.00382,0.9999927037733823,0.94263
XORFeedForwardArbiterPUF,25,2.24,0.00398,0.9999920797686351,0.94205
XORFeedForwardArbiterPUF,25,2.25,0.00396,0.9999921591692607,0.94138
XORFeedForwardArbiterPUF,25,2.26,0.00412,0.9999915127639833,0.94066
XORFeedForwardArbiterPUF,25,2.27,0.00418,0.9999912637618391,0.93993
XORFeedForwardArbiterPUF,25,2.28,0.0042,0.9999911799611034,0.93932
XORFeedForwardArbiterPUF,25,2.29,0.00422,0.9999910957603572,0.93863
XORFeedForwardArbiterPUF,25,2.3,0.00424,0.9999910111596003,0.93806
XORFeedForwardArbiterPUF,25,2.31,0.00414,0.999991430163279,0.93739
XORFeedForwardArbiterPUF,25,2.32,0.00412,0.9999915127639836,0.93676
XORFeedForwardArbiterPUF,25,2.33,0.00408,0.999991676765362,0.93618
XORFeedForwardArbiterPUF,25,2.34,0.0037,0.9999931549765728,0.93555
XORFeedForwardArbiterPUF,25,2.35,0.004,0.9999919999679995,0.93494
XORFeedForwardArbiterPUF,25,2.36,0.00412,0.9999915127639835,0.9343
XORFeedForwardArbiterPUF,25,2.37,0.00382,0.9999927037733825,0.93369
XORFeedForwardArbiterPUF,25,2.38,0.00382,0.9999927037733825,0.93315
XORFeedForwardArbiterPUF,25,2.39,0.0039,0.9999923949710818,0.93255
XORFeedForwardArbiterPUF,25,2.4,0.00406,0.999991758166036,0.93187
XORFeedForwardArbiterPUF,25,2.41,0.00372,0.9999930807760621,0.93126
XORFeedForwardArbiterPUF,25,2.42,0.00356,0.9999936631799222,0.93068
XORFeedForwardArbiterPUF,25,2.43,0.00352,0.9999938047808096,0.93006
XORFeedForwardArbiterPUF,25,2.44,0.0035,0.9999938749812421,0.92931
XORFeedForwardArbiterPUF,25,2.45,0.00348,0.9999939447816671,0.9288
XORFeedForwardArbiterPUF,25,2.46,0.00354,0.9999937341803695,0.92825
XORFeedForwardArbiterPUF,25,2.47,0.00368,0.9999932287770752,0.92774
XORFeedForwardArbiterPUF,25,2.48,0.00368,0.9999932287770753,0.9271
XORFeedForwardArbiterPUF,25,2.49,0.0039,0.9999923949710817,0.92645
XORFeedForwardArbiterPUF,25,2.5,0.00396,0.9999921591692607,0.92564
XORFeedForwardArbiterPUF,25,2.51,0.00366,0.9999933021775695,0.92499
XORFeedForwardArbiterPUF,25,2.52,0.0038,0.9999927799739355,0.92418
XORFeedForwardArbiterPUF,25,2.53,0.00382,0.9999927037733825,0.92365
XORFeedForwardArbiterPUF,25,2.54,0.00406,0.999991758166036,0.92299
XORFeedForwardArbiterPUF,25,2.55,0.00414,0.9999914301632788,0.92233
XORFeedForwardArbiterPUF,25,2.56,0.00414,0.999991430163279,0.92173
XORFeedForwardArbiterPUF,25,2.57,0.0041,0.9999915949646777,0.92103
XORFeedForwardArbiterPUF,25,2.58,0.004,0.9999919999679996,0.9205
XORFeedForwardArbiterPUF,25,2.59,0.00392,0.9999923167704838,0.9199
XORFeedForwardArbiterPUF,25,2.6,0.00416,0.9999913471625642,0.9193
XORFeedForwardArbiterPUF,25,2.61,0.00406,0.9999917581660359,0.91847
XORFeedForwardArbiterPUF,25,2.62,0.0041,0.9999915949646777,0.91775
XORFeedForwardArbiterPUF,25,2.63,0.00434,0.9999905821556523,0.91703
XORFeedForwardArbiterPUF,25,2.64,0.0042,0.9999911799611033,0.91648
XORFeedForwardArbiterPUF,25,2.65,0.00382,0.9999927037733822,0.91593
XORFeedForwardArbiterPUF,25,2.66,0.00384,0.9999926271728209,0.91518
XORFeedForwardArbiterPUF,25,2.67,0.00376,0.9999929311750159,0.91454
XORFeedForwardArbiterPUF,25,2.68,0.00372,0.9999930807760621,0.91384
XORFeedForwardArbiterPUF,25,2.69,0.0039,0.9999923949710817,0.91319
XORFeedForwardArbiterPUF,25,2.7,0.00402,0.9999919197673548,0.91251
XORFeedForwardArbiterPUF,25,2.71,0.0043,0.9999907549572647,0.91191
XORFeedForwardArbiterPUF,25,2.72,0.00424,0.9999910111596003,0.9112
XORFeedForwardArbiterPUF,25,2.73,0.00454,0.9999896941468948,0.91061
XORFeedForwardArbiterPUF,25,2.74,0.00448,0.9999899647496469,0.91002
XORFeedForwardArbiterPUF,25,2.75,0.00448,0.9999899647496469,0.90936
XORFeedForwardArbiterPUF,25,2.76,0.00438,0.9999904077539945,0.90873
XORFeedForwardArbiterPUF,25,2.77,0.00426,0.9999909261588324,0.90807
XORFeedForwardArbiterPUF,25,2.78,0.00444,0.9999901431514213,0.90754
XORFeedForwardArbiterPUF,25,2.79,0.00468,0.9999890487400349,0.90706
XORFeedForwardArbiterPUF,25,2.8,0.00442,0.9999902317522906,0.90647
XORFeedForwardArbiterPUF,25,2.81,0.0044,0.9999903199531486,0.90578
XORFeedForwardArbiterPUF,25,2.82,0.00458,0.9999895117449982,0.90525
XORFeedForwardArbiterPUF,25,2.83,0.00486,0.9999881901302636,0.90465
XORFeedForwardArbiterPUF,25,2.84,0.00486,0.9999881901302636,0.90389
XORFeedForwardArbiterPUF,25,2.85,0.00482,0.9999883837325311,0.90335
XORFeedForwardArbiterPUF,25,2.86,0.00484,0.9999882871314043,0.9025
XORFeedForwardArbiterPUF,25,2.87,0.00476,0.9999886711358286,0.90196
XORFeedForwardArbiterPUF,25,2.88,0.00498,0.9999875997231166,0.90125
XORFeedForwardArbiterPUF,25,2.89,0.00478,0.9999885757347432,0.90055
XORFeedForwardArbiterPUF,25,2.9,0.00468,0.9999890487400348,0.89996
XORFeedForwardArbiterPUF,25,2.91,0.0045,0.9999898749487417,0.89931
XORFeedForwardArbiterPUF,25,2.92,0.00466,0.9999891421410535,0.89879
XORFeedForwardArbiterPUF,25,2.93,0.00464,0.999989235142059,0.89808
XORFeedForwardArbiterPUF,25,2.94,0.00472,0.9999888607379586,0.8974
XORFeedForwardArbiterPUF,25,2.95,0.00428,0.9999908407580541,0.89676
XORFeedForwardArbiterPUF,25,2.96,0.00426,0.9999909261588327,0.89613
XORFeedForwardArbiterPUF,25,2.97,0.00416,0.9999913471625641,0.89546
XORFeedForwardArbiterPUF,25,2.98,0.00388,0.9999924727716704,0.8949
XORFeedForwardArbiterPUF,25,2.99,0.00358,0.9999935917794672,0.89427
XORFeedForwardArbiterPUF,25,3.0,0.00336,0.9999943551840681,0.89366
XORFeedForwardArbiterPUF,30,0.5,0.00386,0.9999925501722501,0.9522
XORFeedForwardArbiterPUF,30,0.51,0.00396,0.9999921591692607,0.95263
XORFeedForwardArbiterPUF,30,0.52,0.0039,0.9999923949710817,0.95316
XORFeedForwardArbiterPUF,30,0.53,0.00394,0.9999922381698769,0.95356
XORFeedForwardArbiterPUF,30,0.54,0.00424,0.9999910111596004,0.95401
XORFeedForwardArbiterPUF,30,0.55,0.00416,0.9999913471625642,0.95437
XORFeedForwardArbiterPUF,30,0.56,0.00404,0.9999918391667005,0.95487
XORFeedForwardArbiterPUF,30,0.57,0.00394,0.9999922381698769,0.95538
XORFeedForwardArbiterPUF,30,0.58,0.00394,0.9999922381698769,0.95584
XORFeedForwardArbiterPUF,30,0.59,0.00398,0.9999920797686351,0.9565
XORFeedForwardArbiterPUF,30,0.6,0.00374,0.9999930061755431,0.95698
XORFeedForwardArbiterPUF,30,0.61,0.00374,0.9999930061755431,0.95754
XORFeedForwardArbiterPUF,30,0.62,0.00354,0.9999937341803696,0.95802
XORFeedForwardArbiterPUF,30,0.63,0.00372,0.9999930807760623,0.95851
XORFeedForwardArbiterPUF,30,0.64,0.00364,0.999993375178056,0.95899
XORFeedForwardArbiterPUF,30,0.65,0.00352,0.9999938047808097,0.95943
XORFeedForwardArbiterPUF,30,0.66,0.0036,0.9999935199790047,0.95989
XORFeedForwardArbiterPUF,30,0.67,0.00374,0.9999930061755432,0.96032
XORFeedForwardArbiterPUF,30,0.68,0.00394,0.999992238169877,0.96094
XORFeedForwardArbiterPUF,30,0.69,0.00394,0.9999922381698769,0.96144
XORFeedForwardArbiterPUF,30,0.7,0.00394,0.999992238169877,0.96202
XORFeedForwardArbiterPUF,30,0.71,0.00376,0.9999929311750159,0.96253
XORFeedForwardArbiterPUF,30,0.72,0.00386,0.99999255017225,0.963
XORFeedForwardArbiterPUF,30,0.73,0.00374,0.9999930061755432,0.96362
XORFeedForwardArbiterPUF,30,0.74,0.004,0.9999919999679996,0.96427
XORFeedForwardArbiterPUF,30,0.75,0.00402,0.9999919197673549,0.96478
XORFeedForwardArbiterPUF,30,0.76,0.00388,0.9999924727716702,0.96531
XORFeedForwardArbiterPUF,30,0.77,0.00392,0.9999923167704841,0.96585
XORFeedForwardArbiterPUF,30,0.78,0.00394,0.999992238169877,0.9663
XORFeedForwardArbiterPUF,30,0.79,0.00388,0.9999924727716702,0.96675
XORFeedForwardArbiterPUF,30,0.8,0.00388,0.9999924727716702,0.96731
XORFeedForwardArbiterPUF,30,0.81,0.00362,0.9999934477785342,0.96796
XORFeedForwardArbiterPUF,30,0.82,0.00358,0.9999935917794672,0.96846
XORFeedForwardArbiterPUF,30,0.83,0.00352,0.9999938047808097,0.96905
XORFeedForwardArbiterPUF,30,0.84,0.00348,0.9999939447816673,0.96983
XORFeedForwardArbiterPUF,30,0.85,0.00346,0.9999940141820851,0.97038
XORFeedForwardArbiterPUF,30,0.86,0.00366,0.9999933021775695,0.97088
XORFeedForwardArbiterPUF,30,0.87,0.00374,0.9999930061755433,0.97156
XORFeedForwardArbiterPUF,30,0.88,0.00388,0.9999924727716702,0.97211
XORFeedForwardArbiterPUF,30,0.89,0.0038,0.9999927799739354,0.97259
XORFeedForwardArbiterPUF,30,0.9,0.00378,0.9999928557744799,0.97292
XORFeedForwardArbiterPUF,30,0.91,0.00366,0.9999933021775695,0.97344
XORFeedForwardArbiterPUF,30,0.92,0.00344,0.9999940831824957,0.97417
XORFeedForwardArbiterPUF,30,0.93,0.00344,0.9999940831824957,0.97469
XORFeedForwardArbiterPUF,30,0.94,0.0034,0.9999942199832957,0.97503
XORFeedForwardArbiterPUF,30,0.95,0.00348,0.9999939447816673,0.97569
XORFeedForwardArbiterPUF,30,0.96,0.0036,0.9999935199790047,0.97629
XORFeedForwardArbiterPUF,30,0.97,0.00354,0.9999937341803697,0.97682
XORFeedForwardArbiterPUF,30,0.98,0.00376,0.9999929311750159,0.97739
XORFeedForwardArbiterPUF,30,0.99,0.00342,0.9999941517828991,0.97794
XORFeedForwardArbiterPUF,30,1.0,0.00322,0.9999948157865619,0.97862
XORFeedForwardArbiterPUF,30,1.01,0.00304,0.999995379189324,0.97915
XORFeedForwardArbiterPUF,30,1.02,0.003,0.9999954999898749,0.97965
XORFeedForwardArbiterPUF,30,1.03,0.0031,0.999995194988456,0.98032
XORFeedForwardArbiterPUF,30,1.04,0.00326,0.9999946861858818,0.98106
XORFeedForwardArbiterPUF,30,1.05,0.00326,0.9999946861858818,0.98178
XORFeedForwardArbiterPUF,30,1.06,0.00342,0.9999941517828991,0.98236
XORFeedForwardArbiterPUF,30,1.07,0.0029,0.999995794991159,0.98306
XORFeedForwardArbiterPUF,30,1.08,0.00292,0.9999957367909124,0.98391
XORFeedForwardArbiterPUF,30,1.09,0.00284,0.9999959671918681,0.98441
XORFeedForwardArbiterPUF,30,1.1,0.00292,0.9999957367909124,0.98493
XORFeedForwardArbiterPUF,30,1.11,0.00264,0.9999965151939282,0.98551
XORFeedForwardArbiterPUF,30,1.12,0.00286,0.9999959101916368,0.98622
XORFeedForwardArbiterPUF,30,1.13,0.00276,0.9999961911927466,0.98675
XORFeedForwardArbiterPUF,30,1.14,0.00282,0.9999960237920948,0.98738
XORFeedForwardArbiterPUF,30,1.15,0.00278,0.9999961357925339,0.98794
XORFeedForwardArbiterPUF,30,1.16,0.00298,0.9999955597901421,0.98854
XORFeedForwardArbiterPUF,30,1.17,0.00298,0.9999955597901421,0.98912
XORFeedForwardArbiterPUF,30,1.18,0.00334,0.9999944221844439,0.98968
XORFeedForwardArbiterPUF,30,1.19,0.00336,0.9999943551840679,0.99043
XORFeedForwardArbiterPUF,30,1.2,0.00362,0.9999934477785342,0.99104
XORFeedForwardArbiterPUF,30,1.21,0.00348,0.9999939447816673,0.99161
XORFeedForwardArbiterPUF,30,1.22,0.00374,0.9999930061755432,0.99224
XORFeedForwardArbiterPUF,30,1.23,0.00374,0.9999930061755433,0.99278
XORFeedForwardArbiterPUF,30,1.24,0.00372,0.9999930807760621,0.99339
XORFeedForwardArbiterPUF,30,1.25,0.00348,0.9999939447816673,0.99405
XORFeedForwardArbiterPUF,30,1.26,0.00382,0.9999927037733825,0.99484
XORFeedForwardArbiterPUF,30,1.27,0.00368,0.9999932287770752,0.99527
XORFeedForwardArbiterPUF,30,1.28,0.00364,0.9999933751780561,0.99597
XORFeedForwardArbiterPUF,30,1.29,0.00376,0.9999929311750158,0.99657
XORFeedForwardArbiterPUF,30,1.3,0.00352,0.9999938047808097,0.99719
XORFeedForwardArbiterPUF,30,1.31,0.00354,0.9999937341803696,0.9977
XORFeedForwardArbiterPUF,30,1.32,0.00356,0.9999936631799222,0.99827
XORFeedForwardArbiterPUF,30,1.33,0.0035,0.9999938749812423,0.99882
XORFeedForwardArbiterPUF,30,1.34,0.00376,0.9999929311750159,0.99939
XORFeedForwardArbiterPUF,30,1.35,0.00346,0.9999940141820851,1.0
XORFeedForwardArbiterPUF,30,1.36,0.00346,0.9999940141820851,0.9993
XORFeedForwardArbiterPUF,30,1.37,0.00336,0.999994355184068,0.99877
XORFeedForwardArbiterPUF,30,1.38,0.0037,0.9999931549765728,0.99802
XORFeedForwardArbiterPUF,30,1.39,0.00372,0.9999930807760621,0.99739
XORFeedForwardArbiterPUF,30,1.4,0.00384,0.9999926271728209,0.99681
XORFeedForwardArbiterPUF,30,1.41,0.004,0.9999919999679996,0.99609
XORFeedForwardArbiterPUF,30,1.42,0.0038,0.9999927799739354,0.99549
XORFeedForwardArbiterPUF,30,1.43,0.004,0.9999919999679995,0.99491
XORFeedForwardArbiterPUF,30,1.44,0.00406,0.9999917581660358,0.99442
XORFeedForwardArbiterPUF,30,1.45,0.00388,0.9999924727716702,0.99387
XORFeedForwardArbiterPUF,30,1.46,0.00374,0.9999930061755432,0.99312
XORFeedForwardArbiterPUF,30,1.47,0.00388,0.9999924727716704,0.99239
XORFeedForwardArbiterPUF,30,1.48,0.004,0.9999919999679996,0.99181
XORFeedForwardArbiterPUF,30,1.49,0.00412,0.9999915127639835,0.99113
XORFeedForwardArbiterPUF,30,1.5,0.00422,0.9999910957603572,0.99052
XORFeedForwardArbiterPUF,30,1.51,0.00412,0.9999915127639835,0.98993
XORFeedForwardArbiterPUF,30,1.52,0.00414,0.9999914301632787,0.98924
XORFeedForwardArbiterPUF,30,1.53,0.00396,0.9999921591692607,0.98859
XORFeedForwardArbiterPUF,30,1.54,0.0038,0.9999927799739355,0.98797
XORFeedForwardArbiterPUF,30,1.55,0.00396,0.9999921591692607,0.98725
XORFeedForwardArbiterPUF,30,1.56,0.00414,0.999991430163279,0.9867
XORFeedForwardArbiterPUF,30,1.57,0.00402,0.9999919197673549,0.98598
XORFeedForwardArbiterPUF,30,1.58,0.00398,0.9999920797686352,0.9853
XORFeedForwardArbiterPUF,30,1.59,0.00392,0.9999923167704838,0.98463
XORFeedForwardArbiterPUF,30,1.6,0.004,0.9999919999679996,0.98403
XORFeedForwardArbiterPUF,30,1.61,0.00396,0.9999921591692605,0.98341
XORFeedForwardArbiterPUF,30,1.62,0.0038,0.9999927799739355,0.98265
XORFeedForwardArbiterPUF,30,1.63,0.00378,0.9999928557744799,0.98208
XORFeedForwardArbiterPUF,30,1.64,0.00378,0.9999928557744798,0.98144
XORFeedForwardArbiterPUF,30,1.65,0.0038,0.9999927799739355,0.98069
XORFeedForwardArbiterPUF,30,1.66,0.00388,0.9999924727716702,0.97995
XORFeedForwardArbiterPUF,30,1.67,0.00402,0.9999919197673548,0.9794
XORFeedForwardArbiterPUF,30,1.68,0.00396,0.9999921591692607,0.97873
XORFeedForwardArbiterPUF,30,1.69,0.00388,0.9999924727716702,0.97803
XORFeedForwardArbiterPUF,30,1.7,0.00384,0.9999926271728209,0.97747
XORFeedForwardArbiterPUF,30,1.71,0.00364,0.999993375178056,0.97673
XORFeedForwardArbiterPUF,30,1.72,0.00388,0.9999924727716702,0.97609
XORFeedForwardArbiterPUF,30,1.73,0.0037,0.9999931549765729,0.97554
XORFeedForwardArbiterPUF,30,1.74,0.00364,0.999993375178056,0.97495
XORFeedForwardArbiterPUF,30,1.75,0.00368,0.9999932287770751,0.97423
XORFeedForwardArbiterPUF,30,1.76,0.00354,0.9999937341803696,0.97348
XORFeedForwardArbiterPUF,30,1.77,0.00356,0.9999936631799223,0.97289
XORFeedForwardArbiterPUF,30,1.78,0.00336,0.999994355184068,0.97239
XORFeedForwardArbiterPUF,30,1.79,0.00374,0.9999930061755432,0.97168
XORFeedForwardArbiterPUF,30,1.8,0.00348,0.9999939447816671,0.97101
XORFeedForwardArbiterPUF,30,1.81,0.0034,0.9999942199832957,0.97033
XORFeedForwardArbiterPUF,30,1.82,0.00328,0.9999946207855321,0.96971
XORFeedForwardArbiterPUF,30,1.83,0.00324,0.9999947511862248,0.96909
XORFeedForwardArbiterPUF,30,1.84,0.00328,0.9999946207855321,0.96847
XORFeedForwardArbiterPUF,30,1.85,0.00306,0.9999953181890405,0.9678
XORFeedForwardArbiterPUF,30,1.86,0.00304,0.999995379189324,0.96711
XORFeedForwardArbiterPUF,30,1.87,0.00298,0.9999955597901422,0.9663
XORFeedForwardArbiterPUF,30,1.88,0.0028,0.9999960799923167,0.96567
XORFeedForwardArbiterPUF,30,1.89,0.00304,0.9999953791893241,0.96513
XORFeedForwardArbiterPUF,30,1.9,0.00318,0.9999949437872174,0.96444
XORFeedForwardArbiterPUF,30,1.91,0.00322,0.9999948157865619,0.96378
XORFeedForwardArbiterPUF,30,1.92,0.00362,0.9999934477785342,0.96312
XORFeedForwardArbiterPUF,30,1.93,0.00362,0.9999934477785342,0.96248
XORFeedForwardArbiterPUF,30,1.94,0.00344,0.9999940831824957,0.96191
XORFeedForwardArbiterPUF,30,1.95,0.0034,0.9999942199832957,0.96127
XORFeedForwardArbiterPUF,30,1.96,0.0033,0.999994554985176,0.96064
XORFeedForwardArbiterPUF,30,1.97,0.0034,0.9999942199832957,0.96009
XORFeedForwardArbiterPUF,30,1.98,0.00354,0.9999937341803695,0.95932
XORFeedForwardArbiterPUF,30,1.99,0.00378,0.99999285577448,0.95852
XORFeedForwardArbiterPUF,30,2.0,0.00388,0.9999924727716704,0.95793
XORFeedForwardArbiterPUF,30,2.01,0.00414,0.9999914301632788,0.95734
XORFeedForwardArbiterPUF,30,2.02,0.00402,0.9999919197673548,0.95674
XORFeedForwardArbiterPUF,30,2.03,0.0041,0.9999915949646777,0.95608
XORFeedForwardArbiterPUF,30,2.04,0.00424,0.9999910111596004,0.95543
XORFeedForwardArbiterPUF,30,2.05,0.00426,0.9999909261588326,0.95476
XORFeedForwardArbiterPUF,30,2.06,0.00424,0.9999910111596004,0.95397
XORFeedForwardArbiterPUF,30,2.07,0.00436,0.999990495154829,0.95337
XORFeedForwardArbiterPUF,30,2.08,0.0041,0.9999915949646777,0.95266
XORFeedForwardArbiterPUF,30,2.09,0.00396,0.9999921591692607,0.95203
XORFeedForwardArbiterPUF,30,2.1,0.00424,0.9999910111596003,0.95137
XORFeedForwardArbiterPUF,30,2.11,0.00448,0.9999899647496467,0.95087
XORFeedForwardArbiterPUF,30,2.12,0.00458,0.9999895117449982,0.9503
XORFeedForwardArbiterPUF,30,2.13,0.00486,0.9999881901302635,0.94966
XORFeedForwardArbiterPUF,30,2.14,0.00466,0.9999891421410534,0.94908
XORFeedForwardArbiterPUF,30,2.15,0.0045,0.9999898749487417,0.94846
XORFeedForwardArbiterPUF,30,2.16,0.00448,0.9999899647496469,0.94785
XORFeedForwardArbiterPUF,30,2.17,0.00468,0.9999890487400348,0.94725
XORFeedForwardArbiterPUF,30,2.18,0.0047,0.9999889549390033,0.94668
XORFeedForwardArbiterPUF,30,2.19,0.00482,0.9999883837325311,0.94602
XORFeedForwardArbiterPUF,30,2.2,0.00478,0.9999885757347432,0.94532
XORFeedForwardArbiterPUF,30,2.21,0.00472,0.9999888607379585,0.94479
XORFeedForwardArbiterPUF,30,2.22,0.00458,0.9999895117449983,0.94428
XORFeedForwardArbiterPUF,30,2.23,0.00442,0.9999902317522908,0.94364
XORFeedForwardArbiterPUF,30,2.24,0.00418,0.9999912637618391,0.94298
XORFeedForwardArbiterPUF,30,2.25,0.004,0.9999919999679995,0.94233
XORFeedForwardArbiterPUF,30,2.26,0.00382,0.9999927037733825,0.94174
XORFeedForwardArbiterPUF,30,2.27,0.00372,0.9999930807760622,0.94129
XORFeedForwardArbiterPUF,30,2.28,0.00386,0.9999925501722501,0.94068
XORFeedForwardArbiterPUF,30,2.29,0.00402,0.9999919197673548,0.94004
XORFeedForwardArbiterPUF,30,2.3,0.00394,0.9999922381698769,0.93942
XORFeedForwardArbiterPUF,30,2.31,0.00416,0.9999913471625642,0.93879
XORFeedForwardArbiterPUF,30,2.32,0.00424,0.9999910111596003,0.93803
XORFeedForwardArbiterPUF,30,2.33,0.00438,0.9999904077539944,0.93744
XORFeedForwardArbiterPUF,30,2.34,0.00418,0.9999912637618391,0.9368
XORFeedForwardArbiterPUF,30,2.35,0.00432,0.9999906687564641,0.93621
XORFeedForwardArbiterPUF,30,2.36,0.00418,0.999991263761839,0.93558
XORFeedForwardArbiterPUF,30,2.37,0.0041,0.9999915949646777,0.93496
XORFeedForwardArbiterPUF,30,2.38,0.00408,0.999991676765362,0.93439
XORFeedForwardArbiterPUF,30,2.39,0.00372,0.9999930807760621,0.93381
XORFeedForwardArbiterPUF,30,2.4,0.00402,0.9999919197673547,0.93316
XORFeedForwardArbiterPUF,30,2.41,0.0041,0.9999915949646777,0.93258
XORFeedForwardArbiterPUF,30,2.42,0.00378,0.9999928557744799,0.93196
XORFeedForwardArbiterPUF,30,2.43,0.00382,0.9999927037733825,0.93144
XORFeedForwardArbiterPUF,30,2.44,0.0039,0.9999923949710818,0.93084
XORFeedForwardArbiterPUF,30,2.45,0.00404,0.9999918391667004,0.93019
XORFeedForwardArbiterPUF,30,2.46,0.00376,0.9999929311750159,0.92957
XORFeedForwardArbiterPUF,30,2.47,0.0035,0.999993874981242,0.92904
XORFeedForwardArbiterPUF,30,2.48,0.0035,0.9999938749812423,0.92846
XORFeedForwardArbiterPUF,30,2.49,0.00342,0.9999941517828991,0.9277
XORFeedForwardArbiterPUF,30,2.5,0.00338,0.9999942877836853,0.9271
XORFeedForwardArbiterPUF,30,2.51,0.0035,0.9999938749812421,0.9266
XORFeedForwardArbiterPUF,30,2.52,0.00362,0.9999934477785342,0.92618
XORFeedForwardArbiterPUF,30,2.53,0.00366,0.9999933021775694,0.92552
XORFeedForwardArbiterPUF,30,2.54,0.00394,0.999992238169877,0.92484
XORFeedForwardArbiterPUF,30,2.55,0.00388,0.9999924727716702,0.92409
XORFeedForwardArbiterPUF,30,2.56,0.00362,0.9999934477785343,0.92348
XORFeedForwardArbiterPUF,30,2.57,0.00368,0.9999932287770751,0.92273
XORFeedForwardArbiterPUF,30,2.58,0.00378,0.9999928557744799,0.92206
XORFeedForwardArbiterPUF,30,2.59,0.00388,0.9999924727716702,0.92155
XORFeedForwardArbiterPUF,30,2.6,0.00416,0.9999913471625641,0.92085
XORFeedForwardArbiterPUF,30,2.61,0.00422,0.9999910957603573,0.92032
XORFeedForwardArbiterPUF,30,2.62,0.0039,0.9999923949710818,0.91962
XORFeedForwardArbiterPUF,30,2.63,0.00412,0.9999915127639833,0.91905
XORFeedForwardArbiterPUF,30,2.64,0.004,0.9999919999679996,0.91847
XORFeedForwardArbiterPUF,30,2.65,0.00398,0.9999920797686351,0.91786
XORFeedForwardArbiterPUF,30,2.66,0.00416,0.9999913471625642,0.91723
XORFeedForwardArbiterPUF,30,2.67,0.00406,0.999991758166036,0.91638
XORFeedForwardArbiterPUF,30,2.68,0.0041,0.9999915949646777,0.91572
XORFeedForwardArbiterPUF,30,2.69,0.0043,0.9999907549572646,0.91506
XORFeedForwardArbiterPUF,30,2.7,0.00408,0.9999916767653622,0.91459
XORFeedForwardArbiterPUF,30,2.71,0.0036,0.9999935199790048,0.91389
XORFeedForwardArbiterPUF,30,2.72,0.00368,0.9999932287770753,0.91325
XORFeedForwardArbiterPUF,30,2.73,0.0037,0.9999931549765729,0.91268
XORFeedForwardArbiterPUF,30,2.74,0.00378,0.9999928557744799,0.91198
XORFeedForwardArbiterPUF,30,2.75,0.004,0.9999919999679996,0.91133
XORFeedForwardArbiterPUF,30,2.76,0.00416,0.9999913471625643,0.91063
XORFeedForwardArbiterPUF,30,2.77,0.00424,0.9999910111596004,0.90999
XORFeedForwardArbiterPUF,30,2.78,0.00428,0.9999908407580541,0.90939
XORFeedForwardArbiterPUF,30,2.79,0.00452,0.9999897847478244,0.90877
XORFeedForwardArbiterPUF,30,2.8,0.00452,0.9999897847478244,0.90819
XORFeedForwardArbiterPUF,30,2.81,0.00442,0.9999902317522907,0.90754
XORFeedForwardArbiterPUF,30,2.82,0.00432,0.9999906687564641,0.90695
XORFeedForwardArbiterPUF,30,2.83,0.0043,0.9999907549572646,0.90632
XORFeedForwardArbiterPUF,30,2.84,0.0045,0.9999898749487417,0.90578
XORFeedForwardArbiterPUF,30,2.85,0.00462,0.9999893277430516,0.9053
XORFeedForwardArbiterPUF,30,2.86,0.00438,0.9999904077539944,0.90472
XORFeedForwardArbiterPUF,30,2.87,0.00436,0.999990495154829,0.90407
XORFeedForwardArbiterPUF,30,2.88,0.0046,0.9999894199440309,0.90353
XORFeedForwardArbiterPUF,30,2.89,0.00494,0.9999877981255573,0.90294
XORFeedForwardArbiterPUF,30,2.9,0.00486,0.9999881901302635,0.90218
XORFeedForwardArbiterPUF,30,2.91,0.0048,0.9999884799336439,0.90167
XORFeedForwardArbiterPUF,30,2.92,0.00484,0.9999882871314043,0.90083
XORFeedForwardArbiterPUF,30,2.93,0.00476,0.9999886711358286,0.90033
XORFeedForwardArbiterPUF,30,2.94,0.00498,0.9999875997231167,0.8996
XORFeedForwardArbiterPUF,30,2.95,0.00486,0.9999881901302637,0.89896
XORFeedForwardArbiterPUF,30,2.96,0.0046,0.9999894199440311,0.89839
XORFeedForwardArbiterPUF,30,2.97,0.00452,0.9999897847478244,0.89775
XORFeedForwardArbiterPUF,30,2.98,0.0047,0.9999889549390032,0.89726
XORFeedForwardArbiterPUF,30,2.99,0.00468,0.9999890487400349,0.89649
XORFeedForwardArbiterPUF,30,3.0,0.0048,0.9999884799336439,0.89589
XORFeedForwardArbiterPUF,35,0.5,0.00406,0.999991758166036,0.95316
XORFeedForwardArbiterPUF,35,0.51,0.00382,0.9999927037733823,0.95358
XORFeedForwardArbiterPUF,35,0.52,0.004,0.9999919999679996,0.95401
XORFeedForwardArbiterPUF,35,0.53,0.00392,0.999992316770484,0.95453
XORFeedForwardArbiterPUF,35,0.54,0.00394,0.999992238169877,0.9549
XORFeedForwardArbiterPUF,35,0.55,0.00426,0.9999909261588324,0.95536
XORFeedForwardArbiterPUF,35,0.56,0.00412,0.9999915127639835,0.95567
XORFeedForwardArbiterPUF,35,0.57,0.00404,0.9999918391667005,0.95621
XORFeedForwardArbiterPUF,35,0.58,0.00388,0.9999924727716702,0.95671
XORFeedForwardArbiterPUF,35,0.59,0.00388,0.9999924727716704,0.95715
XORFeedForwardArbiterPUF,35,0.6,0.00394,0.999992238169877,0.95774
XORFeedForwardArbiterPUF,35,0.61,0.00382,0.9999927037733825,0.95828
XORFeedForwardArbiterPUF,35,0.62,0.00374,0.9999930061755431,0.9588
XORFeedForwardArbiterPUF,35,0.63,0.00364,0.999993375178056,0.95929
XORFeedForwardArbiterPUF,35,0.64,0.00366,0.9999933021775695,0.95982
XORFeedForwardArbiterPUF,35,0.65,0.00368,0.9999932287770752,0.96027
XORFeedForwardArbiterPUF,35,0.66,0.00352,0.9999938047808097,0.96073
XORFeedForwardArbiterPUF,35,0.67,0.0035,0.9999938749812421,0.96114
XORFeedForwardArbiterPUF,35,0.68,0.00362,0.9999934477785342,0.96158
XORFeedForwardArbiterPUF,35,0.69,0.00374,0.9999930061755432,0.96208
XORFeedForwardArbiterPUF,35,0.7,0.0039,0.9999923949710818,0.96268
XORFeedForwardArbiterPUF,35,0.71,0.00382,0.9999927037733825,0.96316
XORFeedForwardArbiterPUF,35,0.72,0.0039,0.9999923949710818,0.96374
XORFeedForwardArbiterPUF,35,0.73,0.00372,0.9999930807760621,0.96421
XORFeedForwardArbiterPUF,35,0.74,0.00394,0.999992238169877,0.96472
XORFeedForwardArbiterPUF,35,0.75,0.00376,0.9999929311750158,0.96531
XORFeedForwardArbiterPUF,35,0.76,0.004,0.9999919999679996,0.96591
XORFeedForwardArbiterPUF,35,0.77,0.00392,0.9999923167704838,0.96643
XORFeedForwardArbiterPUF,35,0.78,0.00384,0.9999926271728209,0.96701
XORFeedForwardArbiterPUF,35,0.79,0.00398,0.9999920797686351,0.96742
XORFeedForwardArbiterPUF,35,0.8,0.00386,0.99999255017225,0.96792
XORFeedForwardArbiterPUF,35,0.81,0.00398,0.9999920797686351,0.96838
XORFeedForwardArbiterPUF,35,0.82,0.00386,0.9999925501722501,0.9689
XORFeedForwardArbiterPUF,35,0.83,0.00354,0.9999937341803697,0.9696
XORFeedForwardArbiterPUF,35,0.84,0.00366,0.9999933021775694,0.97006
XORFeedForwardArbiterPUF,35,0.85,0.0035,0.9999938749812421,0.97066
XORFeedForwardArbiterPUF,35,0.86,0.00348,0.9999939447816673,0.97131
XORFeedForwardArbiterPUF,35,0.87,0.00352,0.9999938047808097,0.97193
XORFeedForwardArbiterPUF,35,0.88,0.00378,0.99999285577448,0.97254
XORFeedForwardArbiterPUF,35,0.89,0.00374,0.9999930061755433,0.97314
XORFeedForwardArbiterPUF,35,0.9,0.00392,0.9999923167704838,0.97363
XORFeedForwardArbiterPUF,35,0.91,0.0038,0.9999927799739354,0.97407
XORFeedForwardArbiterPUF,35,0.92,0.00378,0.9999928557744799,0.97448
XORFeedForwardArbiterPUF,35,0.93,0.00366,0.9999933021775695,0.97498
XORFeedForwardArbiterPUF,35,0.94,0.0034,0.9999942199832959,0.97569
XORFeedForwardArbiterPUF,35,0.95,0.00346,0.999994014182085,0.9762
XORFeedForwardArbiterPUF,35,0.96,0.00344,0.9999940831824957,0.97655
XORFeedForwardArbiterPUF,35,0.97,0.00352,0.9999938047808097,0.97719
XORFeedForwardArbiterPUF,35,0.98,0.00362,0.999993447778534,0.97778
XORFeedForwardArbiterPUF,35,0.99,0.00354,0.9999937341803697,0.9783
XORFeedForwardArbiterPUF,35,1.0,0.00376,0.9999929311750159,0.97887
XORFeedForwardArbiterPUF,35,1.01,0.00346,0.999994014182085,0.97942
XORFeedForwardArbiterPUF,35,1.02,0.00322,0.9999948157865619,0.9801
XORFeedForwardArbiterPUF,35,1.03,0.0031,0.9999951949884559,0.9806
XORFeedForwardArbiterPUF,35,1.04,0.00304,0.999995379189324,0.98109
XORFeedForwardArbiterPUF,35,1.05,0.0032,0.9999948799868928,0.98169
XORFeedForwardArbiterPUF,35,1.06,0.0032,0.9999948799868928,0.98247
XORFeedForwardArbiterPUF,35,1.07,0.0033,0.999994554985176,0.98314
XORFeedForwardArbiterPUF,35,1.08,0.00328,0.9999946207855321,0.98377
XORFeedForwardArbiterPUF,35,1.09,0.00296,0.9999956191904044,0.98443
XORFeedForwardArbiterPUF,35,1.1,0.003,0.999995499989875,0.98521
XORFeedForwardArbiterPUF,35,1.11,0.00284,0.9999959671918682,0.98581
XORFeedForwardArbiterPUF,35,1.12,0.00296,0.9999956191904043,0.98625
XORFeedForwardArbiterPUF,35,1.13,0.00272,0.9999963007931578,0.98683
XORFeedForwardArbiterPUF,35,1.14,0.0028,0.9999960799923168,0.98753
XORFeedForwardArbiterPUF,35,1.15,0.0027,0.9999963549933569,0.98804
XORFeedForwardArbiterPUF,35,1.16,0.00274,0.9999962461929545,0.98862
XORFeedForwardArbiterPUF,35,1.17,0.0028,0.9999960799923167,0.98925
XORFeedForwardArbiterPUF,35,1.18,0.00284,0.9999959671918681,0.98973
XORFeedForwardArbiterPUF,35,1.19,0.00308,0.999995256788751,0.99041
XORFeedForwardArbiterPUF,35,1.2,0.00304,0.999995379189324,0.99087
XORFeedForwardArbiterPUF,35,1.21,0.00348,0.9999939447816673,0.99157
XORFeedForwardArbiterPUF,35,1.22,0.0035,0.9999938749812423,0.99228
XORFeedForwardArbiterPUF,35,1.23,0.00348,0.9999939447816673,0.99289
XORFeedForwardArbiterPUF,35,1.24,0.00364,0.999993375178056,0.99343
XORFeedForwardArbiterPUF,35,1.25,0.00368,0.9999932287770752,0.99403
XORFeedForwardArbiterPUF,35,1.26,0.0038,0.9999927799739354,0.99463
XORFeedForwardArbiterPUF,35,1.27,0.00366,0.9999933021775695,0.9953
XORFeedForwardArbiterPUF,35,1.28,0.00362,0.9999934477785342,0.99596
XORFeedForwardArbiterPUF,35,1.29,0.0038,0.9999927799739354,0.99655
XORFeedForwardArbiterPUF,35,1.3,0.00352,0.9999938047808097,0.99703
XORFeedForwardArbiterPUF,35,1.31,0.00372,0.9999930807760621,0.99775
XORFeedForwardArbiterPUF,35,1.32,0.00372,0.9999930807760623,0.99831
XORFeedForwardArbiterPUF,35,1.33,0.00358,0.9999935917794673,0.99884
XORFeedForwardArbiterPUF,35,1.34,0.00372,0.9999930807760623,0.99943
XORFeedForwardArbiterPUF,35,1.35,0.0035,0.9999938749812423,1.0
XORFeedForwardArbiterPUF,35,1.36,0.0036,0.9999935199790048,0.99951
XORFeedForwardArbiterPUF,35,1.37,0.00372,0.9999930807760621,0.99893
XORFeedForwardArbiterPUF,35,1.38,0.00346,0.9999940141820851,0.99834
XORFeedForwardArbiterPUF,35,1.39,0.00346,0.999994014182085,0.99768
XORFeedForwardArbiterPUF,35,1.4,0.00346,0.9999940141820851,0.9971
XORFeedForwardArbiterPUF,35,1.41,0.00376,0.9999929311750158,0.99637
XORFeedForwardArbiterPUF,35,1.42,0.00368,0.9999932287770752,0.99577
XORFeedForwardArbiterPUF,35,1.43,0.00388,0.9999924727716702,0.99521
XORFeedForwardArbiterPUF,35,1.44,0.00394,0.9999922381698768,0.9945
XORFeedForwardArbiterPUF,35,1.45,0.00382,0.9999927037733825,0.99392
XORFeedForwardArbiterPUF,35,1.46,0.004,0.9999919999679996,0.99331
XORFeedForwardArbiterPUF,35,1.47,0.00408,0.9999916767653622,0.99287
XORFeedForwardArbiterPUF,35,1.48,0.00388,0.9999924727716702,0.99233
XORFeedForwardArbiterPUF,35,1.49,0.00376,0.9999929311750159,0.99159
XORFeedForwardArbiterPUF,35,1.5,0.00388,0.9999924727716704,0.99087
XORFeedForwardArbiterPUF,35,1.51,0.004,0.9999919999679996,0.99029
XORFeedForwardArbiterPUF,35,1.52,0.00416,0.9999913471625642,0.98967
XORFeedForwardArbiterPUF,35,1.53,0.0042,0.9999911799611034,0.98905
XORFeedForwardArbiterPUF,35,1.54,0.0041,0.9999915949646777,0.98842
XORFeedForwardArbiterPUF,35,1.55,0.00416,0.9999913471625641,0.98777
XORFeedForwardArbiterPUF,35,1.56,0.00396,0.9999921591692607,0.98707
XORFeedForwardArbiterPUF,35,1.57,0.00388,0.9999924727716702,0.98653
XORFeedForwardArbiterPUF,35,1.58,0.00394,0.9999922381698769,0.98586
XORFeedForwardArbiterPUF,35,1.59,0.00416,0.9999913471625642,0.98527
XORFeedForwardArbiterPUF,35,1.6,0.00412,0.9999915127639835,0.98463
XORFeedForwardArbiterPUF,35,1.61,0.00402,0.9999919197673547,0.9839
XORFeedForwardArbiterPUF,35,1.62,0.00384,0.9999926271728209,0.98323
XORFeedForwardArbiterPUF,35,1.63,0.00394,0.9999922381698769,0.98266
XORFeedForwardArbiterPUF,35,1.64,0.00392,0.9999923167704838,0.98209
XORFeedForwardArbiterPUF,35,1.65,0.00394,0.999992238169877,0.98134
XORFeedForwardArbiterPUF,35,1.66,0.0037,0.9999931549765729,0.98078
XORFeedForwardArbiterPUF,35,1.67,0.00376,0.999992931175016,0.98015
XORFeedForwardArbiterPUF,35,1.68,0.0037,0.9999931549765729,0.97944
XORFeedForwardArbiterPUF,35,1.69,0.00378,0.9999928557744799,0.97878
XORFeedForwardArbiterPUF,35,1.7,0.00388,0.9999924727716704,0.97809
XORFeedForwardArbiterPUF,35,1.71,0.00392,0.9999923167704838,0.97747
XORFeedForwardArbiterPUF,35,1.72,0.00386,0.99999255017225,0.9768
XORFeedForwardArbiterPUF,35,1.73,0.00394,0.999992238169877,0.97616
XORFeedForwardArbiterPUF,35,1.74,0.00378,0.9999928557744799,0.9756
XORFeedForwardArbiterPUF,35,1.75,0.0038,0.9999927799739354,0.97489
XORFeedForwardArbiterPUF,35,1.76,0.00388,0.9999924727716704,0.97427
XORFeedForwardArbiterPUF,35,1.77,0.00368,0.9999932287770751,0.97379
XORFeedForwardArbiterPUF,35,1.78,0.00366,0.9999933021775695,0.97314
XORFeedForwardArbiterPUF,35,1.79,0.00342,0.9999941517828991,0.97246
XORFeedForwardArbiterPUF,35,1.8,0.00358,0.9999935917794672,0.9718
XORFeedForwardArbiterPUF,35,1.81,0.00356,0.9999936631799223,0.97119
XORFeedForwardArbiterPUF,35,1.82,0.00358,0.9999935917794673,0.97062
XORFeedForwardArbiterPUF,35,1.83,0.00362,0.9999934477785342,0.97
XORFeedForwardArbiterPUF,35,1.84,0.0035,0.9999938749812421,0.96928
XORFeedForwardArbiterPUF,35,1.85,0.00326,0.9999946861858817,0.96864
XORFeedForwardArbiterPUF,35,1.86,0.00342,0.9999941517828991,0.96806
XORFeedForwardArbiterPUF,35,1.87,0.00318,0.9999949437872172,0.96746
XORFeedForwardArbiterPUF,35,1.88,0.00308,0.999995256788751,0.96683
XORFeedForwardArbiterPUF,35,1.89,0.00302,0.9999954397896021,0.96618
XORFeedForwardArbiterPUF,35,1.9,0.00294,0.9999956781906609,0.9654
XORFeedForwardArbiterPUF,35,1.91,0.00286,0.9999959101916368,0.96468
XORFeedForwardArbiterPUF,35,1.92,0.0029,0.999995794991159,0.96408
XORFeedForwardArbiterPUF,35,1.93,0.00294,0.9999956781906609,0.96356
XORFeedForwardArbiterPUF,35,1.94,0.00318,0.9999949437872174,0.96286
XORFeedForwardArbiterPUF,35,1.95,0.00326,0.9999946861858818,0.96222
XORFeedForwardArbiterPUF,35,1.96,0.0036,0.9999935199790048,0.96159
XORFeedForwardArbiterPUF,35,1.97,0.00362,0.9999934477785342,0.96096
XORFeedForwardArbiterPUF,35,1.98,0.00344,0.9999940831824957,0.96039
XORFeedForwardArbiterPUF,35,1.99,0.0034,0.9999942199832957,0.95975
XORFeedForwardArbiterPUF,35,2.0,0.00328,0.999994620785532,0.95915
XORFeedForwardArbiterPUF,35,2.01,0.00338,0.9999942877836854,0.95858
XORFeedForwardArbiterPUF,35,2.02,0.00352,0.9999938047808096,0.95785
XORFeedForwardArbiterPUF,35,2.03,0.00372,0.9999930807760621,0.95707
XORFeedForwardArbiterPUF,35,2.04,0.00388,0.9999924727716704,0.95645
XORFeedForwardArbiterPUF,35,2.05,0.00406,0.999991758166036,0.9559
XORFeedForwardArbiterPUF,35,2.06,0.00404,0.9999918391667004,0.95531
XORFeedForwardArbiterPUF,35,2.07,0.00402,0.9999919197673547,0.9547
XORFeedForwardArbiterPUF,35,2.08,0.00422,0.9999910957603572,0.95406
XORFeedForwardArbiterPUF,35,2.09,0.00428,0.9999908407580541,0.95337
XORFeedForwardArbiterPUF,35,2.1,0.00416,0.9999913471625641,0.95263
XORFeedForwardArbiterPUF,35,2.11,0.00432,0.9999906687564641,0.95199
XORFeedForwardArbiterPUF,35,2.12,0.00434,0.9999905821556522,0.95142
XORFeedForwardArbiterPUF,35,2.13,0.00404,0.9999918391667005,0.95067
XORFeedForwardArbiterPUF,35,2.14,0.0041,0.9999915949646776,0.95004
XORFeedForwardArbiterPUF,35,2.15,0.00432,0.9999906687564641,0.94953
XORFeedForwardArbiterPUF,35,2.16,0.00458,0.9999895117449982,0.94896
XORFeedForwardArbiterPUF,35,2.17,0.0048,0.9999884799336439,0.94839
XORFeedForwardArbiterPUF,35,2.18,0.00476,0.9999886711358286,0.94787
XORFeedForwardArbiterPUF,35,2.19,0.00464,0.9999892351420588,0.94721
XORFeedForwardArbiterPUF,35,2.2,0.00458,0.9999895117449983,0.94666
XORFeedForwardArbiterPUF,35,2.21,0.00472,0.9999888607379585,0.94595
XORFeedForwardArbiterPUF,35,2.22,0.00474,0.9999887661369005,0.9455
XORFeedForwardArbiterPUF,35,2.23,0.0049,0.9999879949279391,0.94488
XORFeedForwardArbiterPUF,35,2.24,0.00466,0.9999891421410534,0.9443
XORFeedForwardArbiterPUF,35,2.25,0.00484,0.9999882871314043,0.94363
XORFeedForwardArbiterPUF,35,2.26,0.00464,0.9999892351420587,0.94309
XORFeedForwardArbiterPUF,35,2.27,0.00456,0.9999896031459528,0.94259
XORFeedForwardArbiterPUF,35,2.28,0.00438,0.9999904077539944,0.94194
XORFeedForwardArbiterPUF,35,2.29,0.00426,0.9999909261588324,0.9413
XORFeedForwardArbiterPUF,35,2.3,0.00404,0.9999918391667005,0.94067
XORFeedForwardArbiterPUF,35,2.31,0.00386,0.9999925501722501,0.94012
XORFeedForwardArbiterPUF,35,2.32,0.0038,0.9999927799739355,0.93965
XORFeedForwardArbiterPUF,35,2.33,0.00388,0.9999924727716702,0.93907
XORFeedForwardArbiterPUF,35,2.34,0.00402,0.9999919197673549,0.93848
XORFeedForwardArbiterPUF,35,2.35,0.00396,0.9999921591692607,0.93777
XORFeedForwardArbiterPUF,35,2.36,0.0041,0.9999915949646776,0.9371
XORFeedForwardArbiterPUF,35,2.37,0.00428,0.9999908407580541,0.93647
XORFeedForwardArbiterPUF,35,2.38,0.00426,0.9999909261588326,0.93592
XORFeedForwardArbiterPUF,35,2.39,0.00412,0.9999915127639835,0.93523
XORFeedForwardArbiterPUF,35,2.4,0.00422,0.9999910957603573,0.93466
XORFeedForwardArbiterPUF,35,2.41,0.00416,0.9999913471625641,0.93403
XORFeedForwardArbiterPUF,35,2.42,0.00412,0.9999915127639836,0.93347
XORFeedForwardArbiterPUF,35,2.43,0.00402,0.9999919197673548,0.93288
XORFeedForwardArbiterPUF,35,2.44,0.00374,0.9999930061755433,0.93232
XORFeedForwardArbiterPUF,35,2.45,0.00402,0.9999919197673547,0.9317
XORFeedForwardArbiterPUF,35,2.46,0.0041,0.9999915949646777,0.93112
XORFeedForwardArbiterPUF,35,2.47,0.00378,0.9999928557744799,0.93052
XORFeedForwardArbiterPUF,35,2.48,0.00384,0.9999926271728209,0.93001
XORFeedForwardArbiterPUF,35,2.49,0.00388,0.9999924727716702,0.92943
XORFeedForwardArbiterPUF,35,2.5,0.00398,0.9999920797686351,0.9288
XORFeedForwardArbiterPUF,35,2.51,0.0038,0.9999927799739355,0.92817
XORFeedForwardArbiterPUF,35,2.52,0.0035,0.9999938749812421,0.92764
XORFeedForwardArbiterPUF,35,2.53,0.00352,0.9999938047808096,0.92709
XORFeedForwardArbiterPUF,35,2.54,0.00344,0.9999940831824957,0.92639
XORFeedForwardArbiterPUF,35,2.55,0.0034,0.9999942199832957,0.92577
XORFeedForwardArbiterPUF,35,2.56,0.00358,0.9999935917794672,0.9253
XORFeedForwardArbiterPUF,35,2.57,0.00358,0.9999935917794673,0.92486
XORFeedForwardArbiterPUF,35,2.58,0.0037,0.9999931549765729,0.92428
XORFeedForwardArbiterPUF,35,2.59,0.00384,0.9999926271728209,0.92357
XORFeedForwardArbiterPUF,35,2.6,0.00392,0.9999923167704838,0.92283
XORFeedForwardArbiterPUF,35,2.61,0.00364,0.999993375178056,0.92221
XORFeedForwardArbiterPUF,35,2.62,0.00364,0.999993375178056,0.92155
XORFeedForwardArbiterPUF,35,2.63,0.0038,0.9999927799739355,0.92079
XORFeedForwardArbiterPUF,35,2.64,0.00388,0.9999924727716702,0.92033
XORFeedForwardArbiterPUF,35,2.65,0.00412,0.9999915127639833,0.91965
XORFeedForwardArbiterPUF,35,2.66,0.00422,0.9999910957603572,0.9191
XORFeedForwardArbiterPUF,35,2.67,0.00406,0.999991758166036,0.91848
XORFeedForwardArbiterPUF,35,2.68,0.00404,0.9999918391667004,0.91787
XORFeedForwardArbiterPUF,35,2.69,0.00402,0.9999919197673548,0.91736
XORFeedForwardArbiterPUF,35,2.7,0.0039,0.9999923949710818,0.91678
XORFeedForwardArbiterPUF,35,2.71,0.0042,0.9999911799611034,0.91615
XORFeedForwardArbiterPUF,35,2.72,0.00408,0.999991676765362,0.91537
XORFeedForwardArbiterPUF,35,2.73,0.0041,0.9999915949646777,0.91466
XORFeedForwardArbiterPUF,35,2.74,0.0043,0.9999907549572646,0.914
XORFeedForwardArbiterPUF,35,2.75,0.0042,0.9999911799611033,0.91345
XORFeedForwardArbiterPUF,35,2.76,0.00386,0.9999925501722501,0.91294
XORFeedForwardArbiterPUF,35,2.77,0.00386,0.9999925501722501,0.91224
XORFeedForwardArbiterPUF,35,2.78,0.0038,0.9999927799739354,0.91161
XORFeedForwardArbiterPUF,35,2.79,0.00384,0.9999926271728209,0.91099
XORFeedForwardArbiterPUF,35,2.8,0.00382,0.9999927037733823,0.91042
XORFeedForwardArbiterPUF,35,2.81,0.0041,0.9999915949646776,0.90972
XORFeedForwardArbiterPUF,35,2.82,0.0041,0.9999915949646777,0.90908
XORFeedForwardArbiterPUF,35,2.83,0.00422,0.9999910957603572,0.90846
XORFeedForwardArbiterPUF,35,2.84,0.00438,0.9999904077539944,0.9079
XORFeedForwardArbiterPUF,35,2.85,0.00452,0.9999897847478244,0.90729
XORFeedForwardArbiterPUF,35,2.86,0.00442,0.9999902317522906,0.9067
XORFeedForwardArbiterPUF,35,2.87,0.00436,0.9999904951548289,0.90599
XORFeedForwardArbiterPUF,35,2.88,0.00432,0.9999906687564641,0.90547
XORFeedForwardArbiterPUF,35,2.89,0.00438,0.9999904077539944,0.90484
XORFeedForwardArbiterPUF,35,2.9,0.00458,0.9999895117449983,0.90434
XORFeedForwardArbiterPUF,35,2.91,0.0045,0.9999898749487417,0.9038
XORFeedForwardArbiterPUF,35,2.92,0.00436,0.9999904951548289,0.90333
XORFeedForwardArbiterPUF,35,2.93,0.00438,0.9999904077539944,0.90268
XORFeedForwardArbiterPUF,35,2.94,0.00462,0.9999893277430516,0.90212
XORFeedForwardArbiterPUF,35,2.95,0.0049,0.999987994927939,0.90154
XORFeedForwardArbiterPUF,35,2.96,0.00484,0.9999882871314044,0.90081
XORFeedForwardArbiterPUF,35,2.97,0.00482,0.9999883837325311,0.90032
XORFeedForwardArbiterPUF,35,2.98,0.00484,0.9999882871314043,0.89949
XORFeedForwardArbiterPUF,35,2.99,0.00476,0.9999886711358286,0.89895
XORFeedForwardArbiterPUF,35,3.0,0.005,0.9999874999218739,0.89833
XORFeedForwardArbiterPUF,40,0.5,0.00394,0.999992238169877,0.95412
XORFeedForwardArbiterPUF,40,0.51,0.00406,0.999991758166036,0.95448
XORFeedForwardArbiterPUF,40,0.52,0.00382,0.9999927037733825,0.95488
XORFeedForwardArbiterPUF,40,0.53,0.00398,0.9999920797686352,0.9553
XORFeedForwardArbiterPUF,40,0.54,0.00388,0.9999924727716704,0.95583
XORFeedForwardArbiterPUF,40,0.55,0.00386,0.9999925501722501,0.95618
XORFeedForwardArbiterPUF,40,0.56,0.0042,0.9999911799611034,0.95663
XORFeedForwardArbiterPUF,40,0.57,0.0041,0.9999915949646777,0.95692
XORFeedForwardArbiterPUF,40,0.58,0.00414,0.9999914301632787,0.9574
XORFeedForwardArbiterPUF,40,0.59,0.00394,0.999992238169877,0.95792
XORFeedForwardArbiterPUF,40,0.6,0.004,0.9999919999679996,0.95841
XORFeedForwardArbiterPUF,40,0.61,0.00402,0.9999919197673547,0.95894
XORFeedForwardArbiterPUF,40,0.62,0.00388,0.9999924727716702,0.95951
XORFeedForwardArbiterPUF,40,0.63,0.00374,0.9999930061755431,0.96
XORFeedForwardArbiterPUF,40,0.64,0.00368,0.9999932287770751,0.96043
XORFeedForwardArbiterPUF,40,0.65,0.00364,0.9999933751780561,0.96095
XORFeedForwardArbiterPUF,40,0.66,0.00362,0.9999934477785342,0.96146
XORFeedForwardArbiterPUF,40,0.67,0.00362,0.999993447778534,0.96186
XORFeedForwardArbiterPUF,40,0.68,0.00348,0.9999939447816673,0.96233
XORFeedForwardArbiterPUF,40,0.69,0.00354,0.9999937341803696,0.96274
XORFeedForwardArbiterPUF,40,0.7,0.00366,0.9999933021775694,0.96318
XORFeedForwardArbiterPUF,40,0.71,0.004,0.9999919999679995,0.96375
XORFeedForwardArbiterPUF,40,0.72,0.00394,0.9999922381698769,0.9642
XORFeedForwardArbiterPUF,40,0.73,0.00392,0.9999923167704838,0.96479
XORFeedForwardArbiterPUF,40,0.74,0.00374,0.9999930061755431,0.96532
XORFeedForwardArbiterPUF,40,0.75,0.0038,0.9999927799739353,0.96581
XORFeedForwardArbiterPUF,40,0.76,0.00378,0.9999928557744799,0.96634
XORFeedForwardArbiterPUF,40,0.77,0.0039,0.9999923949710818,0.96698
XORFeedForwardArbiterPUF,40,0.78,0.00412,0.9999915127639835,0.96747
XORFeedForwardArbiterPUF,40,0.79,0.00386,0.99999255017225,0.96802
XORFeedForwardArbiterPUF,40,0.8,0.00388,0.9999924727716702,0.96851
XORFeedForwardArbiterPUF,40,0.81,0.0039,0.9999923949710817,0.96898
XORFeedForwardArbiterPUF,40,0.82,0.00382,0.9999927037733825,0.96942
XORFeedForwardArbiterPUF,40,0.83,0.00396,0.9999921591692607,0.96995
XORFeedForwardArbiterPUF,40,0.84,0.00382,0.9999927037733825,0.97046
XORFeedForwardArbiterPUF,40,0.85,0.00354,0.9999937341803696,0.97108
XORFeedForwardArbiterPUF,40,0.86,0.00352,0.9999938047808096,0.97155
XORFeedForwardArbiterPUF,40,0.87,0.00346,0.999994014182085,0.97218
XORFeedForwardArbiterPUF,40,0.88,0.0035,0.9999938749812423,0.97286
XORFeedForwardArbiterPUF,40,0.89,0.00354,0.9999937341803697,0.97338
XORFeedForwardArbiterPUF,40,0.9,0.0038,0.9999927799739354,0.97397
XORFeedForwardArbiterPUF,40,0.91,0.00372,0.9999930807760621,0.97461
XORFeedForwardArbiterPUF,40,0.92,0.00398,0.9999920797686351,0.97506
XORFeedForwardArbiterPUF,40,0.93,0.00376,0.9999929311750158,0.97547
XORFeedForwardArbiterPUF,40,0.94,0.00376,0.9999929311750159,0.97591
XORFeedForwardArbiterPUF,40,0.95,0.00352,0.9999938047808097,0.97645
XORFeedForwardArbiterPUF,40,0.96,0.00344,0.9999940831824957,0.97711
XORFeedForwardArbiterPUF,40,0.97,0.00348,0.9999939447816673,0.97759
XORFeedForwardArbiterPUF,40,0.98,0.00344,0.9999940831824957,0.97793
XORFeedForwardArbiterPUF,40,0.99,0.00354,0.9999937341803697,0.97858
XORFeedForwardArbiterPUF,40,1.0,0.00358,0.9999935917794672,0.97916
XORFeedForwardArbiterPUF,40,1.01,0.00356,0.9999936631799223,0.97965
XORFeedForwardArbiterPUF,40,1.02,0.00374,0.9999930061755433,0.98022
XORFeedForwardArbiterPUF,40,1.03,0.0035,0.9999938749812421,0.98078
XORFeedForwardArbiterPUF,40,1.04,0.0032,0.9999948799868928,0.98143
XORFeedForwardArbiterPUF,40,1.05,0.00316,0.999995007187536,0.98193
XORFeedForwardArbiterPUF,40,1.06,0.00312,0.9999951327881552,0.98239
XORFeedForwardArbiterPUF,40,1.07,0.00312,0.9999951327881552,0.98301
XORFeedForwardArbiterPUF,40,1.08,0.00318,0.9999949437872174,0.98372
XORFeedForwardArbiterPUF,40,1.09,0.0033,0.999994554985176,0.98446
XORFeedForwardArbiterPUF,40,1.1,0.0033,0.999994554985176,0.98504
XORFeedForwardArbiterPUF,40,1.11,0.00314,0.9999950701878484,0.9857
XORFeedForwardArbiterPUF,40,1.12,0.00308,0.999995256788751,0.98643
XORFeedForwardArbiterPUF,40,1.13,0.00296,0.9999956191904044,0.98709
XORFeedForwardArbiterPUF,40,1.14,0.00298,0.9999955597901421,0.98752
XORFeedForwardArbiterPUF,40,1.15,0.00284,0.9999959671918682,0.98811
XORFeedForwardArbiterPUF,40,1.16,0.00262,0.9999965677941101,0.98874
XORFeedForwardArbiterPUF,40,1.17,0.0028,0.9999960799923167,0.98931
XORFeedForwardArbiterPUF,40,1.18,0.00276,0.9999961911927466,0.98983
XORFeedForwardArbiterPUF,40,1.19,0.00292,0.9999957367909125,0.99051
XORFeedForwardArbiterPUF,40,1.2,0.00276,0.9999961911927469,0.99101
XORFeedForwardArbiterPUF,40,1.21,0.00302,0.9999954397896021,0.99158
XORFeedForwardArbiterPUF,40,1.22,0.00306,0.9999953181890404,0.99214
XORFeedForwardArbiterPUF,40,1.23,0.00346,0.999994014182085,0.99272
XORFeedForwardArbiterPUF,40,1.24,0.0034,0.9999942199832957,0.99345
XORFeedForwardArbiterPUF,40,1.25,0.00364,0.9999933751780559,0.99405
XORFeedForwardArbiterPUF,40,1.26,0.00348,0.9999939447816673,0.99461
XORFeedForwardArbiterPUF,40,1.27,0.00378,0.99999285577448,0.9952
XORFeedForwardArbiterPUF,40,1.28,0.00374,0.9999930061755433,0.99572
XORFeedForwardArbiterPUF,40,1.29,0.00384,0.9999926271728209,0.99633
XORFeedForwardArbiterPUF,40,1.3,0.0035,0.9999938749812423,0.997
XORFeedForwardArbiterPUF,40,1.31,0.00368,0.9999932287770751,0.99767
XORFeedForwardArbiterPUF,40,1.32,0.0037,0.9999931549765728,0.99814
XORFeedForwardArbiterPUF,40,1.33,0.0035,0.999993874981242,0.9987
XORFeedForwardArbiterPUF,40,1.34,0.00378,0.9999928557744799,0.9993
XORFeedForwardArbiterPUF,40,1.35,0.00358,0.9999935917794672,1.0
XORFeedForwardArbiterPUF,40,1.36,0.0036,0.9999935199790048,0.99957
XORFeedForwardArbiterPUF,40,1.37,0.00362,0.9999934477785342,0.99898
XORFeedForwardArbiterPUF,40,1.38,0.0034,0.9999942199832959,0.99841
XORFeedForwardArbiterPUF,40,1.39,0.00372,0.9999930807760621,0.99791
XORFeedForwardArbiterPUF,40,1.4,0.00362,0.9999934477785343,0.99734
XORFeedForwardArbiterPUF,40,1.41,0.00338,0.9999942877836853,0.99672
XORFeedForwardArbiterPUF,40,1.42,0.00346,0.999994014182085,0.99612
XORFeedForwardArbiterPUF,40,1.43,0.0034,0.9999942199832957,0.99553
XORFeedForwardArbiterPUF,40,1.44,0.00378,0.9999928557744798,0.99486
XORFeedForwardArbiterPUF,40,1.45,0.00372,0.9999930807760622,0.99427
XORFeedForwardArbiterPUF,40,1.46,0.00398,0.9999920797686351,0.99364
XORFeedForwardArbiterPUF,40,1.47,0.00394,0.9999922381698769,0.99302
XORFeedForwardArbiterPUF,40,1.48,0.0038,0.9999927799739354,0.99241
XORFeedForwardArbiterPUF,40,1.49,0.00406,0.9999917581660359,0.99182
XORFeedForwardArbiterPUF,40,1.5,0.00406,0.999991758166036,0.99138
XORFeedForwardArbiterPUF,40,1.51,0.00388,0.9999924727716702,0.99089
XORFeedForwardArbiterPUF,40,1.52,0.00376,0.9999929311750159,0.99017
XORFeedForwardArbiterPUF,40,1.53,0.00386,0.9999925501722501,0.98944
XORFeedForwardArbiterPUF,40,1.54,0.00398,0.999992079768635,0.98888
XORFeedForwardArbiterPUF,40,1.55,0.0042,0.9999911799611033,0.98829
XORFeedForwardArbiterPUF,40,1.56,0.00428,0.9999908407580541,0.98765
XORFeedForwardArbiterPUF,40,1.57,0.00418,0.999991263761839,0.98704
XORFeedForwardArbiterPUF,40,1.58,0.00412,0.9999915127639836,0.98641
XORFeedForwardArbiterPUF,40,1.59,0.00396,0.9999921591692607,0.98581
XORFeedForwardArbiterPUF,40,1.6,0.00392,0.9999923167704838,0.98521
XORFeedForwardArbiterPUF,40,1.61,0.00386,0.9999925501722501,0.98458
XORFeedForwardArbiterPUF,40,1.62,0.00402,0.9999919197673547,0.98394
XORFeedForwardArbiterPUF,40,1.63,0.0041,0.9999915949646776,0.98328
XORFeedForwardArbiterPUF,40,1.64,0.00402,0.9999919197673548,0.98264
XORFeedForwardArbiterPUF,40,1.65,0.00392,0.9999923167704838,0.98197
XORFeedForwardArbiterPUF,40,1.66,0.00406,0.999991758166036,0.9814
XORFeedForwardArbiterPUF,40,1.67,0.00398,0.9999920797686351,0.9809
XORFeedForwardArbiterPUF,40,1.68,0.00394,0.9999922381698769,0.98016
XORFeedForwardArbiterPUF,40,1.69,0.00372,0.9999930807760621,0.97951
XORFeedForwardArbiterPUF,40,1.7,0.0038,0.9999927799739354,0.97897
XORFeedForwardArbiterPUF,40,1.71,0.00388,0.9999924727716705,0.97831
XORFeedForwardArbiterPUF,40,1.72,0.0038,0.9999927799739355,0.97761
XORFeedForwardArbiterPUF,40,1.73,0.0038,0.9999927799739355,0.97691
XORFeedForwardArbiterPUF,40,1.74,0.00398,0.9999920797686351,0.97638
XORFeedForwardArbiterPUF,40,1.75,0.00398,0.9999920797686351,0.97574
XORFeedForwardArbiterPUF,40,1.76,0.00388,0.9999924727716702,0.97505
XORFeedForwardArbiterPUF,40,1.77,0.00384,0.9999926271728209,0.97453
XORFeedForwardArbiterPUF,40,1.78,0.00362,0.9999934477785342,0.97378
XORFeedForwardArbiterPUF,40,1.79,0.00382,0.9999927037733825,0.9732
XORFeedForwardArbiterPUF,40,1.8,0.00378,0.9999928557744799,0.97262
XORFeedForwardArbiterPUF,40,1.81,0.0036,0.9999935199790047,0.97209
XORFeedForwardArbiterPUF,40,1.82,0.00356,0.9999936631799222,0.97145
XORFeedForwardArbiterPUF,40,1.83,0.00346,0.9999940141820851,0.9707
XORFeedForwardArbiterPUF,40,1.84,0.00364,0.999993375178056,0.97007
XORFeedForwardArbiterPUF,40,1.85,0.00342,0.9999941517828992,0.9696
XORFeedForwardArbiterPUF,40,1.86,0.00366,0.9999933021775694,0.969
XORFeedForwardArbiterPUF,40,1.87,0.00362,0.9999934477785342,0.9684
XORFeedForwardArbiterPUF,40,1.88,0.00344,0.9999940831824957,0.96775
XORFeedForwardArbiterPUF,40,1.89,0.00326,0.9999946861858817,0.9671
XORFeedForwardArbiterPUF,40,1.9,0.00332,0.9999944887848132,0.96657
XORFeedForwardArbiterPUF,40,1.91,0.00328,0.9999946207855321,0.96591
XORFeedForwardArbiterPUF,40,1.92,0.00314,0.9999950701878484,0.96534
XORFeedForwardArbiterPUF,40,1.93,0.00298,0.9999955597901421,0.96462
XORFeedForwardArbiterPUF,40,1.94,0.00286,0.9999959101916367,0.96384
XORFeedForwardArbiterPUF,40,1.95,0.00286,0.9999959101916368,0.96318
XORFeedForwardArbiterPUF,40,1.96,0.00292,0.9999957367909124,0.96263
XORFeedForwardArbiterPUF,40,1.97,0.00294,0.9999956781906609,0.9621
XORFeedForwardArbiterPUF,40,1.98,0.00318,0.9999949437872174,0.96142
XORFeedForwardArbiterPUF,40,1.99,0.00326,0.9999946861858818,0.96078
XORFeedForwardArbiterPUF,40,2.0,0.0036,0.9999935199790048,0.96017
XORFeedForwardArbiterPUF,40,2.01,0.00362,0.9999934477785342,0.95954
XORFeedForwardArbiterPUF,40,2.02,0.00344,0.9999940831824957,0.95897
XORFeedForwardArbiterPUF,40,2.03,0.00344,0.9999940831824957,0.95835
XORFeedForwardArbiterPUF,40,2.04,0.00334,0.9999944221844439,0.95778
XORFeedForwardArbiterPUF,40,2.05,0.00338,0.9999942877836854,0.95722
XORFeedForwardArbiterPUF,40,2.06,0.00344,0.9999940831824957,0.95649
XORFeedForwardArbiterPUF,40,2.07,0.0037,0.9999931549765728,0.9557
XORFeedForwardArbiterPUF,40,2.08,0.00394,0.999992238169877,0.95516
XORFeedForwardArbiterPUF,40,2.09,0.00412,0.9999915127639836,0.95459
XORFeedForwardArbiterPUF,40,2.1,0.00402,0.9999919197673548,0.95394
XORFeedForwardArbiterPUF,40,2.11,0.0042,0.9999911799611033,0.95341
XORFeedForwardArbiterPUF,40,2.12,0.00424,0.9999910111596003,0.95283
XORFeedForwardArbiterPUF,40,2.13,0.00424,0.9999910111596003,0.95215
XORFeedForwardArbiterPUF,40,2.14,0.00412,0.9999915127639833,0.95149
XORFeedForwardArbiterPUF,40,2.15,0.00426,0.9999909261588326,0.9508
XORFeedForwardArbiterPUF,40,2.16,0.00432,0.9999906687564641,0.95019
XORFeedForwardArbiterPUF,40,2.17,0.00398,0.9999920797686351,0.9495
XORFeedForwardArbiterPUF,40,2.18,0.0041,0.9999915949646777,0.94886
XORFeedForwardArbiterPUF,40,2.19,0.00432,0.9999906687564641,0.94831
XORFeedForwardArbiterPUF,40,2.2,0.00444,0.9999901431514212,0.94781
XORFeedForwardArbiterPUF,40,2.21,0.0047,0.9999889549390033,0.94724
XORFeedForwardArbiterPUF,40,2.22,0.00482,0.999988383732531,0.9467
XORFeedForwardArbiterPUF,40,2.23,0.00466,0.9999891421410535,0.94612
XORFeedForwardArbiterPUF,40,2.24,0.00448,0.9999899647496469,0.94555
XORFeedForwardArbiterPUF,40,2.25,0.00444,0.9999901431514211,0.94491
XORFeedForwardArbiterPUF,40,2.26,0.0047,0.9999889549390033,0.94436
XORFeedForwardArbiterPUF,40,2.27,0.0047,0.9999889549390033,0.94382
XORFeedForwardArbiterPUF,40,2.28,0.00484,0.9999882871314044,0.94317
XORFeedForwardArbiterPUF,40,2.29,0.00478,0.9999885757347431,0.94254
XORFeedForwardArbiterPUF,40,2.3,0.0048,0.9999884799336439,0.94205
XORFeedForwardArbiterPUF,40,2.31,0.00468,0.9999890487400349,0.94153
XORFeedForwardArbiterPUF,40,2.32,0.00458,0.9999895117449983,0.94096
XORFeedForwardArbiterPUF,40,2.33,0.00428,0.9999908407580541,0.94027
XORFeedForwardArbiterPUF,40,2.34,0.0041,0.9999915949646776,0.93966
XORFeedForwardArbiterPUF,40,2.35,0.004,0.9999919999679996,0.93915
XORFeedForwardArbiterPUF,40,2.36,0.00372,0.9999930807760622,0.93861
XORFeedForwardArbiterPUF,40,2.37,0.00382,0.9999927037733823,0.93808
XORFeedForwardArbiterPUF,40,2.38,0.0039,0.9999923949710818,0.93758
XORFeedForwardArbiterPUF,40,2.39,0.00388,0.9999924727716702,0.93695
XORFeedForwardArbiterPUF,40,2.4,0.00404,0.9999918391667005,0.93627
XORFeedForwardArbiterPUF,40,2.41,0.00412,0.9999915127639835,0.93565
XORFeedForwardArbiterPUF,40,2.42,0.0043,0.9999907549572646,0.93502
XORFeedForwardArbiterPUF,40,2.43,0.00416,0.9999913471625642,0.93441
XORFeedForwardArbiterPUF,40,2.44,0.00412,0.9999915127639833,0.93377
XORFeedForwardArbiterPUF,40,2.45,0.00426,0.9999909261588326,0.93322
XORFeedForwardArbiterPUF,40,2.46,0.00414,0.999991430163279,0.93266
XORFeedForwardArbiterPUF,40,2.47,0.00416,0.9999913471625642,0.93203
XORFeedForwardArbiterPUF,40,2.48,0.004,0.9999919999679996,0.93151
XORFeedForwardArbiterPUF,40,2.49,0.00374,0.9999930061755433,0.93096
XORFeedForwardArbiterPUF,40,2.5,0.00404,0.9999918391667005,0.93033
XORFeedForwardArbiterPUF,40,2.51,0.0041,0.9999915949646777,0.92978
XORFeedForwardArbiterPUF,40,2.52,0.0038,0.9999927799739355,0.92919
XORFeedForwardArbiterPUF,40,2.53,0.00388,0.9999924727716702,0.92871
XORFeedForwardArbiterPUF,40,2.54,0.0039,0.9999923949710817,0.92814
XORFeedForwardArbiterPUF,40,2.55,0.00396,0.9999921591692607,0.92755
XORFeedForwardArbiterPUF,40,2.56,0.0038,0.9999927799739355,0.92693
XORFeedForwardArbiterPUF,40,2.57,0.00352,0.9999938047808096,0.92643
XORFeedForwardArbiterPUF,40,2.58,0.00348,0.9999939447816673,0.92591
XORFeedForwardArbiterPUF,40,2.59,0.00364,0.999993375178056,0.92521
XORFeedForwardArbiterPUF,40,2.6,0.00344,0.9999940831824958,0.92459
XORFeedForwardArbiterPUF,40,2.61,0.00356,0.9999936631799223,0.92413
XORFeedForwardArbiterPUF,40,2.62,0.00362,0.9999934477785342,0.92362
XORFeedForwardArbiterPUF,40,2.63,0.00362,0.9999934477785342,0.92312
XORFeedForwardArbiterPUF,40,2.64,0.00374,0.9999930061755433,0.92244
XORFeedForwardArbiterPUF,40,2.65,0.00386,0.9999925501722501,0.92182
XORFeedForwardArbiterPUF,40,2.66,0.00368,0.9999932287770751,0.92111
XORFeedForwardArbiterPUF,40,2.67,0.00364,0.999993375178056,0.92053
XORFeedForwardArbiterPUF,40,2.68,0.00382,0.9999927037733825,0.91974
XORFeedForwardArbiterPUF,40,2.69,0.0038,0.9999927799739355,0.91925
XORFeedForwardArbiterPUF,40,2.7,0.00398,0.9999920797686351,0.91866
XORFeedForwardArbiterPUF,40,2.71,0.00412,0.9999915127639835,0.91801
XORFeedForwardArbiterPUF,40,2.72,0.00412,0.9999915127639836,0.91749
XORFeedForwardArbiterPUF,40,2.73,0.00392,0.9999923167704838,0.91681
XORFeedForwardArbiterPUF,40,2.74,0.00414,0.999991430163279,0.91628
XORFeedForwardArbiterPUF,40,2.75,0.00394,0.999992238169877,0.9157
XORFeedForwardArbiterPUF,40,2.76,0.00398,0.9999920797686351,0.91514
XORFeedForwardArbiterPUF,40,2.77,0.00416,0.9999913471625642,0.91453
XORFeedForwardArbiterPUF,40,2.78,0.00408,0.9999916767653622,0.91373
XORFeedForwardArbiterPUF,40,2.79,0.00402,0.9999919197673548,0.91314
XORFeedForwardArbiterPUF,40,2.8,0.00424,0.9999910111596003,0.91243
XORFeedForwardArbiterPUF,40,2.81,0.00416,0.9999913471625642,0.91197
XORFeedForwardArbiterPUF,40,2.82,0.00358,0.9999935917794672,0.91138
XORFeedForwardArbiterPUF,40,2.83,0.00368,0.9999932287770751,0.91073
XORFeedForwardArbiterPUF,40,2.84,0.0037,0.9999931549765729,0.91018
XORFeedForwardArbiterPUF,40,2.85,0.0037,0.9999931549765728,0.90948
XORFeedForwardArbiterPUF,40,2.86,0.00392,0.9999923167704838,0.90889
XORFeedForwardArbiterPUF,40,2.87,0.00408,0.9999916767653622,0.90823
XORFeedForwardArbiterPUF,40,2.88,0.00426,0.9999909261588327,0.90768
XORFeedForwardArbiterPUF,40,2.89,0.00426,0.9999909261588327,0.90708
XORFeedForwardArbiterPUF,40,2.9,0.00442,0.9999902317522907,0.90646
XORFeedForwardArbiterPUF,40,2.91,0.00438,0.9999904077539944,0.90588
XORFeedForwardArbiterPUF,40,2.92,0.00454,0.9999896941468946,0.9053
XORFeedForwardArbiterPUF,40,2.93,0.00438,0.9999904077539944,0.9046
XORFeedForwardArbiterPUF,40,2.94,0.00434,0.9999905821556522,0.90406
XORFeedForwardArbiterPUF,40,2.95,0.00434,0.9999905821556522,0.9035
XORFeedForwardArbiterPUF,40,2.96,0.0046,0.9999894199440311,0.90299
XORFeedForwardArbiterPUF,40,2.97,0.00452,0.9999897847478244,0.90247
XORFeedForwardArbiterPUF,40,2.98,0.00434,0.9999905821556522,0.90202
XORFeedForwardArbiterPUF,40,2.99,0.00436,0.999990495154829,0.90135
XORFeedForwardArbiterPUF,40,3.0,0.00464,0.999989235142059,0.90081
