PUF,Temperature,Vdd,Bias,Std,Reliability
ArbiterPUF,0,0.5,0.015,0.9998874936711627,0.91867
ArbiterPUF,0,0.51,0.01628,0.9998674720181672,0.91931
ArbiterPUF,0,0.52,0.0177,0.9998433427292498,0.92002
ArbiterPUF,0,0.53,0.01904,0.9998187227692829,0.92069
ArbiterPUF,0,0.54,0.02018,0.9997963630659997,0.92126
ArbiterPUF,0,0.55,0.02152,0.9997684179848851,0.92193
ArbiterPUF,0,0.56,0.02282,0.9997395898932881,0.92258
ArbiterPUF,0,0.57,0.02452,0.9996993396016626,0.92343
ArbiterPUF,0,0.58,0.02608,0.9996598589520337,0.92421
ArbiterPUF,0,0.59,0.02758,0.9996195994477097,0.92496
ArbiterPUF,0,0.6,0.02912,0.9995759228792979,0.92573
ArbiterPUF,0,0.61,0.03066,0.9995298716896858,0.9265
ArbiterPUF,0,0.62,0.03232,0.9994775723346673,0.92733
ArbiterPUF,0,0.63,0.03402,0.9994211522676514,0.92818
ArbiterPUF,0,0.64,0.03566,0.9993639799392412,0.929
ArbiterPUF,0,0.65,0.03724,0.9993063506252723,0.92979
ArbiterPUF,0,0.66,0.03892,0.9992423297679097,0.93063
ArbiterPUF,0,0.67,0.04022,0.9991908484368739,0.93128
ArbiterPUF,0,0.68,0.0422,0.9991091832227347,0.93227
ArbiterPUF,0,0.69,0.04334,0.9990603807578398,0.93284
ArbiterPUF,0,0.7,0.04478,0.9989968726677776,0.93356
ArbiterPUF,0,0.71,0.04674,0.9989070889727434,0.93454
ArbiterPUF,0,0.72,0.04868,0.998814426007154,0.93551
ArbiterPUF,0,0.73,0.05056,0.9987210253118733,0.93645
ArbiterPUF,0,0.74,0.05224,0.9986345589854179,0.93729
ArbiterPUF,0,0.75,0.05408,0.9985366060390576,0.93821
ArbiterPUF,0,0.76,0.05568,0.9984486654806044,0.93901
ArbiterPUF,0,0.77,0.05758,0.998340895486106,0.93996
ArbiterPUF,0,0.78,0.0594,0.9982342610830385,0.94087
ArbiterPUF,0,0.79,0.0614,0.9981132400684803,0.94187
ArbiterPUF,0,0.8,0.0631,0.9980072093927979,0.94272
ArbiterPUF,0,0.81,0.06516,0.9978748290241618,0.94375
ArbiterPUF,0,0.82,0.06694,0.9977570026815147,0.94464
ArbiterPUF,0,0.83,0.06878,0.997631851736902,0.94556
ArbiterPUF,0,0.84,0.07084,0.99748769135263,0.94659
ArbiterPUF,0,0.85,0.07258,0.9973625938443854,0.94746
ArbiterPUF,0,0.86,0.07474,0.9972030547486305,0.94854
ArbiterPUF,0,0.87,0.0766,0.9970619037953463,0.94947
ArbiterPUF,0,0.88,0.07826,0.9969329829030635,0.9503
ArbiterPUF,0,0.89,0.0804,0.9967626798792177,0.95137
ArbiterPUF,0,0.9,0.08226,0.9966109032114789,0.9523
ArbiterPUF,0,0.91,0.08432,0.9964387274689799,0.95333
ArbiterPUF,0,0.92,0.08638,0.9962622624590375,0.95436
ArbiterPUF,0,0.93,0.08838,0.9960868313555802,0.95536
ArbiterPUF,0,0.94,0.0901,0.9959327236314709,0.95622
ArbiterPUF,0,0.95,0.09224,0.9957368037789907,0.95729
ArbiterPUF,0,0.96,0.09456,0.9955191642555156,0.95845
ArbiterPUF,0,0.97,0.09636,0.9953465478917379,0.95935
ArbiterPUF,0,0.98,0.0984,0.9951469439233586,0.96037
ArbiterPUF,0,0.99,0.09992,0.9949954741605613,0.96113
ArbiterPUF,0,1.0,0.10232,0.9947515356107774,0.96233
ArbiterPUF,0,1.01,0.10436,0.9945395871457305,0.96335
ArbiterPUF,0,1.02,0.10638,0.9943255480978047,0.96436
ArbiterPUF,0,1.03,0.10832,0.9941160785340916,0.96533
ArbiterPUF,0,1.04,0.11084,0.9938382637029027,0.96659
ArbiterPUF,0,1.05,0.11268,0.9936313288136603,0.96751
ArbiterPUF,0,1.06,0.1147,0.9934001761626581,0.96852
ArbiterPUF,0,1.07,0.11676,0.9931601594909052,0.96955
ArbiterPUF,0,1.08,0.11878,0.9929205968253455,0.97056
ArbiterPUF,0,1.09,0.12086,0.992669562543347,0.9716
ArbiterPUF,0,1.1,0.12294,0.9924141053008064,0.97264
ArbiterPUF,0,1.11,0.12532,0.9921163730127629,0.97383
ArbiterPUF,0,1.12,0.1274,0.991851420324637,0.97487
ArbiterPUF,0,1.13,0.12966,0.9915585128473258,0.976
ArbiterPUF,0,1.14,0.13178,0.991278987772867,0.97706
ArbiterPUF,0,1.15,0.13414,0.990962391011889,0.97824
ArbiterPUF,0,1.16,0.13612,0.9906923566879884,0.97923
ArbiterPUF,0,1.17,0.13808,0.9904210789356211,0.98021
ArbiterPUF,0,1.18,0.14018,0.990126036219632,0.98126
ArbiterPUF,0,1.19,0.1426,0.9897803998867627,0.98247
ArbiterPUF,0,1.2,0.14438,0.9895223168781995,0.98336
ArbiterPUF,0,1.21,0.14628,0.9892432267142397,0.98431
ArbiterPUF,0,1.22,0.14834,0.988936420807728,0.98534
ArbiterPUF,0,1.23,0.15018,0.988658670927434,0.98626
ArbiterPUF,0,1.24,0.15194,0.9883897188862296,0.98714
ArbiterPUF,0,1.25,0.1546,0.9879771454846515,0.98847
ArbiterPUF,0,1.26,0.15678,0.9876335512729406,0.98956
ArbiterPUF,0,1.27,0.15922,0.9872431268942824,0.99078
ArbiterPUF,0,1.28,0.16154,0.986866165394275,0.99194
ArbiterPUF,0,1.29,0.16334,0.9865698375685321,0.99284
ArbiterPUF,0,1.3,0.16554,0.9862030766530796,0.99394
ArbiterPUF,0,1.31,0.16794,0.9857972187016963,0.99514
ArbiterPUF,0,1.32,0.17024,0.9854026295885352,0.99631
ArbiterPUF,0,1.33,0.17276,0.9849639497971486,0.99757
ArbiterPUF,0,1.34,0.17532,0.9845115020150856,0.99885
ArbiterPUF,0,1.35,0.17762,0.98409914927308,1.0
ArbiterPUF,0,1.36,0.17956,0.9837470235787248,0.99903
ArbiterPUF,0,1.37,0.18152,0.9833872531205597,0.99805
ArbiterPUF,0,1.38,0.1836,0.9830010376393303,0.99701
ArbiterPUF,0,1.39,0.18576,0.9825951467415254,0.99593
ArbiterPUF,0,1.4,0.18774,0.9822187599511628,0.99494
ArbiterPUF,0,1.41,0.19076,0.9816367059151773,0.99343
ArbiterPUF,0,1.42,0.19296,0.9812066237036928,0.99233
ArbiterPUF,0,1.43,0.19538,0.9807276153958348,0.99112
ArbiterPUF,0,1.44,0.19794,0.9802141380331136,0.98984
ArbiterPUF,0,1.45,0.20008,0.9797795637795268,0.98877
ArbiterPUF,0,1.46,0.20242,0.979298802000697,0.9876
ArbiterPUF,0,1.47,0.20526,0.9787074805068161,0.98618
ArbiterPUF,0,1.48,0.20736,0.9782647036462063,0.98513
ArbiterPUF,0,1.49,0.2099,0.9777228595056985,0.98386
ArbiterPUF,0,1.5,0.212,0.9772696659571504,0.98281
ArbiterPUF,0,1.51,0.21394,0.9768468029327833,0.98184
ArbiterPUF,0,1.52,0.21586,0.9764243239493781,0.98088
ArbiterPUF,0,1.53,0.21794,0.9759621695537176,0.97984
ArbiterPUF,0,1.54,0.22042,0.9754050561689743,0.9786
ArbiterPUF,0,1.55,0.22274,0.9748778858913559,0.97744
ArbiterPUF,0,1.56,0.225,0.974358763495254,0.97631
ArbiterPUF,0,1.57,0.22752,0.9737734077289233,0.97505
ArbiterPUF,0,1.58,0.22984,0.9732284286846536,0.97389
ArbiterPUF,0,1.59,0.2321,0.9726919296467921,0.97276
ArbiterPUF,0,1.6,0.23412,0.972207707025613,0.97175
ArbiterPUF,0,1.61,0.23616,0.9717141834922445,0.97073
ArbiterPUF,0,1.62,0.2385,0.9711424972680374,0.96956
ArbiterPUF,0,1.63,0.24084,0.9705648326618889,0.96839
ArbiterPUF,0,1.64,0.24328,0.9699561029242507,0.96717
ArbiterPUF,0,1.65,0.24532,0.9694421579444541,0.96615
ArbiterPUF,0,1.66,0.2472,0.9689644781930863,0.96521
ArbiterPUF,0,1.67,0.24914,0.9684674803007068,0.96424
ArbiterPUF,0,1.68,0.25138,0.9678884727074706,0.96312
ArbiterPUF,0,1.69,0.2537,0.9672829523981078,0.96196
ArbiterPUF,0,1.7,0.25602,0.9666714848385671,0.9608
ArbiterPUF,0,1.71,0.2583,0.9660647545584095,0.95966
ArbiterPUF,0,1.72,0.26082,0.9653874494730081,0.9584
ArbiterPUF,0,1.73,0.263,0.964795833324336,0.95731
ArbiterPUF,0,1.74,0.26492,0.9642703944433842,0.95635
ArbiterPUF,0,1.75,0.26698,0.9637020699365547,0.95532
ArbiterPUF,0,1.76,0.26936,0.9630395580660225,0.95413
ArbiterPUF,0,1.77,0.27138,0.9624722830294905,0.95312
ArbiterPUF,0,1.78,0.27362,0.9618378738644054,0.952
ArbiterPUF,0,1.79,0.27572,0.961237994255325,0.95095
ArbiterPUF,0,1.8,0.27766,0.9606794077110221,0.94998
ArbiterPUF,0,1.81,0.28006,0.9599824979654575,0.94878
ArbiterPUF,0,1.82,0.28224,0.9593438290831917,0.94769
ArbiterPUF,0,1.83,0.28432,0.9587294392058692,0.94665
ArbiterPUF,0,1.84,0.28626,0.9581519777154354,0.94568
ArbiterPUF,0,1.85,0.28874,0.9574075477036934,0.94444
ArbiterPUF,0,1.86,0.29068,0.9568203267071618,0.94347
ArbiterPUF,0,1.87,0.29258,0.9562410488992826,0.94252
ArbiterPUF,0,1.88,0.29444,0.9556699673004273,0.94159
ArbiterPUF,0,1.89,0.29622,0.9551197367869643,0.9407
ArbiterPUF,0,1.9,0.29868,0.9543533190595607,0.93947
ArbiterPUF,0,1.91,0.30068,0.953725084917032,0.93847
ArbiterPUF,0,1.92,0.30276,0.9530668299757367,0.93743
ArbiterPUF,0,1.93,0.30528,0.9522626326807117,0.93617
ArbiterPUF,0,1.94,0.30738,0.951586851317314,0.93512
ArbiterPUF,0,1.95,0.30984,0.9507887117546148,0.93389
ArbiterPUF,0,1.96,0.31186,0.9501280652627833,0.93288
ArbiterPUF,0,1.97,0.31352,0.9495815971258078,0.93205
ArbiterPUF,0,1.98,0.31564,0.9488790177888854,0.93099
ArbiterPUF,0,1.99,0.31792,0.9481175420800945,0.92985
ArbiterPUF,0,2.0,0.3203,0.9473161615849273,0.92866
ArbiterPUF,0,2.01,0.32222,0.9466648148103955,0.9277
ArbiterPUF,0,2.02,0.3246,0.9458513836750464,0.92651
ArbiterPUF,0,2.03,0.3266,0.9451626526688409,0.92551
ArbiterPUF,0,2.04,0.32862,0.9444622256077794,0.9245
ArbiterPUF,0,2.05,0.33108,0.9436026884234698,0.92327
ArbiterPUF,0,2.06,0.333,0.9429268264292834,0.92231
ArbiterPUF,0,2.07,0.33484,0.9422749993499775,0.92139
ArbiterPUF,0,2.08,0.33704,0.941490328362432,0.92029
ArbiterPUF,0,2.09,0.33918,0.9407214931104741,0.91922
ArbiterPUF,0,2.1,0.34122,0.9399834634715655,0.9182
ArbiterPUF,0,2.11,0.34358,0.939123412337271,0.91702
ArbiterPUF,0,2.12,0.34604,0.938219760184148,0.91579
ArbiterPUF,0,2.13,0.3483,0.9373831180472583,0.91466
ArbiterPUF,0,2.14,0.35048,0.9365702160543012,0.91357
ArbiterPUF,0,2.15,0.35266,0.9357515291999261,0.91248
ArbiterPUF,0,2.16,0.3546,0.9350180960815677,0.91151
ArbiterPUF,0,2.17,0.3567,0.9342189839646806,0.91046
ArbiterPUF,0,2.18,0.35892,0.9333683268678019,0.90935
ArbiterPUF,0,2.19,0.36086,0.9326199978555039,0.90838
ArbiterPUF,0,2.2,0.36306,0.9317657626249208,0.90728
ArbiterPUF,0,2.21,0.3653,0.9308898484783257,0.90616
ArbiterPUF,0,2.22,0.36732,0.9300946283040236,0.90515
ArbiterPUF,0,2.23,0.36906,0.9294055715348386,0.90428
ArbiterPUF,0,2.24,0.37104,0.9286168846192707,0.90329
ArbiterPUF,0,2.25,0.3733,0.9277106822711486,0.90216
ArbiterPUF,0,2.26,0.3756,0.9267818729345109,0.90101
ArbiterPUF,0,2.27,0.3779,0.9258464181493602,0.89986
ArbiterPUF,0,2.28,0.38,0.924986486387774,0.89881
ArbiterPUF,0,2.29,0.38206,0.9241375202858068,0.89778
ArbiterPUF,0,2.3,0.38402,0.9233247747136433,0.8968
ArbiterPUF,0,2.31,0.38588,0.9225489827646007,0.89587
ArbiterPUF,0,2.32,0.38798,0.9216677924284867,0.89482
ArbiterPUF,0,2.33,0.39024,0.92071317053684,0.89369
ArbiterPUF,0,2.34,0.39222,0.919871442974506,0.8927
ArbiterPUF,0,2.35,0.3943,0.9189817789270907,0.89166
ArbiterPUF,0,2.36,0.39604,0.9182332592538782,0.89079
ArbiterPUF,0,2.37,0.39816,0.9173159839444639,0.88973
ArbiterPUF,0,2.38,0.4003,0.9163841497974525,0.88866
ArbiterPUF,0,2.39,0.40214,0.9155781891242276,0.88774
ArbiterPUF,0,2.4,0.40392,0.9147943121817058,0.88685
ArbiterPUF,0,2.41,0.40598,0.9138819615245724,0.88582
ArbiterPUF,0,2.42,0.40772,0.9131070044633323,0.88495
ArbiterPUF,0,2.43,0.40946,0.912328070597414,0.88408
ArbiterPUF,0,2.44,0.41114,0.9115722134861286,0.88324
ArbiterPUF,0,2.45,0.41302,0.9107219551542612,0.8823
ArbiterPUF,0,2.46,0.41522,0.9097210295469705,0.8812
ArbiterPUF,0,2.47,0.41722,0.9088055191293678,0.8802
ArbiterPUF,0,2.48,0.41924,0.9078754443204201,0.87919
ArbiterPUF,0,2.49,0.42102,0.9070513544447194,0.8783
ArbiterPUF,0,2.5,0.4232,0.9060362906639005,0.87721
ArbiterPUF,0,2.51,0.42526,0.9050712305669648,0.87618
ArbiterPUF,0,2.52,0.42716,0.904176052768486,0.87523
ArbiterPUF,0,2.53,0.42898,0.9033139872713143,0.87432
ArbiterPUF,0,2.54,0.43078,0.9024569749301071,0.87342
ArbiterPUF,0,2.55,0.43248,0.9016435268996278,0.87257
ArbiterPUF,0,2.56,0.43432,0.9007586455871518,0.87165
ArbiterPUF,0,2.57,0.4363,0.8998012613905363,0.87066
ArbiterPUF,0,2.58,0.43792,0.8990139451643673,0.86985
ArbiterPUF,0,2.59,0.43944,0.8982719445691267,0.86909
ArbiterPUF,0,2.6,0.44132,0.8973497966790877,0.86815
ArbiterPUF,0,2.61,0.44306,0.8964919611463342,0.86728
ArbiterPUF,0,2.62,0.44492,0.8955703175072296,0.86635
ArbiterPUF,0,2.63,0.44668,0.8946937898521481,0.86547
ArbiterPUF,0,2.64,0.44874,0.8936623592834153,0.86444
ArbiterPUF,0,2.65,0.4505,0.8927764277802143,0.86356
ArbiterPUF,0,2.66,0.45258,0.8917238045493683,0.86252
ArbiterPUF,0,2.67,0.45448,0.8907569419319729,0.86157
ArbiterPUF,0,2.68,0.45666,0.8896413009747244,0.86048
ArbiterPUF,0,2.69,0.45846,0.8887150434194303,0.85958
ArbiterPUF,0,2.7,0.46036,0.8877323191142701,0.85863
ArbiterPUF,0,2.71,0.46248,0.8866297139166948,0.85757
ArbiterPUF,0,2.72,0.46414,0.8857618530959662,0.85674
ArbiterPUF,0,2.73,0.46586,0.88485844088193,0.85588
ArbiterPUF,0,2.74,0.46768,0.8838978547320953,0.85497
ArbiterPUF,0,2.75,0.46932,0.8830281635372679,0.85415
ArbiterPUF,0,2.76,0.47146,0.8818874465599337,0.85308
ArbiterPUF,0,2.77,0.47324,0.8809335402855313,0.85219
ArbiterPUF,0,2.78,0.47492,0.8800289731594068,0.85135
ArbiterPUF,0,2.79,0.47656,0.8791419489479501,0.85053
ArbiterPUF,0,2.8,0.47818,0.8782618559404707,0.84972
ArbiterPUF,0,2.81,0.48026,0.8771261781522655,0.84868
ArbiterPUF,0,2.82,0.48228,0.8760171240335431,0.84767
ArbiterPUF,0,2.83,0.48376,0.8752006983543833,0.84693
ArbiterPUF,0,2.84,0.48574,0.8741033419453331,0.84594
ArbiterPUF,0,2.85,0.48786,0.8729218867687991,0.84488
ArbiterPUF,0,2.86,0.48984,0.8718123504516324,0.84389
ArbiterPUF,0,2.87,0.4916,0.8708211297390527,0.84301
ArbiterPUF,0,2.88,0.49356,0.8697117490295275,0.84203
ArbiterPUF,0,2.89,0.49542,0.8686535693819488,0.8411
ArbiterPUF,0,2.9,0.49714,0.8676703408553273,0.84024
ArbiterPUF,0,2.91,0.499,0.8666019847657863,0.83931
ArbiterPUF,0,2.92,0.5005,0.8657365361355613,0.83856
ArbiterPUF,0,2.93,0.50206,0.8648327910064465,0.83778
ArbiterPUF,0,2.94,0.50378,0.8638319926930236,0.83692
ArbiterPUF,0,2.95,0.50528,0.8629554574831774,0.83617
ArbiterPUF,0,2.96,0.50692,0.8619931053088534,0.83535
ArbiterPUF,0,2.97,0.50852,0.8610501783287661,0.83455
ArbiterPUF,0,2.98,0.5102,0.8600557888881395,0.83371
ArbiterPUF,0,2.99,0.51138,0.8593546972001723,0.83312
ArbiterPUF,0,3.0,0.51326,0.8582331690164393,0.83218
ArbiterPUF,5,0.5,0.01432,0.9998974635431377,0.92097
ArbiterPUF,5,0.51,0.01574,0.9998761185266902,0.92168
ArbiterPUF,5,0.52,0.01698,0.9998558294074201,0.9223
ArbiterPUF,5,0.53,0.0183,0.999832540978738,0.92296
ArbiterPUF,5,0.54,0.01952,0.999809466648521,0.92357
ArbiterPUF,5,0.55,0.02062,0.999787385197473,0.92412
ArbiterPUF,5,0.56,0.02198,0.9997584106172852,0.9248
ArbiterPUF,5,0.57,0.0233,0.9997285181488024,0.92546
ArbiterPUF,5,0.58,0.02516,0.9996834370939632,0.92639
ArbiterPUF,5,0.59,0.02648,0.9996493433199464,0.92705
ArbiterPUF,5,0.6,0.02798,0.9996084831572809,0.9278
ArbiterPUF,5,0.61,0.02944,0.999566549260228,0.92853
ArbiterPUF,5,0.62,0.03106,0.999517521807397,0.92934
ArbiterPUF,5,0.63,0.03252,0.9994710849244215,0.93007
ArbiterPUF,5,0.64,0.03444,0.9994067672374446,0.93103
ArbiterPUF,5,0.65,0.03594,0.999353949509382,0.93178
ArbiterPUF,5,0.66,0.03748,0.9992973779611353,0.93255
ArbiterPUF,5,0.67,0.03912,0.9992345198200472,0.93337
ArbiterPUF,5,0.68,0.04034,0.9991860109108812,0.93398
ArbiterPUF,5,0.69,0.04226,0.9991066471603519,0.93494
ArbiterPUF,5,0.7,0.04334,0.9990603807578398,0.93548
ArbiterPUF,5,0.71,0.04474,0.9989986648639727,0.93618
ArbiterPUF,5,0.72,0.0467,0.9989089598156581,0.93716
ArbiterPUF,5,0.73,0.0486,0.9988183218183375,0.93811
ArbiterPUF,5,0.74,0.05042,0.9987281029389331,0.93902
ArbiterPUF,5,0.75,0.05208,0.9986429159614562,0.93985
ArbiterPUF,5,0.76,0.05382,0.9985506534973574,0.94072
ArbiterPUF,5,0.77,0.0555,0.9984586871773914,0.94156
ArbiterPUF,5,0.78,0.05734,0.9983547087082827,0.94248
ArbiterPUF,5,0.79,0.0591,0.9982520673657529,0.94336
ArbiterPUF,5,0.8,0.06108,0.9981328737197266,0.94435
ArbiterPUF,5,0.81,0.06266,0.9980349314528024,0.94514
ArbiterPUF,5,0.82,0.0646,0.9979112385377769,0.94611
ArbiterPUF,5,0.83,0.06648,0.9977877577922072,0.94705
ArbiterPUF,5,0.84,0.06836,0.9976607190823942,0.94799
ArbiterPUF,5,0.85,0.07024,0.9975301210489839,0.94893
ArbiterPUF,5,0.86,0.0721,0.9973974082581126,0.94986
ArbiterPUF,5,0.87,0.07402,0.997256757109221,0.95082
ArbiterPUF,5,0.88,0.0759,0.9971154346413459,0.95176
ArbiterPUF,5,0.89,0.07764,0.996981459406342,0.95263
ArbiterPUF,5,0.9,0.0796,0.996826885672733,0.95361
ArbiterPUF,5,0.91,0.08146,0.9966766117452541,0.95454
ArbiterPUF,5,0.92,0.0833,0.9965245155037581,0.95546
ArbiterPUF,5,0.93,0.08548,0.9963398865848943,0.95655
ArbiterPUF,5,0.94,0.0873,0.99618206669263,0.95746
ArbiterPUF,5,0.95,0.08924,0.9960101517554929,0.95843
ArbiterPUF,5,0.96,0.09124,0.9958289322971091,0.95943
ArbiterPUF,5,0.97,0.0933,0.9956380416597188,0.96046
ArbiterPUF,5,0.98,0.09552,0.9954275109720445,0.96157
ArbiterPUF,5,0.99,0.09718,0.9952668223144987,0.9624
ArbiterPUF,5,1.0,0.09912,0.9950754873877661,0.96337
ArbiterPUF,5,1.01,0.10082,0.9949046826706566,0.96422
ArbiterPUF,5,1.02,0.1032,0.994660625540189,0.96541
ArbiterPUF,5,1.03,0.10498,0.9944743333037812,0.9663
ArbiterPUF,5,1.04,0.10706,0.9942525616763579,0.96734
ArbiterPUF,5,1.05,0.10914,0.9940263881809176,0.96838
ArbiterPUF,5,1.06,0.11138,0.993777890476539,0.9695
ArbiterPUF,5,1.07,0.1133,0.9935608235030203,0.97046
ArbiterPUF,5,1.08,0.11524,0.9933376779323333,0.97143
ArbiterPUF,5,1.09,0.11728,0.9930988881274613,0.97245
ArbiterPUF,5,1.1,0.11942,0.9928438263896292,0.97352
ArbiterPUF,5,1.11,0.12142,0.9926012208334222,0.97452
ArbiterPUF,5,1.12,0.12346,0.9923495495036012,0.97554
ArbiterPUF,5,1.13,0.1258,0.9920556234405405,0.97671
ArbiterPUF,5,1.14,0.12776,0.9918051131144666,0.97769
ArbiterPUF,5,1.15,0.1301,0.9915008774580082,0.97886
ArbiterPUF,5,1.16,0.13218,0.9912257298920364,0.9799
ArbiterPUF,5,1.17,0.13444,0.990921735759187,0.98103
ArbiterPUF,5,1.18,0.13644,0.990648336393899,0.98203
ArbiterPUF,5,1.19,0.13836,0.9903820022597342,0.98299
ArbiterPUF,5,1.2,0.14042,0.9900920278438768,0.98402
ArbiterPUF,5,1.21,0.14288,0.9897400191969604,0.98525
ArbiterPUF,5,1.22,0.14456,0.9894960365761958,0.98609
ArbiterPUF,5,1.23,0.14634,0.9892343526182255,0.98698
ArbiterPUF,5,1.24,0.14844,0.9889214156847853,0.98803
ArbiterPUF,5,1.25,0.1502,0.988655632664883,0.98891
ArbiterPUF,5,1.26,0.15194,0.9883897188862296,0.98978
ArbiterPUF,5,1.27,0.1546,0.9879771454846515,0.99111
ArbiterPUF,5,1.28,0.15674,0.9876399001660474,0.99218
ArbiterPUF,5,1.29,0.15916,0.9872528016673339,0.99339
ArbiterPUF,5,1.3,0.1614,0.986889071780613,0.99451
ArbiterPUF,5,1.31,0.16318,0.9865963144062521,0.9954
ArbiterPUF,5,1.32,0.16532,0.9862399797209601,0.99647
ArbiterPUF,5,1.33,0.16774,0.98583126974143,0.99768
ArbiterPUF,5,1.34,0.16988,0.9854647561430089,0.99877
ArbiterPUF,5,1.35,0.17234,0.9850375243613819,1.0
ArbiterPUF,5,1.36,0.17506,0.984557766918732,0.99864
ArbiterPUF,5,1.37,0.17734,0.9841496453283923,0.9975
ArbiterPUF,5,1.38,0.17926,0.9838017342940599,0.99654
ArbiterPUF,5,1.39,0.18124,0.9834388961191233,0.99555
ArbiterPUF,5,1.4,0.18306,0.983101742649254,0.99464
ArbiterPUF,5,1.41,0.18542,0.9826593629534089,0.99346
ArbiterPUF,5,1.42,0.1873,0.98230275882744,0.99252
ArbiterPUF,5,1.43,0.19018,0.9817492386551671,0.99108
ArbiterPUF,5,1.44,0.1924,0.9813165850020064,0.98997
ArbiterPUF,5,1.45,0.19482,0.9808390120707884,0.98876
ArbiterPUF,5,1.46,0.1973,0.9803431593069847,0.98752
ArbiterPUF,5,1.47,0.19952,0.9798937542407338,0.98641
ArbiterPUF,5,1.48,0.20184,0.9794185082996952,0.98525
ArbiterPUF,5,1.49,0.20442,0.9788832737359445,0.98396
ArbiterPUF,5,1.5,0.20666,0.9784128190084184,0.98284
ArbiterPUF,5,1.51,0.20914,0.9778857092728168,0.9816
ArbiterPUF,5,1.52,0.21138,0.9774039572254657,0.98048
ArbiterPUF,5,1.53,0.21318,0.9770129413677181,0.97958
ArbiterPUF,5,1.54,0.21526,0.9765567737720117,0.97854
ArbiterPUF,5,1.55,0.21714,0.9761404716535425,0.9776
ArbiterPUF,5,1.56,0.21924,0.975670960108991,0.97655
ArbiterPUF,5,1.57,0.22182,0.9750876307286438,0.97526
ArbiterPUF,5,1.58,0.22414,0.9745569559548586,0.9741
ArbiterPUF,5,1.59,0.22654,0.9740018626265555,0.9729
ArbiterPUF,5,1.6,0.22882,0.9734687501918076,0.97176
ArbiterPUF,5,1.61,0.23088,0.9729822329313108,0.97073
ArbiterPUF,5,1.62,0.23312,0.97244797578071,0.96961
ArbiterPUF,5,1.63,0.23512,0.9719663500348146,0.96861
ArbiterPUF,5,1.64,0.23732,0.9714315300627214,0.96751
ArbiterPUF,5,1.65,0.2397,0.9708470064845439,0.96632
ArbiterPUF,5,1.66,0.24192,0.9702961989001089,0.96521
ArbiterPUF,5,1.67,0.2444,0.9696745020882007,0.96397
ArbiterPUF,5,1.68,0.24616,0.9692292063284101,0.96309
ArbiterPUF,5,1.69,0.24812,0.9687293046047486,0.96211
ArbiterPUF,5,1.7,0.25034,0.9681579852482756,0.961
ArbiterPUF,5,1.71,0.25232,0.9676438485310594,0.96001
ArbiterPUF,5,1.72,0.25472,0.9670148507649714,0.95881
ArbiterPUF,5,1.73,0.2569,0.9664379907681611,0.95772
ArbiterPUF,5,1.74,0.25938,0.9657753442700844,0.95648
ArbiterPUF,5,1.75,0.26166,0.9651601133490754,0.95534
ArbiterPUF,5,1.76,0.26376,0.9645883383081096,0.95429
ArbiterPUF,5,1.77,0.26562,0.9640778057812553,0.95336
ArbiterPUF,5,1.78,0.26766,0.9635134272027557,0.95234
ArbiterPUF,5,1.79,0.26992,0.9628827517408335,0.95121
ArbiterPUF,5,1.8,0.27224,0.962229381384709,0.95005
ArbiterPUF,5,1.81,0.27414,0.9616897942684013,0.9491
ArbiterPUF,5,1.82,0.27634,0.9610599379851394,0.948
ArbiterPUF,5,1.83,0.2782,0.9605231699443797,0.94707
ArbiterPUF,5,1.84,0.28072,0.9597897069671044,0.94581
ArbiterPUF,5,1.85,0.2829,0.959149409633348,0.94472
ArbiterPUF,5,1.86,0.28488,0.9585631881102049,0.94373
ArbiterPUF,5,1.87,0.287,0.9579305820360889,0.94267
ArbiterPUF,5,1.88,0.2891,0.9572989031645236,0.94162
ArbiterPUF,5,1.89,0.29098,0.9567291359627343,0.94068
ArbiterPUF,5,1.9,0.29302,0.9561063118712271,0.93966
ArbiterPUF,5,1.91,0.29478,0.9555651477528888,0.93878
ArbiterPUF,5,1.92,0.29664,0.9549893771136934,0.93785
ArbiterPUF,5,1.93,0.29894,0.9542719090489881,0.9367
ArbiterPUF,5,1.94,0.301,0.9536241397951293,0.93567
ArbiterPUF,5,1.95,0.30312,0.9529523941939596,0.93461
ArbiterPUF,5,1.96,0.30548,0.9521984927524303,0.93343
ArbiterPUF,5,1.97,0.3078,0.951451081243802,0.93227
ArbiterPUF,5,1.98,0.30998,0.9507430775977282,0.93118
ArbiterPUF,5,1.99,0.31204,0.9500689650756937,0.93015
ArbiterPUF,5,2.0,0.31368,0.9495287555414001,0.92933
ArbiterPUF,5,2.01,0.31592,0.9487858312601428,0.92821
ArbiterPUF,5,2.02,0.31802,0.94808400450593,0.92716
ArbiterPUF,5,2.03,0.32054,0.9472349805618455,0.9259
ArbiterPUF,5,2.04,0.32238,0.9466103398970455,0.92498
ArbiterPUF,5,2.05,0.32474,0.9458033264902381,0.9238
ArbiterPUF,5,2.06,0.3267,0.9451280918478722,0.92282
ArbiterPUF,5,2.07,0.32868,0.9444413468289071,0.92183
ArbiterPUF,5,2.08,0.33112,0.9435886527507631,0.92061
ArbiterPUF,5,2.09,0.33304,0.9429126992463298,0.91965
ArbiterPUF,5,2.1,0.33484,0.9422749993499775,0.91875
ArbiterPUF,5,2.11,0.33702,0.9414974878352038,0.91766
ArbiterPUF,5,2.12,0.33914,0.9407359142713752,0.9166
ArbiterPUF,5,2.13,0.34112,0.9400197580902223,0.91561
ArbiterPUF,5,2.14,0.34346,0.9391673058619534,0.91444
ArbiterPUF,5,2.15,0.34596,0.9382492624031208,0.91319
ArbiterPUF,5,2.16,0.34826,0.9373979797289943,0.91204
ArbiterPUF,5,2.17,0.3502,0.9366749489550792,0.91107
ArbiterPUF,5,2.18,0.35242,0.9358419437063077,0.90996
ArbiterPUF,5,2.19,0.35438,0.9351015001592073,0.90898
ArbiterPUF,5,2.2,0.35664,0.9342418907328017,0.90785
ArbiterPUF,5,2.21,0.35872,0.9334452108185033,0.90681
ArbiterPUF,5,2.22,0.36074,0.9326664207528863,0.9058
ArbiterPUF,5,2.23,0.36282,0.931859242375156,0.90476
ArbiterPUF,5,2.24,0.36506,0.9309839936325437,0.90364
ArbiterPUF,5,2.25,0.367,0.9302209414972337,0.90267
ArbiterPUF,5,2.26,0.36862,0.929580171690425,0.90186
ArbiterPUF,5,2.27,0.37074,0.9287366970245118,0.9008
ArbiterPUF,5,2.28,0.37276,0.9279277894319147,0.89979
ArbiterPUF,5,2.29,0.37518,0.9269519769653658,0.89858
ArbiterPUF,5,2.3,0.37732,0.9260829431535818,0.89751
ArbiterPUF,5,2.31,0.37948,0.9251999403372224,0.89643
ArbiterPUF,5,2.32,0.38168,0.9242945296819626,0.89533
ArbiterPUF,5,2.33,0.38368,0.9234661106938358,0.89433
ArbiterPUF,5,2.34,0.38544,0.9227329008981959,0.89345
ArbiterPUF,5,2.35,0.38754,0.9218528886975405,0.8924
ArbiterPUF,5,2.36,0.38962,0.9209757084744418,0.89136
ArbiterPUF,5,2.37,0.39166,0.920110017552249,0.89034
ArbiterPUF,5,2.38,0.39366,0.9192561146927444,0.88934
ArbiterPUF,5,2.39,0.39552,0.9184573640621538,0.88841
ArbiterPUF,5,2.4,0.39756,0.9175761801616257,0.88739
ArbiterPUF,5,2.41,0.39976,0.9166198461739742,0.88629
ArbiterPUF,5,2.42,0.40162,0.9158064072717552,0.88536
ArbiterPUF,5,2.43,0.4035,0.9149796445823261,0.88442
ArbiterPUF,5,2.44,0.40532,0.9141748725490108,0.88351
ArbiterPUF,5,2.45,0.40712,0.9133746797453934,0.88261
ArbiterPUF,5,2.46,0.4089,0.9125791965632352,0.88172
ArbiterPUF,5,2.47,0.4106,0.9118155734577031,0.88087
ArbiterPUF,5,2.48,0.4124,0.9110028759559433,0.87997
ArbiterPUF,5,2.49,0.41464,0.9099855330718176,0.87885
ArbiterPUF,5,2.5,0.4165,0.909135715941245,0.87792
ArbiterPUF,5,2.51,0.4184,0.9082628694381379,0.87697
ArbiterPUF,5,2.52,0.4203,0.907385204860648,0.87602
ArbiterPUF,5,2.53,0.42228,0.9064654442393268,0.87503
ArbiterPUF,5,2.54,0.42458,0.905390426059388,0.87388
ArbiterPUF,5,2.55,0.42628,0.9045912677005012,0.87303
ArbiterPUF,5,2.56,0.42808,0.9037408442689752,0.87213
ArbiterPUF,5,2.57,0.42998,0.9028384127849234,0.87118
ArbiterPUF,5,2.58,0.43176,0.9019885267562998,0.87029
ArbiterPUF,5,2.59,0.43358,0.9011150778896111,0.86938
ArbiterPUF,5,2.6,0.43548,0.9001984056862132,0.86843
ArbiterPUF,5,2.61,0.43706,0.8994323523200619,0.86764
ArbiterPUF,5,2.62,0.43872,0.8986238153977448,0.86681
ArbiterPUF,5,2.63,0.44052,0.8977427970192798,0.86591
ArbiterPUF,5,2.64,0.44218,0.8969263334298977,0.86508
ArbiterPUF,5,2.65,0.44412,0.895967312796622,0.86411
ArbiterPUF,5,2.66,0.4456,0.8952321710037012,0.86337
ArbiterPUF,5,2.67,0.44788,0.8940936783134081,0.86223
ArbiterPUF,5,2.68,0.44972,0.893169592854571,0.86131
ArbiterPUF,5,2.69,0.45142,0.8923115955763435,0.86046
ArbiterPUF,5,2.7,0.45328,0.8913681852074371,0.85953
ArbiterPUF,5,2.71,0.45558,0.8901948458624102,0.85838
ArbiterPUF,5,2.72,0.45772,0.8890963961236149,0.85731
ArbiterPUF,5,2.73,0.4593,0.8882812111037809,0.85652
ArbiterPUF,5,2.74,0.46118,0.88730660292821,0.85558
ArbiterPUF,5,2.75,0.46324,0.886232871428272,0.85455
ArbiterPUF,5,2.76,0.46472,0.8854576904629605,0.85381
ArbiterPUF,5,2.77,0.46644,0.8845528398009923,0.85295
ArbiterPUF,5,2.78,0.46826,0.8835907267507961,0.85204
ArbiterPUF,5,2.79,0.4701,0.8826131598837624,0.85112
ArbiterPUF,5,2.8,0.47212,0.8815342906546517,0.85011
ArbiterPUF,5,2.81,0.4738,0.8806324772571132,0.84927
ArbiterPUF,5,2.82,0.47546,0.8797373405738783,0.84844
ArbiterPUF,5,2.83,0.47712,0.8788381566591201,0.84761
ArbiterPUF,5,2.84,0.47916,0.8777275741367592,0.84659
ArbiterPUF,5,2.85,0.48094,0.8767535094882711,0.8457
ArbiterPUF,5,2.86,0.48286,0.875697562175435,0.84474
ArbiterPUF,5,2.87,0.48436,0.8748687846757366,0.84399
ArbiterPUF,5,2.88,0.4863,0.8737919145883648,0.84302
ArbiterPUF,5,2.89,0.48846,0.8725862870799656,0.84194
ArbiterPUF,5,2.9,0.49036,0.8715199770515877,0.84099
ArbiterPUF,5,2.91,0.4922,0.8704821422636997,0.84007
ArbiterPUF,5,2.92,0.49406,0.8694278097691607,0.83914
ArbiterPUF,5,2.93,0.49584,0.8684138957893295,0.83825
ArbiterPUF,5,2.94,0.49748,0.8674754461078423,0.83743
ArbiterPUF,5,2.95,0.4993,0.8664291719465591,0.83652
ArbiterPUF,5,2.96,0.50082,0.8655514586666699,0.83576
ArbiterPUF,5,2.97,0.5025,0.8645772088136491,0.83492
ArbiterPUF,5,2.98,0.50418,0.8635985917079763,0.83408
ArbiterPUF,5,2.99,0.50558,0.8627797306381277,0.83338
ArbiterPUF,5,3.0,0.50716,0.8618519213878912,0.83259
ArbiterPUF,10,0.5,0.01384,0.999904222613346,0.92311
ArbiterPUF,10,0.51,0.01514,0.9998853836315439,0.92376
ArbiterPUF,10,0.52,0.01632,0.9998668199315346,0.92435
ArbiterPUF,10,0.53,0.01764,0.9998444030948016,0.92501
ArbiterPUF,10,0.54,0.01886,0.999822134381911,0.92562
ArbiterPUF,10,0.55,0.01996,0.9998007793555674,0.92617
ArbiterPUF,10,0.56,0.02114,0.9997765252295135,0.92676
ArbiterPUF,10,0.57,0.02256,0.9997454908125367,0.92747
ArbiterPUF,10,0.58,0.024,0.9997119585160519,0.92819
ArbiterPUF,10,0.59,0.02552,0.9996743117635862,0.92895
ArbiterPUF,10,0.6,0.02698,0.999635973542369,0.92968
ArbiterPUF,10,0.61,0.02824,0.9996011716679808,0.93031
ArbiterPUF,10,0.62,0.02978,0.999556477443871,0.93108
ArbiterPUF,10,0.63,0.03134,0.9995087815522182,0.93186
ArbiterPUF,10,0.64,0.03292,0.9994579899125327,0.93265
ArbiterPUF,10,0.65,0.03456,0.9994026247714181,0.93347
ArbiterPUF,10,0.66,0.03618,0.9993452894770657,0.93428
ArbiterPUF,10,0.67,0.03762,0.9992921172510068,0.935
ArbiterPUF,10,0.68,0.03928,0.999228242995563,0.93583
ArbiterPUF,10,0.69,0.04048,0.9991803488860256,0.93643
ArbiterPUF,10,0.7,0.04228,0.9991058010040779,0.93733
ArbiterPUF,10,0.71,0.04334,0.9990603807578398,0.93786
ArbiterPUF,10,0.72,0.0447,0.9990004554553517,0.93854
ArbiterPUF,10,0.73,0.04662,0.9989126966857514,0.9395
ArbiterPUF,10,0.74,0.04854,0.998821239461797,0.94046
ArbiterPUF,10,0.75,0.05024,0.9987371738350385,0.94131
ArbiterPUF,10,0.76,0.05194,0.9986502072297389,0.94216
ArbiterPUF,10,0.77,0.05356,0.9985646330608751,0.94297
ArbiterPUF,10,0.78,0.05522,0.9984742117851617,0.9438
ArbiterPUF,10,0.79,0.05698,0.9983753200074609,0.94468
ArbiterPUF,10,0.8,0.05872,0.9982744921112631,0.94555
ArbiterPUF,10,0.81,0.06074,0.9981536216434822,0.94656
ArbiterPUF,10,0.82,0.06232,0.9980562196589929,0.94735
ArbiterPUF,10,0.83,0.06416,0.9979396246266605,0.94827
ArbiterPUF,10,0.84,0.066,0.9978196229780208,0.94919
ArbiterPUF,10,0.85,0.06776,0.9977016499936242,0.95007
ArbiterPUF,10,0.86,0.06966,0.9975707916734533,0.95102
ArbiterPUF,10,0.87,0.0715,0.9974405997351421,0.95194
ArbiterPUF,10,0.88,0.07332,0.9973084666240429,0.95285
ArbiterPUF,10,0.89,0.07528,0.9971624349121861,0.95383
ArbiterPUF,10,0.9,0.07706,0.9970264572216728,0.95472
ArbiterPUF,10,0.91,0.07876,0.9968936063592745,0.95557
ArbiterPUF,10,0.92,0.08078,0.9967319557433685,0.95658
ArbiterPUF,10,0.93,0.08252,0.9965894087336068,0.95745
ArbiterPUF,10,0.94,0.08458,0.9964166917509963,0.95848
ArbiterPUF,10,0.95,0.08656,0.9962466393418851,0.95947
ArbiterPUF,10,0.96,0.08844,0.9960815059020021,0.96041
ArbiterPUF,10,0.97,0.0901,0.9959327236314709,0.96124
ArbiterPUF,10,0.98,0.09216,0.9957442113314041,0.96227
ArbiterPUF,10,0.99,0.09432,0.9955419316131291,0.96335
ArbiterPUF,10,1.0,0.09618,0.9953639573542935,0.96428
ArbiterPUF,10,1.01,0.09816,0.9951706458693403,0.96527
ArbiterPUF,10,1.02,0.09976,0.9950115287774308,0.96607
ArbiterPUF,10,1.03,0.10186,0.9947987436662753,0.96712
ArbiterPUF,10,1.04,0.10384,0.9945940148623458,0.96811
ArbiterPUF,10,1.05,0.10586,0.9943810438659821,0.96912
ArbiterPUF,10,1.06,0.10772,0.994181272002244,0.97005
ArbiterPUF,10,1.07,0.10994,0.9939382256458392,0.97116
ArbiterPUF,10,1.08,0.11198,0.993710460647366,0.97218
ArbiterPUF,10,1.09,0.11398,0.9934830444451481,0.97318
ArbiterPUF,10,1.1,0.11576,0.9932772132692866,0.97407
ArbiterPUF,10,1.11,0.1178,0.9930373406876499,0.97509
ArbiterPUF,10,1.12,0.11984,0.9927932183491182,0.97611
ArbiterPUF,10,1.13,0.12186,0.99254729882258,0.97712
ArbiterPUF,10,1.14,0.1241,0.9922697163574027,0.97824
ArbiterPUF,10,1.15,0.12626,0.9919971836653569,0.97932
ArbiterPUF,10,1.16,0.12818,0.9917509201407376,0.98028
ArbiterPUF,10,1.17,0.1305,0.9914483092930263,0.98144
ArbiterPUF,10,1.18,0.13262,0.9911669564710074,0.9825
ArbiterPUF,10,1.19,0.13474,0.9908809880101647,0.98356
ArbiterPUF,10,1.2,0.13668,0.9906152520529855,0.98453
ArbiterPUF,10,1.21,0.13864,0.9903428448774696,0.98551
ArbiterPUF,10,1.22,0.14064,0.9900608013652493,0.98651
ArbiterPUF,10,1.23,0.14314,0.9897024504364936,0.98776
ArbiterPUF,10,1.24,0.1447,0.9894755732204812,0.98854
ArbiterPUF,10,1.25,0.14662,0.9891928909975042,0.9895
ArbiterPUF,10,1.26,0.14852,0.9889094041417545,0.99045
ArbiterPUF,10,1.27,0.15024,0.988649554897993,0.99131
ArbiterPUF,10,1.28,0.152,0.9883804935347521,0.99219
ArbiterPUF,10,1.29,0.1546,0.9879771454846515,0.99349
ArbiterPUF,10,1.3,0.15674,0.9876399001660474,0.99456
ArbiterPUF,10,1.31,0.15914,0.9872560257602887,0.99576
ArbiterPUF,10,1.32,0.16132,0.986902151988737,0.99685
ArbiterPUF,10,1.33,0.1631,0.9866095428283673,0.99774
ArbiterPUF,10,1.34,0.16518,0.9862634372215162,0.99878
ArbiterPUF,10,1.35,0.16762,0.9858516803251897,1.0
ArbiterPUF,10,1.36,0.16976,0.9854854348999785,0.99891
ArbiterPUF,10,1.37,0.17208,0.9850829780277396,0.99775
ArbiterPUF,10,1.38,0.17478,0.9846075114480897,0.9964
ArbiterPUF,10,1.39,0.17718,0.9841784632880362,0.9952
ArbiterPUF,10,1.4,0.17894,0.9838599882097047,0.99432
ArbiterPUF,10,1.41,0.18096,0.983490456689845,0.99331
ArbiterPUF,10,1.42,0.18278,0.9831538392337185,0.9924
ArbiterPUF,10,1.43,0.18506,0.9827272238011928,0.99126
ArbiterPUF,10,1.44,0.18692,0.9823751389362415,0.99033
ArbiterPUF,10,1.45,0.18948,0.9818845805897962,0.98905
ArbiterPUF,10,1.46,0.19188,0.981418394773605,0.98785
ArbiterPUF,10,1.47,0.19426,0.980950076405522,0.98666
ArbiterPUF,10,1.48,0.19684,0.9804356248117467,0.98537
ArbiterPUF,10,1.49,0.1988,0.980040080813025,0.98439
ArbiterPUF,10,1.5,0.20116,0.979558397646613,0.98321
ArbiterPUF,10,1.51,0.2037,0.9790333548965531,0.98194
ArbiterPUF,10,1.52,0.20614,0.9785225088877619,0.98072
ArbiterPUF,10,1.53,0.20838,0.9780479413607497,0.9796
ArbiterPUF,10,1.54,0.21054,0.9775852435465665,0.97852
ArbiterPUF,10,1.55,0.21266,0.9771262581672852,0.97746
ArbiterPUF,10,1.56,0.21456,0.9767108100149193,0.97651
ArbiterPUF,10,1.57,0.2163,0.9763269483118858,0.97564
ArbiterPUF,10,1.58,0.21842,0.9758548578554089,0.97458
ArbiterPUF,10,1.59,0.22096,0.9752828709661624,0.97331
ArbiterPUF,10,1.6,0.22318,0.9747772502474603,0.9722
ArbiterPUF,10,1.61,0.22554,0.9742339084634652,0.97102
ArbiterPUF,10,1.62,0.22782,0.9737032646551003,0.96988
ArbiterPUF,10,1.63,0.23016,0.9731528011571461,0.96871
ArbiterPUF,10,1.64,0.23236,0.9726298527189057,0.96761
ArbiterPUF,10,1.65,0.23428,0.9721691630575411,0.96665
ArbiterPUF,10,1.66,0.23628,0.9716850115135048,0.96565
ArbiterPUF,10,1.67,0.23862,0.9711130189632925,0.96448
ArbiterPUF,10,1.68,0.24088,0.9705549060202622,0.96335
ArbiterPUF,10,1.69,0.24328,0.9699561029242507,0.96215
ArbiterPUF,10,1.7,0.24522,0.9694674577313053,0.96118
ArbiterPUF,10,1.71,0.24704,0.9690052829577348,0.96027
ArbiterPUF,10,1.72,0.24896,0.9685137677906288,0.95931
ArbiterPUF,10,1.73,0.25122,0.9679300137923197,0.95818
ArbiterPUF,10,1.74,0.25346,0.9673458680327323,0.95706
ArbiterPUF,10,1.75,0.25574,0.9667455985935495,0.95592
ArbiterPUF,10,1.76,0.2579,0.9661716151905934,0.95484
ArbiterPUF,10,1.77,0.26028,0.9655331799580997,0.95365
ArbiterPUF,10,1.78,0.26258,0.9649102256686888,0.9525
ArbiterPUF,10,1.79,0.26448,0.9643911704282656,0.95155
ArbiterPUF,10,1.8,0.2664,0.9638625628169195,0.95059
ArbiterPUF,10,1.81,0.2686,0.963251805085254,0.94949
ArbiterPUF,10,1.82,0.2706,0.9626918717845289,0.94849
ArbiterPUF,10,1.83,0.27304,0.9620026810773451,0.94727
ArbiterPUF,10,1.84,0.2749,0.961472823328876,0.94634
ArbiterPUF,10,1.85,0.27708,0.9608468523131041,0.94525
ArbiterPUF,10,1.86,0.27902,0.960285290733957,0.94428
ArbiterPUF,10,1.87,0.28142,0.9595846932918427,0.94308
ArbiterPUF,10,1.88,0.28348,0.9589781486561619,0.94205
ArbiterPUF,10,1.89,0.28548,0.9583846668222525,0.94105
ArbiterPUF,10,1.9,0.28764,0.9577386023336429,0.93997
ArbiterPUF,10,1.91,0.28972,0.9571114468023042,0.93893
ArbiterPUF,10,1.92,0.29144,0.9565891105380617,0.93807
ArbiterPUF,10,1.93,0.29356,0.9559406500405766,0.93701
ArbiterPUF,10,1.94,0.29528,0.9554107606678919,0.93615
ArbiterPUF,10,1.95,0.29724,0.9548027976498603,0.93517
ArbiterPUF,10,1.96,0.29934,0.9541465109719784,0.93412
ArbiterPUF,10,1.97,0.30146,0.953478824306025,0.93306
ArbiterPUF,10,1.98,0.3036,0.9527995801846262,0.93199
ArbiterPUF,10,1.99,0.30582,0.9520893485382557,0.93088
ArbiterPUF,10,2.0,0.30828,0.9512956646595211,0.92965
ArbiterPUF,10,2.01,0.31026,0.9506517408599219,0.92866
ArbiterPUF,10,2.02,0.31236,0.9499638047841613,0.92761
ArbiterPUF,10,2.03,0.31398,0.9494295969686222,0.9268
ArbiterPUF,10,2.04,0.31638,0.9486325398171832,0.9256
ArbiterPUF,10,2.05,0.31838,0.9479631720694637,0.9246
ArbiterPUF,10,2.06,0.32082,0.9471401837109436,0.92338
ArbiterPUF,10,2.07,0.3226,0.9465353876110496,0.92249
ArbiterPUF,10,2.08,0.32486,0.9457621161793276,0.92136
ArbiterPUF,10,2.09,0.32686,0.9450727698965832,0.92036
ArbiterPUF,10,2.1,0.32886,0.9443786848505212,0.91936
ArbiterPUF,10,2.11,0.33126,0.9435395128981084,0.91816
ArbiterPUF,10,2.12,0.33314,0.9428773729388144,0.91722
ArbiterPUF,10,2.13,0.33502,0.9422110164925903,0.91628
ArbiterPUF,10,2.14,0.33724,0.9414187072711058,0.91517
ArbiterPUF,10,2.15,0.33928,0.9406854317996002,0.91415
ArbiterPUF,10,2.16,0.34122,0.9399834634715655,0.91318
ArbiterPUF,10,2.17,0.34356,0.9391307291319991,0.91201
ArbiterPUF,10,2.18,0.34602,0.9382271364653657,0.91078
ArbiterPUF,10,2.19,0.34828,0.9373905491309373,0.90965
ArbiterPUF,10,2.2,0.3502,0.9366749489550792,0.90869
ArbiterPUF,10,2.21,0.35242,0.9358419437063077,0.90758
ArbiterPUF,10,2.22,0.35438,0.9351015001592073,0.9066
ArbiterPUF,10,2.23,0.35662,0.9342495253410621,0.90548
ArbiterPUF,10,2.24,0.35868,0.9334605817065872,0.90445
ArbiterPUF,10,2.25,0.36072,0.9326741561767432,0.90343
ArbiterPUF,10,2.26,0.3627,0.9319059555556023,0.90244
ArbiterPUF,10,2.27,0.36494,0.9310310394396097,0.90132
ArbiterPUF,10,2.28,0.36684,0.9302840503846125,0.90037
ArbiterPUF,10,2.29,0.36848,0.9296356757353926,0.89955
ArbiterPUF,10,2.3,0.37058,0.9288005510334283,0.8985
ArbiterPUF,10,2.31,0.37262,0.9279840168882222,0.89748
ArbiterPUF,10,2.32,0.3749,0.9270652566027917,0.89634
ArbiterPUF,10,2.33,0.37714,0.9261562613295878,0.89522
ArbiterPUF,10,2.34,0.37922,0.9253065392614493,0.89418
ArbiterPUF,10,2.35,0.38136,0.9244266062808881,0.89311
ArbiterPUF,10,2.36,0.38328,0.9236322003914761,0.89215
ArbiterPUF,10,2.37,0.38524,0.922816418579557,0.89117
ArbiterPUF,10,2.38,0.38714,0.9220209435799168,0.89022
ArbiterPUF,10,2.39,0.38922,0.9211448266152289,0.88918
ArbiterPUF,10,2.4,0.39128,0.920271678147274,0.88815
ArbiterPUF,10,2.41,0.39352,0.9193160553367922,0.88703
ArbiterPUF,10,2.42,0.39516,0.9186123090836525,0.88621
ArbiterPUF,10,2.43,0.39704,0.9178013066018158,0.88527
ArbiterPUF,10,2.44,0.39916,0.9168812869723102,0.88421
ArbiterPUF,10,2.45,0.4013,0.9159466742119869,0.88314
ArbiterPUF,10,2.46,0.40316,0.9151295069005261,0.88221
ArbiterPUF,10,2.47,0.4048,0.9144052493287644,0.88139
ArbiterPUF,10,2.48,0.40674,0.9135439630362627,0.88042
ArbiterPUF,10,2.49,0.4084,0.9128030674795083,0.87959
ArbiterPUF,10,2.5,0.41018,0.9120045874884622,0.8787
ArbiterPUF,10,2.51,0.41196,0.9112019306388679,0.87781
ArbiterPUF,10,2.52,0.41382,0.9103587246794529,0.87688
ArbiterPUF,10,2.53,0.41606,0.9093371632128535,0.87576
ArbiterPUF,10,2.54,0.41796,0.9084654304925421,0.87481
ArbiterPUF,10,2.55,0.41976,0.9076351372660713,0.87391
ArbiterPUF,10,2.56,0.42162,0.9067726151577362,0.87298
ArbiterPUF,10,2.57,0.42378,0.9057651525643939,0.8719
ArbiterPUF,10,2.58,0.42572,0.9048549505860042,0.87093
ArbiterPUF,10,2.59,0.4276,0.9039680525328315,0.86999
ArbiterPUF,10,2.6,0.42944,0.9030953916392221,0.86907
ArbiterPUF,10,2.61,0.43118,0.9022659295351897,0.8682
ArbiterPUF,10,2.62,0.43282,0.9014803645116181,0.86738
ArbiterPUF,10,2.63,0.43476,0.9005463577184686,0.86641
ArbiterPUF,10,2.64,0.43642,0.8997430653247627,0.86558
ArbiterPUF,10,2.65,0.43812,0.8989164953431437,0.86473
ArbiterPUF,10,2.66,0.43968,0.8981544953959759,0.86395
ArbiterPUF,10,2.67,0.44154,0.8972415663576895,0.86302
ArbiterPUF,10,2.68,0.4432,0.8964227574085788,0.86219
ArbiterPUF,10,2.69,0.445,0.8955305689924828,0.86129
ArbiterPUF,10,2.7,0.44686,0.8946039013999436,0.86036
ArbiterPUF,10,2.71,0.44892,0.8935719521113002,0.85933
ArbiterPUF,10,2.72,0.45054,0.8927562424312696,0.85852
ArbiterPUF,10,2.73,0.45262,0.8917035020678118,0.85748
ArbiterPUF,10,2.74,0.45446,0.8907671460039372,0.85656
ArbiterPUF,10,2.75,0.4566,0.8896720968986269,0.85549
ArbiterPUF,10,2.76,0.45844,0.8887253605023319,0.85457
ArbiterPUF,10,2.77,0.46022,0.8878049062716424,0.85368
ArbiterPUF,10,2.78,0.46234,0.8867027260587395,0.85262
ArbiterPUF,10,2.79,0.46402,0.8858247228430691,0.85178
ArbiterPUF,10,2.8,0.46572,0.8849321338950237,0.85093
ArbiterPUF,10,2.81,0.4674,0.8840459490320627,0.85009
ArbiterPUF,10,2.82,0.46908,0.8831556791415657,0.84925
ArbiterPUF,10,2.83,0.47118,0.8820370783589542,0.8482
ArbiterPUF,10,2.84,0.47288,0.8811268385425564,0.84735
ArbiterPUF,10,2.85,0.4745,0.8802555026808978,0.84654
ArbiterPUF,10,2.86,0.47626,0.879304504935577,0.84566
ArbiterPUF,10,2.87,0.47776,0.8784903997198831,0.84491
ArbiterPUF,10,2.88,0.47992,0.8773122554712205,0.84383
ArbiterPUF,10,2.89,0.48182,0.8762702138039385,0.84288
ArbiterPUF,10,2.9,0.48344,0.8753774993681298,0.84207
ArbiterPUF,10,2.91,0.48504,0.8744919658864796,0.84127
ArbiterPUF,10,2.92,0.48714,0.8733238920354808,0.84022
ArbiterPUF,10,2.93,0.48936,0.8720818713859382,0.83911
ArbiterPUF,10,2.94,0.491,0.8711595720647282,0.83829
ArbiterPUF,10,2.95,0.49292,0.870074636798476,0.83733
ArbiterPUF,10,2.96,0.49484,0.868984104802844,0.83637
ArbiterPUF,10,2.97,0.49658,0.867990958247838,0.8355
ArbiterPUF,10,2.98,0.49832,0.8669931819801121,0.83463
ArbiterPUF,10,2.99,0.5,0.8660254037844386,0.83379
ArbiterPUF,10,3.0,0.50122,0.8653198897517612,0.83318
ArbiterPUF,15,0.5,0.01344,0.9999096791210692,0.92519
ArbiterPUF,15,0.51,0.01446,0.9998954487345164,0.9257
ArbiterPUF,15,0.52,0.01582,0.9998748559694857,0.92638
ArbiterPUF,15,0.53,0.01696,0.9998561688563011,0.92695
ArbiterPUF,15,0.54,0.01824,0.9998336373617362,0.92759
ArbiterPUF,15,0.55,0.01936,0.9998125776364288,0.92815
ArbiterPUF,15,0.56,0.0205,0.9997898529191023,0.92872
ArbiterPUF,15,0.57,0.0217,0.9997645272762984,0.92932
ArbiterPUF,15,0.58,0.02284,0.9997391331742496,0.92989
ArbiterPUF,15,0.59,0.02448,0.9997003198959175,0.93071
ArbiterPUF,15,0.6,0.0259,0.9996645387328692,0.93142
ArbiterPUF,15,0.61,0.0273,0.9996272855419664,0.93212
ArbiterPUF,15,0.62,0.02866,0.999589217829004,0.9328
ArbiterPUF,15,0.63,0.0301,0.9995468923467271,0.93352
ArbiterPUF,15,0.64,0.03174,0.9994961592722604,0.93434
ArbiterPUF,15,0.65,0.03328,0.999446067379326,0.93511
ArbiterPUF,15,0.66,0.03468,0.999398467879554,0.93581
ArbiterPUF,15,0.67,0.03638,0.9993380286969971,0.93666
ArbiterPUF,15,0.68,0.03778,0.9992860809598021,0.93736
ArbiterPUF,15,0.69,0.0394,0.9992235185382699,0.93817
ArbiterPUF,15,0.7,0.04056,0.999177104621598,0.93875
ArbiterPUF,15,0.71,0.0423,0.9991049544467288,0.93962
ArbiterPUF,15,0.72,0.04338,0.9990586447251232,0.94016
ArbiterPUF,15,0.73,0.04468,0.9990013501492376,0.94081
ArbiterPUF,15,0.74,0.04656,0.9989154951245877,0.94175
ArbiterPUF,15,0.75,0.0485,0.998823182550345,0.94272
ArbiterPUF,15,0.76,0.05014,0.9987421991685342,0.94354
ArbiterPUF,15,0.77,0.05178,0.9986585160103528,0.94436
ArbiterPUF,15,0.78,0.05336,0.998575340372473,0.94515
ArbiterPUF,15,0.79,0.05492,0.998490757894133,0.94593
ArbiterPUF,15,0.8,0.05668,0.9983923966056633,0.94681
ArbiterPUF,15,0.81,0.05846,0.9982897517254197,0.9477
ArbiterPUF,15,0.82,0.06022,0.9981851289214841,0.94858
ArbiterPUF,15,0.83,0.06204,0.9980736638144502,0.94949
ArbiterPUF,15,0.84,0.06366,0.9979716450881758,0.9503
ArbiterPUF,15,0.85,0.0655,0.9978525692706314,0.95122
ArbiterPUF,15,0.86,0.06724,0.9977368302312992,0.95209
ArbiterPUF,15,0.87,0.06906,0.9976125081413122,0.953
ArbiterPUF,15,0.88,0.07102,0.9974748917140722,0.95398
ArbiterPUF,15,0.89,0.07258,0.9973625938443854,0.95476
ArbiterPUF,15,0.9,0.07468,0.997207549911251,0.95581
ArbiterPUF,15,0.91,0.07642,0.9970757160817827,0.95668
ArbiterPUF,15,0.92,0.07806,0.9969486628708621,0.9575
ArbiterPUF,15,0.93,0.07996,0.9967980730318452,0.95845
ArbiterPUF,15,0.94,0.08182,0.9966471229076016,0.95938
ArbiterPUF,15,0.95,0.0836,0.9964993928748778,0.96027
ArbiterPUF,15,0.96,0.08566,0.9963244272825995,0.9613
ArbiterPUF,15,0.97,0.08738,0.9961750526890343,0.96216
ArbiterPUF,15,0.98,0.08928,0.9960065670466236,0.96311
ArbiterPUF,15,0.99,0.0912,0.995832596373507,0.96407
ArbiterPUF,15,1.0,0.09318,0.9956492794151964,0.96506
ArbiterPUF,15,1.01,0.09528,0.995450511878918,0.96611
ArbiterPUF,15,1.02,0.09702,0.9952824320764434,0.96698
ArbiterPUF,15,1.03,0.09894,0.9950934008423531,0.96794
ArbiterPUF,15,1.04,0.10034,0.9949532071409187,0.96864
ArbiterPUF,15,1.05,0.1027,0.9947123755136459,0.96982
ArbiterPUF,15,1.06,0.10454,0.9945206827411888,0.97074
ArbiterPUF,15,1.07,0.10662,0.9942998418988107,0.97178
ArbiterPUF,15,1.08,0.10838,0.9941095390348088,0.97266
ArbiterPUF,15,1.09,0.11084,0.9938382637029027,0.97389
ArbiterPUF,15,1.1,0.1126,0.9936403977294804,0.97477
ArbiterPUF,15,1.11,0.1146,0.9934117172653038,0.97577
ArbiterPUF,15,1.12,0.11644,0.9931977277460918,0.97669
ArbiterPUF,15,1.13,0.11834,0.9929731337755316,0.97764
ArbiterPUF,15,1.14,0.1205,0.9927133271997511,0.97872
ArbiterPUF,15,1.15,0.12224,0.9925005704784254,0.97959
ArbiterPUF,15,1.16,0.12448,0.9922221170685523,0.98071
ArbiterPUF,15,1.17,0.12668,0.9919436363019826,0.98181
ArbiterPUF,15,1.18,0.12872,0.9916809777342713,0.98283
ArbiterPUF,15,1.19,0.13094,0.9913902946872135,0.98394
ArbiterPUF,15,1.2,0.133,0.9911160376060919,0.98497
ArbiterPUF,15,1.21,0.13506,0.9908374217801829,0.986
ArbiterPUF,15,1.22,0.13698,0.9905738133021686,0.98696
ArbiterPUF,15,1.23,0.1389,0.9903064121775643,0.98792
ArbiterPUF,15,1.24,0.14098,0.9900124441642135,0.98896
ArbiterPUF,15,1.25,0.14332,0.9896764004461258,0.99013
ArbiterPUF,15,1.26,0.1448,0.9894609441509049,0.99087
ArbiterPUF,15,1.27,0.14686,0.9891572879982234,0.9919
ArbiterPUF,15,1.28,0.1487,0.9888823539734136,0.99282
ArbiterPUF,15,1.29,0.15032,0.9886373943969547,0.99363
ArbiterPUF,15,1.3,0.1521,0.9883651096634278,0.99452
ArbiterPUF,15,1.31,0.15476,0.9879520951949036,0.99585
ArbiterPUF,15,1.32,0.15676,0.9876367259270993,0.99685
ArbiterPUF,15,1.33,0.15916,0.9872528016673339,0.99805
ArbiterPUF,15,1.34,0.16132,0.986902151988737,0.99913
ArbiterPUF,15,1.35,0.16306,0.9866161545403561,1.0
ArbiterPUF,15,1.36,0.16512,0.9862734841817455,0.99897
ArbiterPUF,15,1.37,0.1675,0.98587207588003,0.99778
ArbiterPUF,15,1.38,0.16968,0.9854992123791878,0.99667
ArbiterPUF,15,1.39,0.17192,0.9851109143644692,0.99555
ArbiterPUF,15,1.4,0.17446,0.9846642617664154,0.99428
ArbiterPUF,15,1.41,0.17696,0.9842180441345302,0.99303
ArbiterPUF,15,1.42,0.1786,0.983921765182578,0.99221
ArbiterPUF,15,1.43,0.18086,0.9835088512057224,0.99108
ArbiterPUF,15,1.44,0.1826,0.9831872863295172,0.99021
ArbiterPUF,15,1.45,0.1847,0.982794948094464,0.98916
ArbiterPUF,15,1.46,0.18668,0.9824207742103178,0.98817
ArbiterPUF,15,1.47,0.18902,0.9819732377208659,0.987
ArbiterPUF,15,1.48,0.19136,0.9815199184937615,0.98583
ArbiterPUF,15,1.49,0.19378,0.9810450099766064,0.98462
ArbiterPUF,15,1.5,0.1963,0.9805438847904767,0.98336
ArbiterPUF,15,1.51,0.1984,0.9801211353705213,0.98231
ArbiterPUF,15,1.52,0.20068,0.9796568468601646,0.98117
ArbiterPUF,15,1.53,0.20288,0.9792036078364909,0.98007
ArbiterPUF,15,1.54,0.20548,0.9786613150625708,0.97877
ArbiterPUF,15,1.55,0.20778,0.9781755832160198,0.97762
ArbiterPUF,15,1.56,0.2101,0.9776799016037919,0.97646
ArbiterPUF,15,1.57,0.2121,0.9772479675087588,0.97546
ArbiterPUF,15,1.58,0.21394,0.9768468029327833,0.97454
ArbiterPUF,15,1.59,0.2158,0.9764375863310465,0.97361
ArbiterPUF,15,1.6,0.2178,0.9759934221089813,0.97261
ArbiterPUF,15,1.61,0.22022,0.9754502302014185,0.9714
ArbiterPUF,15,1.62,0.22248,0.9749372541861347,0.97027
ArbiterPUF,15,1.63,0.22466,0.9744372141908375,0.96918
ArbiterPUF,15,1.64,0.2271,0.973871444288208,0.96796
ArbiterPUF,15,1.65,0.22924,0.9733699309101344,0.96689
ArbiterPUF,15,1.66,0.23142,0.9728539374438486,0.9658
ArbiterPUF,15,1.67,0.23348,0.9723616043427465,0.96477
ArbiterPUF,15,1.68,0.23542,0.9718937306105025,0.9638
ArbiterPUF,15,1.69,0.2376,0.9713630835068829,0.96271
ArbiterPUF,15,1.7,0.2399,0.9707976050650309,0.96156
ArbiterPUF,15,1.71,0.24212,0.9702463118198389,0.96045
ArbiterPUF,15,1.72,0.24452,0.9696442489903189,0.95925
ArbiterPUF,15,1.73,0.2462,0.9692190464492534,0.95841
ArbiterPUF,15,1.74,0.24824,0.9686985611633787,0.95739
ArbiterPUF,15,1.75,0.25034,0.9681579852482756,0.95634
ArbiterPUF,15,1.76,0.25226,0.9676594919701867,0.95538
ArbiterPUF,15,1.77,0.25466,0.9670306532887156,0.95418
ArbiterPUF,15,1.78,0.25666,0.966501756025306,0.95318
ArbiterPUF,15,1.79,0.25916,0.9658344031975669,0.95193
ArbiterPUF,15,1.8,0.2614,0.9652305631298669,0.95081
ArbiterPUF,15,1.81,0.2635,0.9646593958491255,0.94976
ArbiterPUF,15,1.82,0.26538,0.9641438977663032,0.94882
ArbiterPUF,15,1.83,0.26736,0.96359671564405,0.94783
ArbiterPUF,15,1.84,0.26966,0.9629555983533198,0.94668
ArbiterPUF,15,1.85,0.27158,0.9624158683230447,0.94572
ArbiterPUF,15,1.86,0.27376,0.9617980361801537,0.94463
ArbiterPUF,15,1.87,0.27584,0.9612035655364581,0.94359
ArbiterPUF,15,1.88,0.2777,0.960667845823935,0.94266
ArbiterPUF,15,1.89,0.28006,0.9599824979654575,0.94148
ArbiterPUF,15,1.9,0.28212,0.9593791250595354,0.94045
ArbiterPUF,15,1.91,0.28408,0.9588005807257315,0.93947
ArbiterPUF,15,1.92,0.28616,0.9581818482939447,0.93843
ArbiterPUF,15,1.93,0.28844,0.9574979720082962,0.93729
ArbiterPUF,15,1.94,0.29034,0.9569235520144752,0.93634
ArbiterPUF,15,1.95,0.29214,0.9563755645142759,0.93544
ArbiterPUF,15,1.96,0.29414,0.9557623451465329,0.93444
ArbiterPUF,15,1.97,0.29584,0.9552375068013192,0.93359
ArbiterPUF,15,1.98,0.29816,0.9545159057868023,0.93243
ArbiterPUF,15,1.99,0.29996,0.9539517799134292,0.93153
ArbiterPUF,15,2.0,0.3021,0.9532762401318937,0.93046
ArbiterPUF,15,2.01,0.30442,0.9525379066472894,0.9293
ArbiterPUF,15,2.02,0.30634,0.951922162994433,0.92834
ArbiterPUF,15,2.03,0.30898,0.9510685357007664,0.92702
ArbiterPUF,15,2.04,0.31084,0.9504622530116597,0.92609
ArbiterPUF,15,2.05,0.31286,0.9497992526844816,0.92508
ArbiterPUF,15,2.06,0.31444,0.9492773495665005,0.92429
ArbiterPUF,15,2.07,0.3168,0.9484923615928597,0.92311
ArbiterPUF,15,2.08,0.31898,0.9477614465676476,0.92202
ArbiterPUF,15,2.09,0.3212,0.9470113832473187,0.92091
ArbiterPUF,15,2.1,0.32306,0.9463784847512118,0.91998
ArbiterPUF,15,2.11,0.3252,0.9456452611841292,0.91891
ArbiterPUF,15,2.12,0.32714,0.9449758835017962,0.91794
ArbiterPUF,15,2.13,0.32922,0.944253245480258,0.9169
ArbiterPUF,15,2.14,0.33156,0.9434341346379196,0.91573
ArbiterPUF,15,2.15,0.33332,0.942813755521206,0.91485
ArbiterPUF,15,2.16,0.33536,0.9420900542941743,0.91383
ArbiterPUF,15,2.17,0.33752,0.9413183571990934,0.91275
ArbiterPUF,15,2.18,0.33956,0.940584396213333,0.91173
ArbiterPUF,15,2.19,0.34144,0.9399035729264998,0.91079
ArbiterPUF,15,2.2,0.34384,0.9390282500542783,0.90959
ArbiterPUF,15,2.21,0.34638,0.9380942892907941,0.90832
ArbiterPUF,15,2.22,0.34844,0.937331086863121,0.90729
ArbiterPUF,15,2.23,0.35052,0.9365552464216941,0.90625
ArbiterPUF,15,2.24,0.35262,0.9357666031655545,0.9052
ArbiterPUF,15,2.25,0.3545,0.9350560143649149,0.90426
ArbiterPUF,15,2.26,0.35666,0.9342342556339925,0.90318
ArbiterPUF,15,2.27,0.35876,0.9334298379631969,0.90213
ArbiterPUF,15,2.28,0.36074,0.9326664207528863,0.90114
ArbiterPUF,15,2.29,0.3628,0.9318670291409605,0.90011
ArbiterPUF,15,2.3,0.36498,0.9310153594866197,0.89902
ArbiterPUF,15,2.31,0.36686,0.9302761635127498,0.89808
ArbiterPUF,15,2.32,0.36848,0.9296356757353926,0.89727
ArbiterPUF,15,2.33,0.37058,0.9288005510334283,0.89622
ArbiterPUF,15,2.34,0.3726,0.9279920473797176,0.89521
ArbiterPUF,15,2.35,0.37482,0.9270976041388522,0.8941
ArbiterPUF,15,2.36,0.37706,0.9261888340937823,0.89298
ArbiterPUF,15,2.37,0.37918,0.9253229315217473,0.89192
ArbiterPUF,15,2.38,0.38132,0.9244431067404851,0.89085
ArbiterPUF,15,2.39,0.3832,0.9236653939603888,0.88991
ArbiterPUF,15,2.4,0.38518,0.9228414639579217,0.88892
ArbiterPUF,15,2.41,0.38706,0.9220545300577402,0.88798
ArbiterPUF,15,2.42,0.3891,0.9211955221341449,0.88696
ArbiterPUF,15,2.43,0.39108,0.9203566882464647,0.88597
ArbiterPUF,15,2.44,0.39336,0.9193845280403626,0.88483
ArbiterPUF,15,2.45,0.39498,0.9186897188931635,0.88402
ArbiterPUF,15,2.46,0.39684,0.9178878005508082,0.88309
ArbiterPUF,15,2.47,0.39896,0.9169683300965199,0.88203
ArbiterPUF,15,2.48,0.40104,0.9160605429773733,0.88099
ArbiterPUF,15,2.49,0.40288,0.9152528096651769,0.88007
ArbiterPUF,15,2.5,0.40462,0.9144849127240973,0.8792
ArbiterPUF,15,2.51,0.40654,0.9136329834238692,0.87824
ArbiterPUF,15,2.52,0.40814,0.9129193504357327,0.87744
ArbiterPUF,15,2.53,0.40986,0.9121484420860457,0.87658
ArbiterPUF,15,2.54,0.41154,0.911391698667483,0.87574
ArbiterPUF,15,2.55,0.4134,0.9105495263850286,0.87481
ArbiterPUF,15,2.56,0.41564,0.909529213604489,0.87369
ArbiterPUF,15,2.57,0.4176,0.908630970196372,0.87271
ArbiterPUF,15,2.58,0.41946,0.9077738200675319,0.87178
ArbiterPUF,15,2.59,0.42116,0.9069863584420661,0.87093
ArbiterPUF,15,2.6,0.42332,0.9059802302478791,0.86985
ArbiterPUF,15,2.61,0.42536,0.9050242374654948,0.86883
ArbiterPUF,15,2.62,0.4272,0.9041571544814542,0.86791
ArbiterPUF,15,2.63,0.429,0.903304489084384,0.86701
ArbiterPUF,15,2.64,0.4307,0.9024951578817473,0.86616
ArbiterPUF,15,2.65,0.43244,0.9016627121046983,0.86529
ArbiterPUF,15,2.66,0.43428,0.9007779313460117,0.86437
ArbiterPUF,15,2.67,0.43614,0.8998788253981754,0.86344
ArbiterPUF,15,2.68,0.4377,0.899121076385155,0.86266
ArbiterPUF,15,2.69,0.4393,0.8983404198854686,0.86186
ArbiterPUF,15,2.7,0.44114,0.8974382989375926,0.86094
ArbiterPUF,15,2.71,0.44266,0.896689536238714,0.86018
ArbiterPUF,15,2.72,0.44452,0.895768926453692,0.85925
ArbiterPUF,15,2.73,0.44612,0.8949731535638373,0.85845
ArbiterPUF,15,2.74,0.44844,0.8938129370287724,0.85729
ArbiterPUF,15,2.75,0.45012,0.8929680764730619,0.85645
ArbiterPUF,15,2.76,0.45196,0.892038204563011,0.85553
ArbiterPUF,15,2.77,0.45388,0.8910628179875983,0.85457
ArbiterPUF,15,2.78,0.45592,0.8900207602073111,0.85355
ArbiterPUF,15,2.79,0.45808,0.8889109705701691,0.85247
ArbiterPUF,15,2.8,0.4596,0.8881260270930021,0.85171
ArbiterPUF,15,2.81,0.46152,0.8871298042564008,0.85075
ArbiterPUF,15,2.82,0.46346,0.8861178411475529,0.84978
ArbiterPUF,15,2.83,0.46506,0.8852791629762896,0.84898
ArbiterPUF,15,2.84,0.46672,0.8844051343134549,0.84815
ArbiterPUF,15,2.85,0.46834,0.883548326012788,0.84734
ArbiterPUF,15,2.86,0.47044,0.8824319840078328,0.84629
ArbiterPUF,15,2.87,0.4723,0.8814378650818219,0.84536
ArbiterPUF,15,2.88,0.47398,0.8805356095013989,0.84452
ArbiterPUF,15,2.89,0.47562,0.8796508486894105,0.8437
ArbiterPUF,15,2.9,0.47718,0.878805580091524,0.84292
ArbiterPUF,15,2.91,0.47922,0.8776948168925234,0.8419
ArbiterPUF,15,2.92,0.48098,0.8767315664443707,0.84102
ArbiterPUF,15,2.93,0.48286,0.875697562175435,0.84008
ArbiterPUF,15,2.94,0.48434,0.874879857123251,0.83934
ArbiterPUF,15,2.95,0.48624,0.8738253042799801,0.83839
ArbiterPUF,15,2.96,0.48842,0.8726086772431271,0.8373
ArbiterPUF,15,2.97,0.49028,0.871564984152071,0.83637
ArbiterPUF,15,2.98,0.49206,0.870561288135419,0.83548
ArbiterPUF,15,2.99,0.49388,0.8695300717054011,0.83457
ArbiterPUF,15,3.0,0.4957,0.8684938169037244,0.83366
ArbiterPUF,20,0.5,0.013,0.9999154964295732,0.9269
ArbiterPUF,20,0.51,0.01402,0.9999017149700263,0.92741
ArbiterPUF,20,0.52,0.01514,0.9998853836315439,0.92797
ArbiterPUF,20,0.53,0.01632,0.9998668199315346,0.92856
ArbiterPUF,20,0.54,0.01756,0.9998458113129245,0.92918
ArbiterPUF,20,0.55,0.01876,0.9998240157147658,0.92978
ArbiterPUF,20,0.56,0.01974,0.9998051472161962,0.93027
ArbiterPUF,20,0.57,0.02086,0.9997824065265402,0.93083
ArbiterPUF,20,0.58,0.02214,0.9997548801581315,0.93147
ArbiterPUF,20,0.59,0.02332,0.9997280518220943,0.93206
ArbiterPUF,20,0.6,0.02504,0.9996864500432122,0.93292
ArbiterPUF,20,0.61,0.02626,0.999655146738114,0.93353
ArbiterPUF,20,0.62,0.0277,0.9996162813800104,0.93425
ArbiterPUF,20,0.63,0.02906,0.999577669018271,0.93493
ArbiterPUF,20,0.64,0.03042,0.99953720471026,0.93561
ArbiterPUF,20,0.65,0.03196,0.9994891487154826,0.93638
ArbiterPUF,20,0.66,0.03346,0.9994400574321605,0.93713
ArbiterPUF,20,0.67,0.03494,0.9993894117910195,0.93787
ArbiterPUF,20,0.68,0.03656,0.9993314597269517,0.93868
ArbiterPUF,20,0.69,0.03796,0.9992792594665417,0.93938
ArbiterPUF,20,0.7,0.03944,0.9992219405117162,0.94012
ArbiterPUF,20,0.71,0.04066,0.9991730402688015,0.94073
ArbiterPUF,20,0.72,0.0423,0.9991049544467288,0.94155
ArbiterPUF,20,0.73,0.0434,0.9990577761070678,0.9421
ArbiterPUF,20,0.74,0.04468,0.9990013501492376,0.94274
ArbiterPUF,20,0.75,0.04654,0.9989164271349231,0.94367
ArbiterPUF,20,0.76,0.0484,0.998828033246965,0.9446
ArbiterPUF,20,0.77,0.04994,0.9987522197221892,0.94537
ArbiterPUF,20,0.78,0.05168,0.9986636959457372,0.94624
ArbiterPUF,20,0.79,0.05316,0.9985860075126227,0.94698
ArbiterPUF,20,0.8,0.05478,0.9984984484715035,0.94779
ArbiterPUF,20,0.81,0.05648,0.9984037307622605,0.94864
ArbiterPUF,20,0.82,0.0581,0.9983107682480442,0.94945
ArbiterPUF,20,0.83,0.05988,0.9982055828335162,0.95034
ArbiterPUF,20,0.84,0.06172,0.9980935034354246,0.95126
ArbiterPUF,20,0.85,0.06324,0.9979983478944241,0.95202
ArbiterPUF,20,0.86,0.06518,0.9978735228474599,0.95299
ArbiterPUF,20,0.87,0.06678,0.9977677242725385,0.95379
ArbiterPUF,20,0.88,0.0685,0.997651116372853,0.95465
ArbiterPUF,20,0.89,0.0704,0.9975188419273092,0.9556
ArbiterPUF,20,0.9,0.07222,0.9973887264251586,0.95651
ArbiterPUF,20,0.91,0.074,0.9972582413798344,0.9574
ArbiterPUF,20,0.92,0.07586,0.9971184786172603,0.95833
ArbiterPUF,20,0.93,0.0774,0.9970001203610759,0.9591
ArbiterPUF,20,0.94,0.07918,0.9968603350520071,0.95999
ArbiterPUF,20,0.95,0.0811,0.9967059696821323,0.96095
ArbiterPUF,20,0.96,0.08282,0.9965645225473363,0.96181
ArbiterPUF,20,0.97,0.08484,0.9963945877010774,0.96282
ArbiterPUF,20,0.98,0.08672,0.9962327246180983,0.96376
ArbiterPUF,20,0.99,0.08852,0.9960743996308709,0.96466
ArbiterPUF,20,1.0,0.09014,0.995929104103299,0.96547
ArbiterPUF,20,1.01,0.09216,0.9957442113314041,0.96648
ArbiterPUF,20,1.02,0.09426,0.9955476143309269,0.96753
ArbiterPUF,20,1.03,0.0961,0.9953716843471087,0.96845
ArbiterPUF,20,1.04,0.098,0.9951864146982716,0.9694
ArbiterPUF,20,1.05,0.09956,0.9950315605044898,0.97018
ArbiterPUF,20,1.06,0.1015,0.9948355391721788,0.97115
ArbiterPUF,20,1.07,0.10356,0.994623208255267,0.97218
ArbiterPUF,20,1.08,0.10532,0.9944383830082184,0.97306
ArbiterPUF,20,1.09,0.10728,0.9942288477005684,0.97404
ArbiterPUF,20,1.1,0.10932,0.9940066084287368,0.97506
ArbiterPUF,20,1.11,0.11144,0.993771164001049,0.97612
ArbiterPUF,20,1.12,0.11328,0.993563103984845,0.97704
ArbiterPUF,20,1.13,0.11512,0.9933515921364401,0.97796
ArbiterPUF,20,1.14,0.11706,0.9931248443171685,0.97893
ArbiterPUF,20,1.15,0.11896,0.9928990474363444,0.97988
ArbiterPUF,20,1.16,0.12092,0.9926622555532169,0.98086
ArbiterPUF,20,1.17,0.12292,0.9924165826909584,0.98186
ArbiterPUF,20,1.18,0.1251,0.9921441377138707,0.98295
ArbiterPUF,20,1.19,0.1271,0.9918899082055427,0.98395
ArbiterPUF,20,1.2,0.12916,0.9916237665566512,0.98498
ArbiterPUF,20,1.21,0.13142,0.9913267794224063,0.98611
ArbiterPUF,20,1.22,0.13334,0.9910703529013466,0.98707
ArbiterPUF,20,1.23,0.1354,0.9907910173189906,0.9881
ArbiterPUF,20,1.24,0.13732,0.9905267374483134,0.98906
ArbiterPUF,20,1.25,0.1391,0.9902783396601181,0.98995
ArbiterPUF,20,1.26,0.14136,0.989958256897734,0.99108
ArbiterPUF,20,1.27,0.14356,0.9896416151314577,0.99218
ArbiterPUF,20,1.28,0.14492,0.9894433756410722,0.99286
ArbiterPUF,20,1.29,0.14708,0.9891245996334334,0.99394
ArbiterPUF,20,1.3,0.1489,0.9888522589345691,0.99485
ArbiterPUF,20,1.31,0.15052,0.9886069641672568,0.99566
ArbiterPUF,20,1.32,0.15224,0.9883435548431526,0.99652
ArbiterPUF,20,1.33,0.15488,0.9879332900555583,0.99784
ArbiterPUF,20,1.34,0.15692,0.9876113170676001,0.99886
ArbiterPUF,20,1.35,0.1592,0.9872463522343347,1.0
ArbiterPUF,20,1.36,0.16138,0.986892342456866,0.99891
ArbiterPUF,20,1.37,0.1631,0.9866095428283673,0.99805
ArbiterPUF,20,1.38,0.16512,0.9862734841817455,0.99704
ArbiterPUF,20,1.39,0.1675,0.98587207588003,0.99585
ArbiterPUF,20,1.4,0.16966,0.985502655704184,0.99475
ArbiterPUF,20,1.41,0.1718,0.9851318490435684,0.99368
ArbiterPUF,20,1.42,0.1744,0.9846748905095528,0.99238
ArbiterPUF,20,1.43,0.17688,0.9842324245827304,0.99114
ArbiterPUF,20,1.44,0.17846,0.9839471674841084,0.99035
ArbiterPUF,20,1.45,0.18056,0.9835639716866412,0.9893
ArbiterPUF,20,1.46,0.1824,0.9832244097864944,0.98838
ArbiterPUF,20,1.47,0.18456,0.9828212484475496,0.9873
ArbiterPUF,20,1.48,0.1865,0.9824549607997306,0.98633
ArbiterPUF,20,1.49,0.1885,0.9820731897368954,0.98533
ArbiterPUF,20,1.5,0.19118,0.9815549946895487,0.98399
ArbiterPUF,20,1.51,0.19344,0.9811121069480286,0.98286
ArbiterPUF,20,1.52,0.19588,0.9806278731506666,0.98164
ArbiterPUF,20,1.53,0.19814,0.9801737297030562,0.98051
ArbiterPUF,20,1.54,0.20024,0.9797468766982622,0.97946
ArbiterPUF,20,1.55,0.20242,0.979298802000697,0.97837
ArbiterPUF,20,1.56,0.20512,0.9787368316355526,0.97702
ArbiterPUF,20,1.57,0.20712,0.9783155450058023,0.97602
ArbiterPUF,20,1.58,0.20968,0.9777700637675507,0.97474
ArbiterPUF,20,1.59,0.21158,0.9773606824504453,0.97379
ArbiterPUF,20,1.6,0.21346,0.9769518045430902,0.97285
ArbiterPUF,20,1.61,0.21538,0.9765303147368237,0.97189
ArbiterPUF,20,1.62,0.21734,0.9760959606514107,0.97091
ArbiterPUF,20,1.63,0.21938,0.9756394905906586,0.96989
ArbiterPUF,20,1.64,0.22188,0.9750739795523209,0.96864
ArbiterPUF,20,1.65,0.22408,0.9745707535115139,0.96754
ArbiterPUF,20,1.66,0.2264,0.9740344141764191,0.96638
ArbiterPUF,20,1.67,0.22856,0.9735298282025054,0.9653
ArbiterPUF,20,1.68,0.23054,0.9730628491520986,0.96431
ArbiterPUF,20,1.69,0.2329,0.9725006889457715,0.96313
ArbiterPUF,20,1.7,0.23482,0.9720388714449644,0.96217
ArbiterPUF,20,1.71,0.23686,0.971543792322302,0.96115
ArbiterPUF,20,1.72,0.2392,0.9709703188048541,0.95998
ArbiterPUF,20,1.73,0.24122,0.9704704589012486,0.95897
ArbiterPUF,20,1.74,0.24366,0.9698607139172097,0.95775
ArbiterPUF,20,1.75,0.24546,0.9694067198034064,0.95685
ArbiterPUF,20,1.76,0.24736,0.9689236452889363,0.9559
ArbiterPUF,20,1.77,0.24928,0.9684314542599286,0.95494
ArbiterPUF,20,1.78,0.25138,0.9678884727074706,0.95389
ArbiterPUF,20,1.79,0.25362,0.96730393134733,0.95277
ArbiterPUF,20,1.8,0.25588,0.9667085525638015,0.95164
ArbiterPUF,20,1.81,0.25798,0.9661502572581555,0.95059
ArbiterPUF,20,1.82,0.26032,0.9655223962187516,0.94942
ArbiterPUF,20,1.83,0.26258,0.9649102256686888,0.94829
ArbiterPUF,20,1.84,0.26446,0.9643966551165554,0.94735
ArbiterPUF,20,1.85,0.26638,0.9638680903526167,0.94639
ArbiterPUF,20,1.86,0.2684,0.963307552134831,0.94538
ArbiterPUF,20,1.87,0.27052,0.9627143551438296,0.94432
ArbiterPUF,20,1.88,0.27284,0.9620594235285053,0.94316
ArbiterPUF,20,1.89,0.27464,0.9615471233382169,0.94226
ArbiterPUF,20,1.9,0.27684,0.9609160287975219,0.94116
ArbiterPUF,20,1.91,0.27866,0.9603898189797723,0.94025
ArbiterPUF,20,1.92,0.28106,0.9596901981368782,0.93905
ArbiterPUF,20,1.93,0.28312,0.9590844934623851,0.93802
ArbiterPUF,20,1.94,0.2851,0.9584977777752016,0.93703
ArbiterPUF,20,1.95,0.28716,0.9578826308060922,0.936
ArbiterPUF,20,1.96,0.28914,0.9572868224309787,0.93501
ArbiterPUF,20,1.97,0.29098,0.9567291359627343,0.93409
ArbiterPUF,20,1.98,0.29296,0.9561246981435004,0.9331
ArbiterPUF,20,1.99,0.29476,0.9555713172756916,0.9322
ArbiterPUF,20,2.0,0.29652,0.9550266433979735,0.93132
ArbiterPUF,20,2.01,0.29878,0.9543220167218192,0.93019
ArbiterPUF,20,2.02,0.30074,0.953706166699157,0.92921
ArbiterPUF,20,2.03,0.30276,0.9530668299757367,0.9282
ArbiterPUF,20,2.04,0.3052,0.9522882756812665,0.92698
ArbiterPUF,20,2.05,0.30716,0.9516578872683187,0.926
ArbiterPUF,20,2.06,0.3096,0.950866888686319,0.92478
ArbiterPUF,20,2.07,0.31158,0.9502199238071154,0.92379
ArbiterPUF,20,2.08,0.31328,0.9496608034451037,0.92294
ArbiterPUF,20,2.09,0.31518,0.9490319107385167,0.92199
ArbiterPUF,20,2.1,0.31746,0.9482716638179167,0.92085
ArbiterPUF,20,2.11,0.31954,0.9475727879165798,0.91981
ArbiterPUF,20,2.12,0.32166,0.946855239410967,0.91875
ArbiterPUF,20,2.13,0.32366,0.9461734536542442,0.91775
ArbiterPUF,20,2.14,0.32564,0.9454938341417144,0.91676
ArbiterPUF,20,2.15,0.3277,0.9447818319591037,0.91573
ArbiterPUF,20,2.16,0.32972,0.9440787687476082,0.91472
ArbiterPUF,20,2.17,0.33188,0.9433216130249533,0.91364
ArbiterPUF,20,2.18,0.33362,0.9427076405758044,0.91277
ArbiterPUF,20,2.19,0.33588,0.9419047858462126,0.91164
ArbiterPUF,20,2.2,0.33786,0.9411963771710982,0.91065
ArbiterPUF,20,2.21,0.34,0.9404254356406997,0.90958
ArbiterPUF,20,2.22,0.34192,0.9397290639327913,0.90862
ArbiterPUF,20,2.23,0.34434,0.9388450161767914,0.90741
ArbiterPUF,20,2.24,0.34678,0.9379464971948026,0.90619
ArbiterPUF,20,2.25,0.34882,0.9371897393804522,0.90517
ArbiterPUF,20,2.26,0.35092,0.9364054429572694,0.90412
ArbiterPUF,20,2.27,0.35302,0.9356157756258707,0.90307
ArbiterPUF,20,2.28,0.3549,0.9349042678263909,0.90213
ArbiterPUF,20,2.29,0.3568,0.9341807962059592,0.90118
ArbiterPUF,20,2.3,0.359,0.9333375595142414,0.90008
ArbiterPUF,20,2.31,0.36086,0.9326199978555039,0.89915
ArbiterPUF,20,2.32,0.363,0.931789139236984,0.89808
ArbiterPUF,20,2.33,0.36518,0.9309369299796846,0.89699
ArbiterPUF,20,2.34,0.36714,0.9301656951317868,0.89601
ArbiterPUF,20,2.35,0.36868,0.929556376773351,0.89524
ArbiterPUF,20,2.36,0.37078,0.9287207285293034,0.89419
ArbiterPUF,20,2.37,0.37276,0.9279277894319147,0.8932
ArbiterPUF,20,2.38,0.3751,0.9269843526187483,0.89203
ArbiterPUF,20,2.39,0.3772,0.9261318264696446,0.89098
ArbiterPUF,20,2.4,0.37924,0.9252983423739611,0.88996
ArbiterPUF,20,2.41,0.3814,0.9244101037959289,0.88888
ArbiterPUF,20,2.42,0.38328,0.9236322003914761,0.88794
ArbiterPUF,20,2.43,0.38522,0.922824767547989,0.88697
ArbiterPUF,20,2.44,0.38708,0.9220461342037068,0.88604
ArbiterPUF,20,2.45,0.38918,0.9211617271684707,0.88499
ArbiterPUF,20,2.46,0.39112,0.9203396903317818,0.88402
ArbiterPUF,20,2.47,0.39338,0.9193759707540763,0.88289
ArbiterPUF,20,2.48,0.39498,0.9186897188931635,0.88209
ArbiterPUF,20,2.49,0.39684,0.9178878005508082,0.88116
ArbiterPUF,20,2.5,0.39896,0.9169683300965199,0.8801
ArbiterPUF,20,2.51,0.401,0.9160780534430458,0.87908
ArbiterPUF,20,2.52,0.40282,0.9152792183809265,0.87817
ArbiterPUF,20,2.53,0.40458,0.9145026099470687,0.87729
ArbiterPUF,20,2.54,0.4064,0.9136952664865898,0.87638
ArbiterPUF,20,2.55,0.4081,0.9129372322345058,0.87553
ArbiterPUF,20,2.56,0.40978,0.9121843846503843,0.87469
ArbiterPUF,20,2.57,0.41142,0.9114458752992415,0.87387
ArbiterPUF,20,2.58,0.4133,0.9105949209170893,0.87293
ArbiterPUF,20,2.59,0.41548,0.9096023139812254,0.87184
ArbiterPUF,20,2.6,0.41742,0.9087136752575038,0.87087
ArbiterPUF,20,2.61,0.41938,0.907810781826257,0.86989
ArbiterPUF,20,2.62,0.42106,0.9070327868384913,0.86905
ArbiterPUF,20,2.63,0.42314,0.9060643136113461,0.86801
ArbiterPUF,20,2.64,0.42514,0.9051276044845833,0.86701
ArbiterPUF,20,2.65,0.42692,0.9042893970405712,0.86612
ArbiterPUF,20,2.66,0.42868,0.9034563949632546,0.86524
ArbiterPUF,20,2.67,0.43048,0.9026001161090109,0.86434
ArbiterPUF,20,2.68,0.43224,0.9017586053928182,0.86346
ArbiterPUF,20,2.69,0.43396,0.9009321386208841,0.8626
ArbiterPUF,20,2.7,0.43596,0.8999660429149537,0.8616
ArbiterPUF,20,2.71,0.43746,0.899237870866213,0.86085
ArbiterPUF,20,2.72,0.43906,0.898457743246726,0.86005
ArbiterPUF,20,2.73,0.44082,0.8975955256127338,0.85917
ArbiterPUF,20,2.74,0.44242,0.8968079747638289,0.85837
ArbiterPUF,20,2.75,0.4443,0.8958780664800315,0.85743
ArbiterPUF,20,2.76,0.44572,0.8951724312108813,0.85672
ArbiterPUF,20,2.77,0.4482,0.8939333084744073,0.85548
ArbiterPUF,20,2.78,0.44988,0.8930890132567975,0.85464
ArbiterPUF,20,2.79,0.45148,0.8922812390720765,0.85384
ArbiterPUF,20,2.8,0.45334,0.891337671368152,0.85291
ArbiterPUF,20,2.81,0.45562,0.8901743737043883,0.85177
ArbiterPUF,20,2.82,0.4577,0.8891066921354265,0.85073
ArbiterPUF,20,2.83,0.45926,0.8883018926018339,0.84995
ArbiterPUF,20,2.84,0.46108,0.8873585710410421,0.84904
ArbiterPUF,20,2.85,0.46316,0.8862746833798198,0.848
ArbiterPUF,20,2.86,0.4646,0.8855206604026807,0.84728
ArbiterPUF,20,2.87,0.46632,0.8846161074726145,0.84642
ArbiterPUF,20,2.88,0.46808,0.8836860944928352,0.84554
ArbiterPUF,20,2.89,0.46984,0.8827515926918513,0.84466
ArbiterPUF,20,2.9,0.47192,0.8816413747096945,0.84362
ArbiterPUF,20,2.91,0.47352,0.8807830661405792,0.84282
ArbiterPUF,20,2.92,0.4751,0.8799318098580138,0.84203
ArbiterPUF,20,2.93,0.47668,0.8790768894698574,0.84124
ArbiterPUF,20,2.94,0.47844,0.8781202459800137,0.84036
ArbiterPUF,20,2.95,0.48042,0.877038553086465,0.83937
ArbiterPUF,20,2.96,0.4823,0.8760061129923695,0.83843
ArbiterPUF,20,2.97,0.48376,0.8752006983543833,0.8377
ArbiterPUF,20,2.98,0.48566,0.8741477932249214,0.83675
ArbiterPUF,20,2.99,0.48766,0.8730336330291062,0.83575
ArbiterPUF,20,3.0,0.4897,0.8718909966274454,0.83473
ArbiterPUF,25,0.5,0.01264,0.9999201120089544,0.9288
ArbiterPUF,25,0.51,0.01356,0.9999080589734236,0.92926
ArbiterPUF,25,0.52,0.0145,0.9998948694737864,0.92973
ArbiterPUF,25,0.53,0.01582,0.9998748559694857,0.93039
ArbiterPUF,25,0.54,0.01688,0.9998575226501025,0.93092
ArbiterPUF,25,0.55,0.01814,0.9998354566627452,0.93155
ArbiterPUF,25,0.56,0.01926,0.999814508996544,0.93211
ArbiterPUF,25,0.57,0.02022,0.9997955549011005,0.93259
ArbiterPUF,25,0.58,0.02136,0.9997718491736002,0.93316
ArbiterPUF,25,0.59,0.0226,0.9997445873821973,0.93378
ArbiterPUF,25,0.6,0.02394,0.9997133971293972,0.93445
ArbiterPUF,25,0.61,0.02538,0.9996778759180379,0.93517
ArbiterPUF,25,0.62,0.02668,0.9996440254410568,0.93582
ArbiterPUF,25,0.63,0.02798,0.9996084831572809,0.93647
ArbiterPUF,25,0.64,0.02932,0.9995700763828418,0.93714
ArbiterPUF,25,0.65,0.03072,0.9995280294218867,0.93784
ArbiterPUF,25,0.66,0.03212,0.9994840196821558,0.93854
ArbiterPUF,25,0.67,0.03372,0.9994313191010176,0.93934
ArbiterPUF,25,0.68,0.03524,0.9993788783039194,0.9401
ArbiterPUF,25,0.69,0.03668,0.999327062377478,0.94082
ArbiterPUF,25,0.7,0.03816,0.9992716419472735,0.94156
ArbiterPUF,25,0.71,0.0396,0.9992156123680214,0.94228
ArbiterPUF,25,0.72,0.04072,0.9991705968452034,0.94284
ArbiterPUF,25,0.73,0.04236,0.9991024123682216,0.94366
ArbiterPUF,25,0.74,0.04342,0.9990569070878795,0.94419
ArbiterPUF,25,0.75,0.04464,0.9990031383334087,0.9448
ArbiterPUF,25,0.76,0.04648,0.9989192207581153,0.94572
ArbiterPUF,25,0.77,0.04836,0.9988299707157371,0.94666
ArbiterPUF,25,0.78,0.04976,0.9987612038921018,0.94736
ArbiterPUF,25,0.79,0.0515,0.9986729945282391,0.94823
ArbiterPUF,25,0.8,0.053,0.9985945123021656,0.94898
ArbiterPUF,25,0.81,0.0546,0.9985083074266332,0.94978
ArbiterPUF,25,0.82,0.05618,0.9984206566372712,0.95057
ArbiterPUF,25,0.83,0.05782,0.9983270243762814,0.95139
ArbiterPUF,25,0.84,0.05952,0.9982271132362616,0.95224
ArbiterPUF,25,0.85,0.06136,0.9981156999065791,0.95316
ArbiterPUF,25,0.86,0.06286,0.9980223546594537,0.95391
ArbiterPUF,25,0.87,0.06466,0.9979073526134575,0.95481
ArbiterPUF,25,0.88,0.06646,0.9977890901387927,0.95571
ArbiterPUF,25,0.89,0.0682,0.9976716694383978,0.95658
ArbiterPUF,25,0.9,0.0699,0.9975540035506851,0.95743
ArbiterPUF,25,0.91,0.07162,0.9974319904635103,0.95829
ArbiterPUF,25,0.92,0.0734,0.9973025819679803,0.95918
ArbiterPUF,25,0.93,0.07524,0.9971654538741301,0.9601
ArbiterPUF,25,0.94,0.07696,0.9970341811593019,0.96096
ArbiterPUF,25,0.95,0.0785,0.9969141136527256,0.96173
ArbiterPUF,25,0.96,0.08042,0.9967610664547446,0.96269
ArbiterPUF,25,0.97,0.08216,0.9966191521338532,0.96356
ArbiterPUF,25,0.98,0.084,0.9964657545545657,0.96448
ArbiterPUF,25,0.99,0.08588,0.9963054880908766,0.96542
ArbiterPUF,25,1.0,0.0876,0.9961557307971479,0.96628
ArbiterPUF,25,1.01,0.08942,0.9959940078132998,0.96719
ArbiterPUF,25,1.02,0.0913,0.9958234331446515,0.96813
ArbiterPUF,25,1.03,0.0932,0.9956474074691302,0.96908
ArbiterPUF,25,1.04,0.09522,0.9954562529815162,0.97009
ArbiterPUF,25,1.05,0.09692,0.9952921749918464,0.97094
ArbiterPUF,25,1.06,0.0988,0.9951073107961773,0.97188
ArbiterPUF,25,1.07,0.1002,0.99496731604611,0.97258
ArbiterPUF,25,1.08,0.10246,0.9947371252748135,0.97371
ArbiterPUF,25,1.09,0.1043,0.9945458812945734,0.97463
ArbiterPUF,25,1.1,0.10626,0.9943383792251005,0.97561
ArbiterPUF,25,1.11,0.10798,0.9941530664842312,0.97647
ArbiterPUF,25,1.12,0.1102,0.9939094324937257,0.97758
ArbiterPUF,25,1.13,0.11208,0.9936991866757263,0.97852
ArbiterPUF,25,1.14,0.11398,0.9934830444451481,0.97947
ArbiterPUF,25,1.15,0.11568,0.993286533483667,0.98032
ArbiterPUF,25,1.16,0.1177,0.9930491981770088,0.98133
ArbiterPUF,25,1.17,0.11968,0.9928125188574125,0.98232
ArbiterPUF,25,1.18,0.12154,0.9925865344643762,0.98325
ArbiterPUF,25,1.19,0.12358,0.9923346127189154,0.98427
ArbiterPUF,25,1.2,0.12578,0.9920581593838137,0.98537
ArbiterPUF,25,1.21,0.12766,0.9918179895525187,0.98631
ArbiterPUF,25,1.22,0.12976,0.9915454313343388,0.98736
ArbiterPUF,25,1.23,0.13176,0.9912816463548592,0.98836
ArbiterPUF,25,1.24,0.1339,0.9909948486243508,0.98943
ArbiterPUF,25,1.25,0.13576,0.9907417536371422,0.99036
ArbiterPUF,25,1.26,0.13754,0.9904962132184052,0.99125
ArbiterPUF,25,1.27,0.13962,0.9902051583384123,0.99229
ArbiterPUF,25,1.28,0.14178,0.9898981925430514,0.99337
ArbiterPUF,25,1.29,0.14376,0.9896125819733702,0.99436
ArbiterPUF,25,1.3,0.14518,0.9894052595372637,0.99507
ArbiterPUF,25,1.31,0.14716,0.9891127005554017,0.99606
ArbiterPUF,25,1.32,0.14912,0.9888191066115176,0.99704
ArbiterPUF,25,1.33,0.15068,0.9885825901764606,0.99782
ArbiterPUF,25,1.34,0.1525,0.9883034705999975,0.99873
ArbiterPUF,25,1.35,0.15504,0.9879081933054307,1.0
ArbiterPUF,25,1.36,0.15702,0.9875954230351618,0.99901
ArbiterPUF,25,1.37,0.15938,0.9872173092080588,0.99783
ArbiterPUF,25,1.38,0.16148,0.9868759849140114,0.99678
ArbiterPUF,25,1.39,0.16316,0.9865996221365586,0.99594
ArbiterPUF,25,1.4,0.1652,0.9862600874008844,0.99492
ArbiterPUF,25,1.41,0.16754,0.9858652790315723,0.99375
ArbiterPUF,25,1.42,0.16968,0.9854992123791878,0.99266
ArbiterPUF,25,1.43,0.1718,0.9851318490435684,0.9916
ArbiterPUF,25,1.44,0.1744,0.9846748905095528,0.9903
ArbiterPUF,25,1.45,0.17682,0.984243205513759,0.98909
ArbiterPUF,25,1.46,0.1784,0.983958047886189,0.9883
ArbiterPUF,25,1.47,0.18048,0.9835786545060847,0.98726
ArbiterPUF,25,1.48,0.1823,0.9832429557337291,0.98635
ArbiterPUF,25,1.49,0.18436,0.9828587845667351,0.98532
ArbiterPUF,25,1.5,0.1864,0.98247393858565,0.9843
ArbiterPUF,25,1.51,0.18824,0.9821230586846028,0.98338
ArbiterPUF,25,1.52,0.19114,0.9815627847468547,0.98193
ArbiterPUF,25,1.53,0.19304,0.9811908878500656,0.98098
ArbiterPUF,25,1.54,0.19546,0.9807116744487137,0.97977
ArbiterPUF,25,1.55,0.19784,0.9802343262710197,0.97858
ArbiterPUF,25,1.56,0.19988,0.9798203843562351,0.97756
ArbiterPUF,25,1.57,0.20198,0.9793896464635513,0.97651
ArbiterPUF,25,1.58,0.20472,0.9788205768168136,0.97514
ArbiterPUF,25,1.59,0.20686,0.9783705537269608,0.97407
ArbiterPUF,25,1.6,0.20924,0.9778643169683615,0.97288
ArbiterPUF,25,1.61,0.21134,0.9774126070396268,0.97183
ArbiterPUF,25,1.62,0.2131,0.977030393590701,0.97095
ArbiterPUF,25,1.63,0.21508,0.9765964333336468,0.96996
ArbiterPUF,25,1.64,0.21678,0.9762204830877089,0.96911
ArbiterPUF,25,1.65,0.21878,0.9757742113829407,0.96811
ArbiterPUF,25,1.66,0.22126,0.9752148544807958,0.96687
ArbiterPUF,25,1.67,0.2235,0.974703929406258,0.96575
ArbiterPUF,25,1.68,0.2258,0.9741736806134724,0.9646
ArbiterPUF,25,1.69,0.22794,0.9736751801293899,0.96353
ArbiterPUF,25,1.7,0.23018,0.9731480707477151,0.96241
ArbiterPUF,25,1.71,0.23236,0.9726298527189057,0.96132
ArbiterPUF,25,1.72,0.23422,0.9721836203104844,0.96039
ArbiterPUF,25,1.73,0.23616,0.9717141834922445,0.95942
ArbiterPUF,25,1.74,0.23826,0.9712014067123254,0.95837
ArbiterPUF,25,1.75,0.2406,0.9706243557628255,0.9572
ArbiterPUF,25,1.76,0.24296,0.9700363077740954,0.95602
ArbiterPUF,25,1.77,0.24502,0.969518024381187,0.95499
ArbiterPUF,25,1.78,0.24666,0.9691020815166995,0.95417
ArbiterPUF,25,1.79,0.24854,0.9686216332500528,0.95323
ArbiterPUF,25,1.8,0.25066,0.9680751853032904,0.95217
ArbiterPUF,25,1.81,0.25268,0.9675499044493778,0.95116
ArbiterPUF,25,1.82,0.25506,0.9669252279261309,0.94997
ArbiterPUF,25,1.83,0.25706,0.9663954451465508,0.94897
ArbiterPUF,25,1.84,0.2596,0.9657162316125788,0.9477
ArbiterPUF,25,1.85,0.26174,0.9651384213676296,0.94663
ArbiterPUF,25,1.86,0.26372,0.964599275139682,0.94564
ArbiterPUF,25,1.87,0.2655,0.9641108598081446,0.94475
ArbiterPUF,25,1.88,0.26754,0.9635467546517914,0.94373
ArbiterPUF,25,1.89,0.26972,0.9629387943166481,0.94264
ArbiterPUF,25,1.9,0.2718,0.962353760318938,0.9416
ArbiterPUF,25,1.91,0.27378,0.9617923432841414,0.94061
ArbiterPUF,25,1.92,0.27582,0.9612093047822623,0.93959
ArbiterPUF,25,1.93,0.27766,0.9606794077110221,0.93867
ArbiterPUF,25,1.94,0.27994,0.9600174979655319,0.93753
ArbiterPUF,25,1.95,0.28194,0.9594320384477476,0.93653
ArbiterPUF,25,1.96,0.28388,0.9588598154057765,0.93556
ArbiterPUF,25,1.97,0.286,0.9582296175760797,0.9345
ArbiterPUF,25,1.98,0.2882,0.9575702376327285,0.9334
ArbiterPUF,25,1.99,0.29006,0.957008462031554,0.93247
ArbiterPUF,25,2.0,0.29184,0.9564671528076644,0.93158
ArbiterPUF,25,2.01,0.29378,0.9558730624931326,0.93061
ArbiterPUF,25,2.02,0.29554,0.9553303661037892,0.92973
ArbiterPUF,25,2.03,0.29764,0.9546781815879106,0.92868
ArbiterPUF,25,2.04,0.29958,0.9540711837174414,0.92771
ArbiterPUF,25,2.05,0.30162,0.9534282225736765,0.92669
ArbiterPUF,25,2.06,0.30366,0.9527804597072718,0.92567
ArbiterPUF,25,2.07,0.30582,0.9520893485382557,0.92459
ArbiterPUF,25,2.08,0.30822,0.951315106365919,0.92339
ArbiterPUF,25,2.09,0.3102,0.9506713206992202,0.9224
ArbiterPUF,25,2.1,0.31222,0.9500098271070674,0.92139
ArbiterPUF,25,2.11,0.3138,0.9494891047294857,0.9206
ArbiterPUF,25,2.12,0.31612,0.948719213255429,0.91944
ArbiterPUF,25,2.13,0.31804,0.9480772955830132,0.91848
ArbiterPUF,25,2.14,0.32046,0.947262048432217,0.91727
ArbiterPUF,25,2.15,0.32216,0.9466852351230581,0.91642
ArbiterPUF,25,2.16,0.32452,0.945878834523746,0.91524
ArbiterPUF,25,2.17,0.3264,0.9452317387815542,0.9143
ArbiterPUF,25,2.18,0.32836,0.9445526509411744,0.91332
ArbiterPUF,25,2.19,0.3306,0.9437709679789901,0.9122
ArbiterPUF,25,2.2,0.33256,0.9430820995014165,0.91122
ArbiterPUF,25,2.21,0.33436,0.9424454309932221,0.91032
ArbiterPUF,25,2.22,0.33638,0.9417263379559905,0.90931
ArbiterPUF,25,2.23,0.3384,0.9410023591893911,0.9083
ArbiterPUF,25,2.24,0.34048,0.9402517586263799,0.90726
ArbiterPUF,25,2.25,0.34262,0.9394740739371151,0.90619
ArbiterPUF,25,2.26,0.34494,0.9386247367292213,0.90503
ArbiterPUF,25,2.27,0.34736,0.9377318542099335,0.90382
ArbiterPUF,25,2.28,0.34938,0.9369811180594836,0.90281
ArbiterPUF,25,2.29,0.35138,0.9362329280686512,0.90181
ArbiterPUF,25,2.3,0.35344,0.9354571964552947,0.90078
ArbiterPUF,25,2.31,0.35546,0.9346914937026011,0.89977
ArbiterPUF,25,2.32,0.35724,0.934012624325817,0.89888
ArbiterPUF,25,2.33,0.35938,0.9331913070748141,0.89781
ArbiterPUF,25,2.34,0.36122,0.932480622640492,0.89689
ArbiterPUF,25,2.35,0.36344,0.9316176073905001,0.89578
ArbiterPUF,25,2.36,0.36548,0.9308191927544254,0.89476
ArbiterPUF,25,2.37,0.36744,0.9300472280481246,0.89378
ArbiterPUF,25,2.38,0.3691,0.9293896868375505,0.89295
ArbiterPUF,25,2.39,0.37104,0.9286168846192707,0.89198
ArbiterPUF,25,2.4,0.3732,0.9277509148472989,0.8909
ArbiterPUF,25,2.41,0.3754,0.9268629024834255,0.8898
ArbiterPUF,25,2.42,0.3775,0.9260095841836626,0.88875
ArbiterPUF,25,2.43,0.3796,0.9251507120464211,0.8877
ArbiterPUF,25,2.44,0.3817,0.9242862705893667,0.88665
ArbiterPUF,25,2.45,0.38366,0.9234744200030663,0.88567
ArbiterPUF,25,2.46,0.38536,0.9227663140795725,0.88482
ArbiterPUF,25,2.47,0.3874,0.9219117311326503,0.8838
ArbiterPUF,25,2.48,0.38932,0.9211025662758735,0.88284
ArbiterPUF,25,2.49,0.39134,0.9202461651101839,0.88183
ArbiterPUF,25,2.5,0.39354,0.9193074939322533,0.88073
ArbiterPUF,25,2.51,0.39516,0.9186123090836525,0.87992
ArbiterPUF,25,2.52,0.39702,0.9178099583247067,0.87899
ArbiterPUF,25,2.53,0.39904,0.9169335190732204,0.87798
ArbiterPUF,25,2.54,0.4012,0.9159904802998774,0.8769
ArbiterPUF,25,2.55,0.40298,0.9152087847043427,0.87601
ArbiterPUF,25,2.56,0.40466,0.9144672134089883,0.87517
ArbiterPUF,25,2.57,0.4066,0.9136062828155241,0.8742
ArbiterPUF,25,2.58,0.40816,0.9129104087477586,0.87342
ArbiterPUF,25,2.59,0.40986,0.9121484420860457,0.87257
ArbiterPUF,25,2.6,0.4115,0.9114097596580805,0.87175
ArbiterPUF,25,2.61,0.41334,0.9105767646936749,0.87083
ArbiterPUF,25,2.62,0.4155,0.9095931782945604,0.86975
ArbiterPUF,25,2.63,0.41748,0.9086861117019452,0.86876
ArbiterPUF,25,2.64,0.41938,0.907810781826257,0.86781
ArbiterPUF,25,2.65,0.42106,0.9070327868384913,0.86697
ArbiterPUF,25,2.66,0.42314,0.9060643136113461,0.86593
ArbiterPUF,25,2.67,0.42514,0.9051276044845833,0.86493
ArbiterPUF,25,2.68,0.4269,0.904298838880157,0.86405
ArbiterPUF,25,2.69,0.42866,0.9034658844693584,0.86317
ArbiterPUF,25,2.7,0.43048,0.9026001161090109,0.86226
ArbiterPUF,25,2.71,0.4322,0.9017777775039703,0.8614
ArbiterPUF,25,2.72,0.43394,0.9009417719253558,0.86053
ArbiterPUF,25,2.73,0.43586,0.9000144778835503,0.85957
ArbiterPUF,25,2.74,0.4374,0.8992670571081762,0.8588
ArbiterPUF,25,2.75,0.43892,0.8985261451955642,0.85804
ArbiterPUF,25,2.76,0.44072,0.8976446299065126,0.85714
ArbiterPUF,25,2.77,0.44236,0.8968375719158961,0.85632
ArbiterPUF,25,2.78,0.44414,0.895957398764026,0.85543
ArbiterPUF,25,2.79,0.44568,0.895192346705444,0.85466
ArbiterPUF,25,2.8,0.44788,0.8940936783134081,0.85356
ArbiterPUF,25,2.81,0.4497,0.8931796627778759,0.85265
ArbiterPUF,25,2.82,0.4513,0.8923722933843252,0.85185
ArbiterPUF,25,2.83,0.45322,0.8913986939635934,0.85089
ArbiterPUF,25,2.84,0.45536,0.8903074021931976,0.84982
ArbiterPUF,25,2.85,0.45734,0.8892919230488939,0.84883
ArbiterPUF,25,2.86,0.45906,0.888405265855623,0.84797
ArbiterPUF,25,2.87,0.46094,0.8874313023552864,0.84703
ArbiterPUF,25,2.88,0.46278,0.8864731646248519,0.84611
ArbiterPUF,25,2.89,0.46438,0.8856360514342221,0.84531
ArbiterPUF,25,2.9,0.46608,0.8847425804153431,0.84446
ArbiterPUF,25,2.91,0.46794,0.8837602369421245,0.84353
ArbiterPUF,25,2.92,0.46944,0.8829643743662595,0.84278
ArbiterPUF,25,2.93,0.47162,0.8818018913565563,0.84169
ArbiterPUF,25,2.94,0.47326,0.8809227959361706,0.84087
ArbiterPUF,25,2.95,0.47488,0.8800505585476326,0.84006
ArbiterPUF,25,2.96,0.4765,0.8791744707394545,0.83925
ArbiterPUF,25,2.97,0.47802,0.8783489509300958,0.83849
ArbiterPUF,25,2.98,0.48016,0.8771809245531962,0.83742
ArbiterPUF,25,2.99,0.48198,0.8761822182628451,0.83651
ArbiterPUF,25,3.0,0.48354,0.8753222654542726,0.83573
ArbiterPUF,30,0.5,0.01218,0.9999258210487416,0.93064
ArbiterPUF,30,0.51,0.0132,0.9999128762047222,0.93115
ArbiterPUF,30,0.52,0.01414,0.9999000252025199,0.93162
ArbiterPUF,30,0.53,0.0152,0.9998844733267939,0.93215
ArbiterPUF,30,0.54,0.01628,0.9998674720181672,0.93269
ArbiterPUF,30,0.55,0.01748,0.9998472131280859,0.93329
ArbiterPUF,30,0.56,0.0186,0.9998270050363712,0.93385
ArbiterPUF,30,0.57,0.0196,0.9998079015490926,0.93435
ArbiterPUF,30,0.58,0.02058,0.9997882093723651,0.93484
ArbiterPUF,30,0.59,0.02178,0.999762787665154,0.93544
ArbiterPUF,30,0.6,0.02284,0.9997391331742496,0.93597
ArbiterPUF,30,0.61,0.02442,0.999701787334603,0.93676
ArbiterPUF,30,0.62,0.02574,0.9996686713106498,0.93742
ArbiterPUF,30,0.63,0.027,0.9996354335456501,0.93805
ArbiterPUF,30,0.64,0.02822,0.9996017364930895,0.93866
ArbiterPUF,30,0.65,0.02956,0.9995630077188733,0.93933
ArbiterPUF,30,0.66,0.03106,0.999517521807397,0.94008
ArbiterPUF,30,0.67,0.03238,0.9994756303182186,0.94074
ArbiterPUF,30,0.68,0.03398,0.9994225130544139,0.94154
ArbiterPUF,30,0.69,0.03544,0.9993718058860775,0.94227
ArbiterPUF,30,0.7,0.03676,0.9993241227950017,0.94293
ArbiterPUF,30,0.71,0.03834,0.9992647519051195,0.94372
ArbiterPUF,30,0.72,0.03964,0.9992140263226893,0.94437
ArbiterPUF,30,0.73,0.04072,0.9991705968452034,0.94491
ArbiterPUF,30,0.74,0.04242,0.9990998666800032,0.94576
ArbiterPUF,30,0.75,0.04342,0.9990569070878795,0.94626
ArbiterPUF,30,0.76,0.04462,0.9990040318236959,0.94686
ArbiterPUF,30,0.77,0.0464,0.9989229399708469,0.94775
ArbiterPUF,30,0.78,0.04832,0.9988319065788795,0.94871
ArbiterPUF,30,0.79,0.0496,0.9987691625195483,0.94935
ArbiterPUF,30,0.8,0.05142,0.9986771167900063,0.95026
ArbiterPUF,30,0.81,0.0528,0.9986051071369505,0.95095
ArbiterPUF,30,0.82,0.05446,0.9985159530022542,0.95178
ArbiterPUF,30,0.83,0.0561,0.9984251549315052,0.9526
ArbiterPUF,30,0.84,0.05762,0.9983385876545093,0.95336
ArbiterPUF,30,0.85,0.0592,0.9982461419910422,0.95415
ArbiterPUF,30,0.86,0.0611,0.9981316496334539,0.9551
ArbiterPUF,30,0.87,0.06254,0.9980424582150801,0.95582
ArbiterPUF,30,0.88,0.06424,0.9979344780094533,0.95667
ArbiterPUF,30,0.89,0.06604,0.9978169764039896,0.95757
ArbiterPUF,30,0.9,0.06764,0.9977097926752048,0.95837
ArbiterPUF,30,0.91,0.06948,0.9975833446885527,0.95929
ArbiterPUF,30,0.92,0.07128,0.9974563457114302,0.96019
ArbiterPUF,30,0.93,0.07278,0.9973480192991812,0.96094
ArbiterPUF,30,0.94,0.07468,0.997207549911251,0.96189
ArbiterPUF,30,0.95,0.0764,0.9970772487626023,0.96275
ArbiterPUF,30,0.96,0.0779,0.9969611777797569,0.9635
ArbiterPUF,30,0.97,0.07968,0.9968204941713428,0.96439
ArbiterPUF,30,0.98,0.08146,0.9966766117452541,0.96528
ArbiterPUF,30,0.99,0.08302,0.9965478812380267,0.96606
ArbiterPUF,30,1.0,0.0852,0.9963638692766815,0.96715
ArbiterPUF,30,1.01,0.08694,0.9962135495966715,0.96802
ArbiterPUF,30,1.02,0.08878,0.9960512595243279,0.96894
ArbiterPUF,30,1.03,0.09026,0.9959182358005098,0.96968
ArbiterPUF,30,1.04,0.09226,0.9957349508779934,0.97068
ArbiterPUF,30,1.05,0.0943,0.9955438262577897,0.9717
ArbiterPUF,30,1.06,0.0961,0.9953716843471087,0.9726
ArbiterPUF,30,1.07,0.0979,0.9951962570267234,0.9735
ArbiterPUF,30,1.08,0.09952,0.9950355619775607,0.97431
ArbiterPUF,30,1.09,0.1014,0.9948457367853571,0.97525
ArbiterPUF,30,1.1,0.10336,0.9946440118957134,0.97623
ArbiterPUF,30,1.11,0.105,0.9944722218342753,0.97705
ArbiterPUF,30,1.12,0.10698,0.9942611727307872,0.97804
ArbiterPUF,30,1.13,0.1087,0.9940745998163315,0.9789
ArbiterPUF,30,1.14,0.11102,0.9938181723031633,0.98006
ArbiterPUF,30,1.15,0.11276,0.9936222533739872,0.98093
ArbiterPUF,30,1.16,0.11466,0.9934047938277729,0.98188
ArbiterPUF,30,1.17,0.11644,0.9931977277460918,0.98277
ArbiterPUF,30,1.18,0.11828,0.9929802825836974,0.98369
ArbiterPUF,30,1.19,0.12032,0.9927351598487885,0.98471
ArbiterPUF,30,1.2,0.12208,0.99252026357148,0.98559
ArbiterPUF,30,1.21,0.12426,0.9922496925673496,0.98668
ArbiterPUF,30,1.22,0.12634,0.9919869981002776,0.98772
ArbiterPUF,30,1.23,0.12818,0.9917509201407376,0.98864
ArbiterPUF,30,1.24,0.1304,0.9914614667247538,0.98975
ArbiterPUF,30,1.25,0.13226,0.9912150586023196,0.99068
ArbiterPUF,30,1.26,0.13442,0.9909244489869043,0.99176
ArbiterPUF,30,1.27,0.13626,0.9906731107686328,0.99268
ArbiterPUF,30,1.28,0.13798,0.9904350153341712,0.99354
ArbiterPUF,30,1.29,0.13992,0.9901628116628094,0.99451
ArbiterPUF,30,1.3,0.1422,0.9898379463326308,0.99565
ArbiterPUF,30,1.31,0.14398,0.9895805978292018,0.99654
ArbiterPUF,30,1.32,0.1455,0.9893582515954471,0.9973
ArbiterPUF,30,1.33,0.14746,0.9890680201078185,0.99828
ArbiterPUF,30,1.34,0.14934,0.9887859042280082,0.99922
ArbiterPUF,30,1.35,0.1509,0.9885490326736455,1.0
ArbiterPUF,30,1.36,0.1528,0.988257132531812,0.99905
ArbiterPUF,30,1.37,0.1553,0.9878673544560524,0.9978
ArbiterPUF,30,1.38,0.15728,0.9875540499638489,0.99681
ArbiterPUF,30,1.39,0.1596,0.9871817664442553,0.99565
ArbiterPUF,30,1.4,0.16164,0.986849791204315,0.99463
ArbiterPUF,30,1.41,0.16334,0.9865698375685321,0.99378
ArbiterPUF,30,1.42,0.16534,0.9862366269815778,0.99278
ArbiterPUF,30,1.43,0.16768,0.985841476911983,0.99161
ArbiterPUF,30,1.44,0.1697,0.9854957686362739,0.99058
ArbiterPUF,30,1.45,0.1719,0.9851144045236575,0.98948
ArbiterPUF,30,1.46,0.1744,0.9846748905095528,0.98823
ArbiterPUF,30,1.47,0.17682,0.984243205513759,0.98702
ArbiterPUF,30,1.48,0.17838,0.9839616738471068,0.98624
ArbiterPUF,30,1.49,0.18048,0.9835786545060847,0.98519
ArbiterPUF,30,1.5,0.18222,0.9832577849170581,0.98432
ArbiterPUF,30,1.51,0.18428,0.9828737872178708,0.98329
ArbiterPUF,30,1.52,0.18632,0.9824891132221262,0.98227
ArbiterPUF,30,1.53,0.1882,0.9821307244964896,0.98133
ArbiterPUF,30,1.54,0.191,0.9815900366242518,0.97993
ArbiterPUF,30,1.55,0.19296,0.9812066237036928,0.97895
ArbiterPUF,30,1.56,0.19524,0.9807554957276561,0.97781
ArbiterPUF,30,1.57,0.1976,0.9802827347250382,0.97663
ArbiterPUF,30,1.58,0.1997,0.9798570865182331,0.97558
ArbiterPUF,30,1.59,0.20192,0.9794020183765193,0.97447
ArbiterPUF,30,1.6,0.20442,0.9788832737359445,0.97322
ArbiterPUF,30,1.61,0.20658,0.9784297131628821,0.97214
ArbiterPUF,30,1.62,0.20896,0.9779241884727056,0.97095
ArbiterPUF,30,1.63,0.21106,0.977473107763073,0.9699
ArbiterPUF,30,1.64,0.21288,0.9770783518224114,0.96899
ArbiterPUF,30,1.65,0.2148,0.9766580568448714,0.96803
ArbiterPUF,30,1.66,0.21634,0.9763180856667565,0.96726
ArbiterPUF,30,1.67,0.21842,0.9758548578554089,0.96622
ArbiterPUF,30,1.68,0.22086,0.9753055215674727,0.965
ArbiterPUF,30,1.69,0.22308,0.9748001403364692,0.96389
ArbiterPUF,30,1.7,0.22514,0.9743264239463078,0.96286
ArbiterPUF,30,1.71,0.22752,0.9737734077289233,0.96167
ArbiterPUF,30,1.72,0.22958,0.973289794254517,0.96064
ArbiterPUF,30,1.73,0.23182,0.9727586995755936,0.95952
ArbiterPUF,30,1.74,0.23374,0.9722991373029187,0.95856
ArbiterPUF,30,1.75,0.23566,0.9718355644860914,0.9576
ArbiterPUF,30,1.76,0.23776,0.9713239327845268,0.95655
ArbiterPUF,30,1.77,0.23996,0.9707827761142036,0.95545
ArbiterPUF,30,1.78,0.24212,0.9702463118198389,0.95437
ArbiterPUF,30,1.79,0.2445,0.9696492922701487,0.95318
ArbiterPUF,30,1.8,0.24616,0.9692292063284101,0.95235
ArbiterPUF,30,1.81,0.24806,0.9687446703853395,0.9514
ArbiterPUF,30,1.82,0.2502,0.9681941747397576,0.95033
ArbiterPUF,30,1.83,0.25196,0.9677376495724448,0.94945
ArbiterPUF,30,1.84,0.25424,0.9671411595005147,0.94831
ArbiterPUF,30,1.85,0.2563,0.9665972842916537,0.94728
ArbiterPUF,30,1.86,0.2586,0.9659844926291518,0.94613
ArbiterPUF,30,1.87,0.26094,0.9653550209119961,0.94496
ArbiterPUF,30,1.88,0.26294,0.9648121871120824,0.94396
ArbiterPUF,30,1.89,0.26486,0.9642868766088236,0.943
ArbiterPUF,30,1.9,0.26676,0.9637629907814471,0.94205
ArbiterPUF,30,1.91,0.26892,0.9631625167125224,0.94097
ArbiterPUF,30,1.92,0.27066,0.9626750045576129,0.9401
ArbiterPUF,30,1.93,0.27306,0.9619970043612401,0.9389
ArbiterPUF,30,1.94,0.2749,0.961472823328876,0.93798
ArbiterPUF,30,1.95,0.27702,0.9608641525210523,0.93692
ArbiterPUF,30,1.96,0.27884,0.9603375731481092,0.93601
ArbiterPUF,30,1.97,0.28124,0.9596374640456677,0.93481
ArbiterPUF,30,1.98,0.28314,0.9590785892720157,0.93386
ArbiterPUF,30,1.99,0.28524,0.9584561244000686,0.93281
ArbiterPUF,30,2.0,0.2872,0.9578706384475931,0.93183
ArbiterPUF,30,2.01,0.28916,0.9572807813802595,0.93085
ArbiterPUF,30,2.02,0.29098,0.9567291359627343,0.92994
ArbiterPUF,30,2.03,0.29282,0.9561675834287628,0.92902
ArbiterPUF,30,2.04,0.29472,0.955583654946023,0.92807
ArbiterPUF,30,2.05,0.29636,0.9550763060614582,0.92725
ArbiterPUF,30,2.06,0.29868,0.9543533190595607,0.92609
ArbiterPUF,30,2.07,0.30058,0.9537566060583801,0.92514
ArbiterPUF,30,2.08,0.3026,0.9531176422666824,0.92413
ArbiterPUF,30,2.09,0.30502,0.9523459453370923,0.92292
ArbiterPUF,30,2.1,0.30682,0.9517675596488884,0.92202
ArbiterPUF,30,2.11,0.30934,0.950951504757209,0.92076
ArbiterPUF,30,2.12,0.31128,0.9503182422746602,0.91979
ArbiterPUF,30,2.13,0.31302,0.9497465343974676,0.91892
ArbiterPUF,30,2.14,0.31472,0.9491845561322623,0.91807
ArbiterPUF,30,2.15,0.31702,0.948418852406467,0.91692
ArbiterPUF,30,2.16,0.31906,0.9477345178898993,0.9159
ArbiterPUF,30,2.17,0.32124,0.9469978154145868,0.91481
ArbiterPUF,30,2.18,0.32306,0.9463784847512118,0.9139
ArbiterPUF,30,2.19,0.3252,0.9456452611841292,0.91283
ArbiterPUF,30,2.2,0.32708,0.9449966526924846,0.91189
ArbiterPUF,30,2.21,0.32914,0.9442811341968026,0.91086
ArbiterPUF,30,2.22,0.33152,0.9434481912643642,0.90967
ArbiterPUF,30,2.23,0.33324,0.9428420347014658,0.90881
ArbiterPUF,30,2.24,0.33508,0.942189680266134,0.90789
ArbiterPUF,30,2.25,0.33724,0.9414187072711058,0.90681
ArbiterPUF,30,2.26,0.33916,0.9407287039311599,0.90585
ArbiterPUF,30,2.27,0.34108,0.9400342725666974,0.90489
ArbiterPUF,30,2.28,0.34336,0.9392038705201337,0.90375
ArbiterPUF,30,2.29,0.3458,0.9383082435958879,0.90253
ArbiterPUF,30,2.3,0.34802,0.9374871090313722,0.90142
ArbiterPUF,30,2.31,0.34974,0.9368468030580027,0.90056
ArbiterPUF,30,2.32,0.35202,0.9359924783885819,0.89942
ArbiterPUF,30,2.33,0.35396,0.9352605617687512,0.89845
ArbiterPUF,30,2.34,0.35614,0.9344326088060069,0.89736
ArbiterPUF,30,2.35,0.35786,0.9337752515461095,0.8965
ArbiterPUF,30,2.36,0.36,0.9329523031752479,0.89543
ArbiterPUF,30,2.37,0.36192,0.9322091576465015,0.89447
ArbiterPUF,30,2.38,0.36406,0.9313754969935595,0.8934
ArbiterPUF,30,2.39,0.36608,0.9305833834751188,0.89239
ArbiterPUF,30,2.4,0.3678,0.9299049198708434,0.89153
ArbiterPUF,30,2.41,0.36964,0.9291750483089827,0.89061
ArbiterPUF,30,2.42,0.37162,0.9283849285721953,0.88962
ArbiterPUF,30,2.43,0.37374,0.9275335101224107,0.88856
ArbiterPUF,30,2.44,0.376,0.9266196630764965,0.88743
ArbiterPUF,30,2.45,0.37816,0.9257402521225919,0.88635
ArbiterPUF,30,2.46,0.38012,0.9249371792721925,0.88537
ArbiterPUF,30,2.47,0.38216,0.9240961716185172,0.88435
ArbiterPUF,30,2.48,0.38398,0.9233414100970453,0.88344
ArbiterPUF,30,2.49,0.3857,0.9226242517948464,0.88258
ArbiterPUF,30,2.5,0.38778,0.9217519577413438,0.88154
ArbiterPUF,30,2.51,0.38994,0.9208402664957694,0.88046
ArbiterPUF,30,2.52,0.39176,0.9200674444843706,0.87955
ArbiterPUF,30,2.53,0.39368,0.9192475496839794,0.87859
ArbiterPUF,30,2.54,0.39552,0.9184573640621538,0.87767
ArbiterPUF,30,2.55,0.39738,0.9176541481407905,0.87674
ArbiterPUF,30,2.56,0.39954,0.9167157620549568,0.87566
ArbiterPUF,30,2.57,0.40146,0.9158765574027976,0.8747
ArbiterPUF,30,2.58,0.4032,0.9151118838699452,0.87383
ArbiterPUF,30,2.59,0.40492,0.9143521168565203,0.87297
ArbiterPUF,30,2.6,0.40674,0.9135439630362627,0.87206
ArbiterPUF,30,2.61,0.4084,0.9128030674795083,0.87123
ArbiterPUF,30,2.62,0.41016,0.9120135823550001,0.87035
ArbiterPUF,30,2.63,0.41186,0.9112471346457006,0.8695
ArbiterPUF,30,2.64,0.41366,0.910431438604797,0.8686
ArbiterPUF,30,2.65,0.41584,0.9094377902858447,0.86751
ArbiterPUF,30,2.66,0.41778,0.9085482219453185,0.86654
ArbiterPUF,30,2.67,0.41952,0.9077460931339777,0.86567
ArbiterPUF,30,2.68,0.42116,0.9069863584420661,0.86485
ArbiterPUF,30,2.69,0.42332,0.9059802302478791,0.86377
ArbiterPUF,30,2.7,0.42534,0.9050336371649399,0.86276
ArbiterPUF,30,2.71,0.42716,0.904176052768486,0.86185
ArbiterPUF,30,2.72,0.42884,0.9033804593857454,0.86101
ArbiterPUF,30,2.73,0.43054,0.9025714976665284,0.86016
ArbiterPUF,30,2.74,0.43232,0.9017202546244595,0.85927
ArbiterPUF,30,2.75,0.43406,0.900883963893242,0.8584
ArbiterPUF,30,2.76,0.43602,0.8999369753488295,0.85742
ArbiterPUF,30,2.77,0.43746,0.899237870866213,0.8567
ArbiterPUF,30,2.78,0.4391,0.8984381948692965,0.85588
ArbiterPUF,30,2.79,0.44082,0.8975955256127338,0.85502
ArbiterPUF,30,2.8,0.4424,0.8968178410357368,0.85423
ArbiterPUF,30,2.81,0.4442,0.8959276533292183,0.85333
ArbiterPUF,30,2.82,0.4457,0.8951823892369642,0.85258
ArbiterPUF,30,2.83,0.44796,0.8940535992880965,0.85145
ArbiterPUF,30,2.84,0.44974,0.8931595223698843,0.85056
ArbiterPUF,30,2.85,0.45136,0.8923419470135873,0.84975
ArbiterPUF,30,2.86,0.45324,0.8913885249429678,0.84881
ArbiterPUF,30,2.87,0.45544,0.89026648055512,0.84771
ArbiterPUF,30,2.88,0.45736,0.8892816372780898,0.84675
ArbiterPUF,30,2.89,0.45906,0.888405265855623,0.8459
ArbiterPUF,30,2.9,0.46094,0.8874313023552864,0.84496
ArbiterPUF,30,2.91,0.46278,0.8864731646248519,0.84404
ArbiterPUF,30,2.92,0.46438,0.8856360514342221,0.84324
ArbiterPUF,30,2.93,0.46608,0.8847425804153431,0.84239
ArbiterPUF,30,2.94,0.46788,0.883792003584554,0.84149
ArbiterPUF,30,2.95,0.46942,0.88297500734732,0.84072
ArbiterPUF,30,2.96,0.47158,0.8818232836572186,0.83964
ArbiterPUF,30,2.97,0.47316,0.8809765118321826,0.83885
ArbiterPUF,30,2.98,0.47474,0.8801260889213545,0.83806
ArbiterPUF,30,2.99,0.47644,0.8792069872333819,0.83721
ArbiterPUF,30,3.0,0.47798,0.8783707187742541,0.83644
ArbiterPUF,35,0.5,0.01166,0.9999320198893522,0.93189
ArbiterPUF,35,0.51,0.01274,0.9999188429067631,0.93243
ArbiterPUF,35,0.52,0.01368,0.9999064244218054,0.9329
ArbiterPUF,35,0.53,0.01456,0.9998939975817436,0.93334
ArbiterPUF,35,0.54,0.01582,0.9998748559694857,0.93397
ArbiterPUF,35,0.55,0.01684,0.9998581971459752,0.93448
ArbiterPUF,35,0.56,0.01798,0.9998383467341108,0.93505
ArbiterPUF,35,0.57,0.01908,0.9998179602307611,0.9356
ArbiterPUF,35,0.58,0.01998,0.9998003798759031,0.93605
ArbiterPUF,35,0.59,0.02102,0.9997790553917402,0.93657
ArbiterPUF,35,0.6,0.02224,0.9997526606116133,0.93718
ArbiterPUF,35,0.61,0.02328,0.9997289840751842,0.9377
ArbiterPUF,35,0.62,0.02482,0.9996919363483933,0.93847
ArbiterPUF,35,0.63,0.0261,0.9996593369743515,0.93911
ArbiterPUF,35,0.64,0.02738,0.999625097524067,0.93975
ArbiterPUF,35,0.65,0.0286,0.9995909363334585,0.94036
ArbiterPUF,35,0.66,0.02988,0.9995534931158011,0.941
ArbiterPUF,35,0.67,0.03128,0.9995106610737076,0.9417
ArbiterPUF,35,0.68,0.03262,0.999467826195521,0.94237
ArbiterPUF,35,0.69,0.03424,0.9994136392905594,0.94318
ArbiterPUF,35,0.7,0.0356,0.9993661190975008,0.94386
ArbiterPUF,35,0.71,0.03684,0.9993211767995313,0.94448
ArbiterPUF,35,0.72,0.03848,0.9992593705339972,0.9453
ArbiterPUF,35,0.73,0.03966,0.9992132326986065,0.94589
ArbiterPUF,35,0.74,0.04078,0.9991681498126328,0.94645
ArbiterPUF,35,0.75,0.04248,0.9990973173820457,0.9473
ArbiterPUF,35,0.76,0.04342,0.9990569070878795,0.94777
ArbiterPUF,35,0.77,0.0446,0.9990049249127855,0.94836
ArbiterPUF,35,0.78,0.04638,0.9989238687707889,0.94925
ArbiterPUF,35,0.79,0.04818,0.9988386694556834,0.95015
ArbiterPUF,35,0.8,0.04948,0.9987751146279128,0.9508
ArbiterPUF,35,0.81,0.05134,0.9986812326263071,0.95173
ArbiterPUF,35,0.82,0.05268,0.9986114447571688,0.9524
ArbiterPUF,35,0.83,0.0543,0.9985246666958209,0.95321
ArbiterPUF,35,0.84,0.05572,0.9984464340163671,0.95392
ArbiterPUF,35,0.85,0.05742,0.998350110732703,0.95477
ArbiterPUF,35,0.86,0.059,0.998257982687842,0.95556
ArbiterPUF,35,0.87,0.06078,0.9981511867447737,0.95645
ArbiterPUF,35,0.88,0.06228,0.9980587165092042,0.9572
ArbiterPUF,35,0.89,0.06394,0.9979537446194591,0.95803
ArbiterPUF,35,0.9,0.06552,0.9978512562501488,0.95882
ArbiterPUF,35,0.91,0.06724,0.9977368302312992,0.95968
ArbiterPUF,35,0.92,0.0689,0.997623571293301,0.96051
ArbiterPUF,35,0.93,0.07064,0.997501874885456,0.96138
ArbiterPUF,35,0.94,0.07236,0.9973785792766957,0.96224
ArbiterPUF,35,0.95,0.07414,0.9972478430159676,0.96313
ArbiterPUF,35,0.96,0.07586,0.9971184786172603,0.96399
ArbiterPUF,35,0.97,0.07734,0.9970047765181468,0.96473
ArbiterPUF,35,0.98,0.07892,0.9968809525715697,0.96552
ArbiterPUF,35,0.99,0.08084,0.9967270912341052,0.96648
ArbiterPUF,35,1.0,0.08252,0.9965894087336068,0.96732
ArbiterPUF,35,1.01,0.0844,0.996431954525747,0.96826
ArbiterPUF,35,1.02,0.08614,0.9962830423127756,0.96913
ArbiterPUF,35,1.03,0.08796,0.9961240075412297,0.97004
ArbiterPUF,35,1.04,0.08964,0.9959742317951805,0.97088
ArbiterPUF,35,1.05,0.09142,0.9958124239032167,0.97177
ArbiterPUF,35,1.06,0.09338,0.9956305417171574,0.97275
ArbiterPUF,35,1.07,0.09532,0.995446682449643,0.97372
ArbiterPUF,35,1.08,0.09692,0.9952921749918464,0.97452
ArbiterPUF,35,1.09,0.09876,0.9951112814152998,0.97544
ArbiterPUF,35,1.1,0.10014,0.9949733566282065,0.97613
ArbiterPUF,35,1.11,0.10224,0.994759761148389,0.97718
ArbiterPUF,35,1.12,0.10406,0.994571021295111,0.97809
ArbiterPUF,35,1.13,0.106,0.9943661297530203,0.97906
ArbiterPUF,35,1.14,0.10772,0.994181272002244,0.97992
ArbiterPUF,35,1.15,0.10974,0.9939603273773053,0.98093
ArbiterPUF,35,1.16,0.11172,0.9937397252802166,0.98192
ArbiterPUF,35,1.17,0.11358,0.9935288539342982,0.98285
ArbiterPUF,35,1.18,0.1153,0.9933307153209346,0.98371
ArbiterPUF,35,1.19,0.11724,0.9931036111101401,0.98468
ArbiterPUF,35,1.2,0.11902,0.9928918569511986,0.98557
ArbiterPUF,35,1.21,0.12092,0.9926622555532169,0.98652
ArbiterPUF,35,1.22,0.12276,0.9924363870797969,0.98744
ArbiterPUF,35,1.23,0.12482,0.9921794029307399,0.98847
ArbiterPUF,35,1.24,0.12692,0.9919129566650493,0.98952
ArbiterPUF,35,1.25,0.12882,0.9916679926265645,0.99047
ArbiterPUF,35,1.26,0.131,0.991382368211176,0.99156
ArbiterPUF,35,1.27,0.13292,0.9911267696919501,0.99252
ArbiterPUF,35,1.28,0.13492,0.9908564949577713,0.99352
ArbiterPUF,35,1.29,0.13672,0.990609732235657,0.99442
ArbiterPUF,35,1.3,0.13854,0.9903568389222139,0.99533
ArbiterPUF,35,1.31,0.14046,0.9900863540116086,0.99629
ArbiterPUF,35,1.32,0.14272,0.9897631037778688,0.99742
ArbiterPUF,35,1.33,0.14432,0.9895310695475913,0.99822
ArbiterPUF,35,1.34,0.14582,0.9893111379136496,0.99897
ArbiterPUF,35,1.35,0.14788,0.9890053112091968,1.0
ArbiterPUF,35,1.36,0.14968,0.9887344929757431,0.9991
ArbiterPUF,35,1.37,0.15118,0.9885062506630903,0.99835
ArbiterPUF,35,1.38,0.15332,0.9881765923153616,0.99728
ArbiterPUF,35,1.39,0.15576,0.9877949293249079,0.99606
ArbiterPUF,35,1.4,0.15762,0.9874998408101138,0.99513
ArbiterPUF,35,1.41,0.15984,0.9871429351416136,0.99402
ArbiterPUF,35,1.42,0.16192,0.9868038881155667,0.99298
ArbiterPUF,35,1.43,0.1635,0.9865433340710382,0.99219
ArbiterPUF,35,1.44,0.16554,0.9862030766530796,0.99117
ArbiterPUF,35,1.45,0.16778,0.9858244628735889,0.99005
ArbiterPUF,35,1.46,0.16988,0.9854647561430089,0.98898
ArbiterPUF,35,1.47,0.17204,0.9850899646225213,0.9879
ArbiterPUF,35,1.48,0.17448,0.9846607180140781,0.98668
ArbiterPUF,35,1.49,0.17692,0.9842252351977163,0.98546
ArbiterPUF,35,1.5,0.17846,0.9839471674841084,0.98469
ArbiterPUF,35,1.51,0.18048,0.9835786545060847,0.98368
ArbiterPUF,35,1.52,0.18228,0.9832466636607521,0.98278
ArbiterPUF,35,1.53,0.18428,0.9828737872178708,0.98178
ArbiterPUF,35,1.54,0.18632,0.9824891132221262,0.98076
ArbiterPUF,35,1.55,0.18814,0.9821422200475856,0.97985
ArbiterPUF,35,1.56,0.19092,0.9816055998210279,0.97846
ArbiterPUF,35,1.57,0.19294,0.9812105566085192,0.97745
ArbiterPUF,35,1.58,0.19514,0.9807753975299341,0.97635
ArbiterPUF,35,1.59,0.19756,0.9802907968557084,0.97514
ArbiterPUF,35,1.6,0.1996,0.9798774617267202,0.97412
ArbiterPUF,35,1.61,0.20184,0.9794185082996952,0.973
ArbiterPUF,35,1.62,0.2042,0.9789291904933675,0.97182
ArbiterPUF,35,1.63,0.20638,0.9784719186568412,0.97073
ArbiterPUF,35,1.64,0.2087,0.977979708378451,0.96957
ArbiterPUF,35,1.65,0.21062,0.9775680107286653,0.96861
ArbiterPUF,35,1.66,0.21266,0.9771262581672852,0.96759
ArbiterPUF,35,1.67,0.21452,0.9767195961994415,0.96666
ArbiterPUF,35,1.68,0.21612,0.9763668089401649,0.96586
ArbiterPUF,35,1.69,0.21818,0.9759085446905361,0.96483
ArbiterPUF,35,1.7,0.22048,0.9753914955544775,0.96368
ArbiterPUF,35,1.71,0.2227,0.9748870242238329,0.96257
ArbiterPUF,35,1.72,0.22478,0.9744095399779295,0.96153
ArbiterPUF,35,1.73,0.22716,0.973857450759607,0.96034
ArbiterPUF,35,1.74,0.22924,0.9733699309101344,0.9593
ArbiterPUF,35,1.75,0.2313,0.9728824749166777,0.95827
ArbiterPUF,35,1.76,0.2333,0.9724048076804229,0.95727
ArbiterPUF,35,1.77,0.23526,0.9719324731687897,0.95629
ArbiterPUF,35,1.78,0.2373,0.9714364158296723,0.95527
ArbiterPUF,35,1.79,0.23954,0.9708864961466918,0.95415
ArbiterPUF,35,1.8,0.24154,0.9703908637245099,0.95315
ArbiterPUF,35,1.81,0.244,0.969775231690313,0.95192
ArbiterPUF,35,1.82,0.24566,0.9693560565653881,0.95109
ArbiterPUF,35,1.83,0.24752,0.9688827842417265,0.95016
ArbiterPUF,35,1.84,0.24944,0.968390255217389,0.9492
ArbiterPUF,35,1.85,0.2514,0.9678832780867742,0.94822
ArbiterPUF,35,1.86,0.25364,0.9672986872729642,0.9471
ArbiterPUF,35,1.87,0.25578,0.966735016227301,0.94603
ArbiterPUF,35,1.88,0.25788,0.9661769535649256,0.94498
ArbiterPUF,35,1.89,0.26024,0.9655439619199117,0.9438
ArbiterPUF,35,1.9,0.26232,0.964980941573459,0.94276
ArbiterPUF,35,1.91,0.2642,0.9644679154850097,0.94182
ArbiterPUF,35,1.92,0.26598,0.9639785472716704,0.94093
ArbiterPUF,35,1.93,0.26802,0.9634133482571228,0.93991
ArbiterPUF,35,1.94,0.27006,0.9628434952784383,0.93889
ArbiterPUF,35,1.95,0.27234,0.9622010831421882,0.93775
ArbiterPUF,35,1.96,0.27416,0.9616840928288247,0.93684
ArbiterPUF,35,1.97,0.2762,0.9611001820830125,0.93582
ArbiterPUF,35,1.98,0.27806,0.9605637076217278,0.93489
ArbiterPUF,35,1.99,0.28048,0.9598598697726664,0.93368
ArbiterPUF,35,2.0,0.28238,0.9593026298306495,0.93273
ArbiterPUF,35,2.01,0.28432,0.9587294392058692,0.93176
ArbiterPUF,35,2.02,0.2862,0.9581699014266727,0.93082
ArbiterPUF,35,2.03,0.28848,0.957485921358638,0.92968
ArbiterPUF,35,2.04,0.29028,0.9569417545493559,0.92878
ArbiterPUF,35,2.05,0.29208,0.9563938904029031,0.92788
ArbiterPUF,35,2.06,0.29396,0.955817722371792,0.92694
ArbiterPUF,35,2.07,0.2957,0.9552808539900713,0.92607
ArbiterPUF,35,2.08,0.29782,0.9546220443714882,0.92501
ArbiterPUF,35,2.09,0.29964,0.9540523415410709,0.9241
ArbiterPUF,35,2.1,0.30168,0.9534092393091227,0.92308
ArbiterPUF,35,2.11,0.3037,0.9527677104100454,0.92207
ArbiterPUF,35,2.12,0.30582,0.9520893485382557,0.92101
ArbiterPUF,35,2.13,0.3082,0.9513215860054896,0.91982
ArbiterPUF,35,2.14,0.31014,0.9506908963485451,0.91885
ArbiterPUF,35,2.15,0.31216,0.9500295439616601,0.91784
ArbiterPUF,35,2.16,0.3137,0.9495221482408928,0.91707
ArbiterPUF,35,2.17,0.31586,0.9488058075286007,0.91599
ArbiterPUF,35,2.18,0.31796,0.9481041284584727,0.91494
ArbiterPUF,35,2.19,0.32016,0.9473634858912391,0.91384
ArbiterPUF,35,2.2,0.32196,0.9467532721886943,0.91294
ArbiterPUF,35,2.21,0.32418,0.9459954162679648,0.91183
ArbiterPUF,35,2.22,0.3261,0.9453352791470335,0.91087
ArbiterPUF,35,2.23,0.328,0.9446777228240327,0.90992
ArbiterPUF,35,2.24,0.33022,0.9439039949062615,0.90881
ArbiterPUF,35,2.25,0.33212,0.943237141762346,0.90786
ArbiterPUF,35,2.26,0.33404,0.94255889916758,0.9069
ArbiterPUF,35,2.27,0.33608,0.9418334426001234,0.90588
ArbiterPUF,35,2.28,0.33802,0.941138926832803,0.90491
ArbiterPUF,35,2.29,0.3401,0.940389275778919,0.90387
ArbiterPUF,35,2.3,0.342,0.9396999521123751,0.90292
ArbiterPUF,35,2.31,0.3444,0.938823007813507,0.90172
ArbiterPUF,35,2.32,0.34678,0.9379464971948026,0.90053
ArbiterPUF,35,2.33,0.34878,0.9372046263223416,0.89953
ArbiterPUF,35,2.34,0.3508,0.9364504044528998,0.89852
ArbiterPUF,35,2.35,0.35288,0.9356685874817002,0.89748
ArbiterPUF,35,2.36,0.35466,0.9349953392397204,0.89659
ArbiterPUF,35,2.37,0.35668,0.9342266200446226,0.89558
ArbiterPUF,35,2.38,0.35876,0.9334298379631969,0.89454
ArbiterPUF,35,2.39,0.36074,0.9326664207528863,0.89355
ArbiterPUF,35,2.4,0.3627,0.9319059555556023,0.89257
ArbiterPUF,35,2.41,0.36486,0.9310623933979936,0.89149
ArbiterPUF,35,2.42,0.36668,0.9303471274744712,0.89058
ArbiterPUF,35,2.43,0.36834,0.9296911553844103,0.88975
ArbiterPUF,35,2.44,0.37038,0.9288803236154806,0.88873
ArbiterPUF,35,2.45,0.3723,0.9281124446962232,0.88777
ArbiterPUF,35,2.46,0.37444,0.927251145267559,0.8867
ArbiterPUF,35,2.47,0.37662,0.9263678403312586,0.88561
ArbiterPUF,35,2.48,0.37876,0.9254949283491509,0.88454
ArbiterPUF,35,2.49,0.38074,0.9246821358715652,0.88355
ArbiterPUF,35,2.5,0.38254,0.9239389310988038,0.88265
ArbiterPUF,35,2.51,0.38434,0.9231916184628195,0.88175
ArbiterPUF,35,2.52,0.38626,0.9223899459556136,0.88079
ArbiterPUF,35,2.53,0.38842,0.9214824488833198,0.87971
ArbiterPUF,35,2.54,0.39052,0.9205944436069555,0.87866
ArbiterPUF,35,2.55,0.3924,0.9197946727395195,0.87772
ArbiterPUF,35,2.56,0.3943,0.9189817789270907,0.87677
ArbiterPUF,35,2.57,0.39596,0.9182677596431229,0.87594
ArbiterPUF,35,2.58,0.39804,0.9173680604860842,0.8749
ArbiterPUF,35,2.59,0.4001,0.9164714889182315,0.87387
ArbiterPUF,35,2.6,0.40188,0.9156923422198091,0.87298
ArbiterPUF,35,2.61,0.40364,0.9149178927095042,0.8721
ArbiterPUF,35,2.62,0.4055,0.9140950442924413,0.87117
ArbiterPUF,35,2.63,0.40716,0.9133568494296191,0.87034
ArbiterPUF,35,2.64,0.40888,0.9125881577140919,0.86948
ArbiterPUF,35,2.65,0.4105,0.9118605978986042,0.86867
ArbiterPUF,35,2.66,0.41224,0.9110752890952537,0.8678
ArbiterPUF,35,2.67,0.4142,0.9101858931009644,0.86682
ArbiterPUF,35,2.68,0.41626,0.9092456281995531,0.86579
ArbiterPUF,35,2.69,0.41816,0.9083733893064018,0.86484
ArbiterPUF,35,2.7,0.4199,0.9075703774363728,0.86397
ArbiterPUF,35,2.71,0.42164,0.9067633155349856,0.8631
ArbiterPUF,35,2.72,0.42376,0.9057745096877036,0.86204
ArbiterPUF,35,2.73,0.4257,0.9048643600009891,0.86107
ArbiterPUF,35,2.74,0.42746,0.9040342628462708,0.86019
ArbiterPUF,35,2.75,0.42928,0.9031714574763752,0.85928
ArbiterPUF,35,2.76,0.43088,0.9024092339953089,0.85848
ArbiterPUF,35,2.77,0.43252,0.9016243395117504,0.85766
ArbiterPUF,35,2.78,0.43432,0.9007586455871518,0.85676
ArbiterPUF,35,2.79,0.43622,0.8998400477862717,0.85581
ArbiterPUF,35,2.8,0.43772,0.8991113399351607,0.85506
ArbiterPUF,35,2.81,0.4393,0.8983404198854686,0.85427
ArbiterPUF,35,2.82,0.4411,0.8974579600181838,0.85337
ArbiterPUF,35,2.83,0.4426,0.8967191533585086,0.85262
ArbiterPUF,35,2.84,0.44448,0.8957887751027026,0.85168
ArbiterPUF,35,2.85,0.4459,0.8950827838809101,0.85097
ArbiterPUF,35,2.86,0.44832,0.8938731328326186,0.84976
ArbiterPUF,35,2.87,0.44994,0.8930587866428502,0.84895
ArbiterPUF,35,2.88,0.45162,0.8922103875207911,0.84811
ArbiterPUF,35,2.89,0.45354,0.8912359218523455,0.84715
ArbiterPUF,35,2.9,0.45562,0.8901743737043883,0.84611
ArbiterPUF,35,2.91,0.45772,0.8890963961236149,0.84506
ArbiterPUF,35,2.92,0.45926,0.8883018926018339,0.84429
ArbiterPUF,35,2.93,0.46106,0.8873689629460793,0.84339
ArbiterPUF,35,2.94,0.46312,0.8862955859079972,0.84236
ArbiterPUF,35,2.95,0.46454,0.8855521375955229,0.84165
ArbiterPUF,35,2.96,0.46622,0.8846688146419539,0.84081
ArbiterPUF,35,2.97,0.46806,0.8836966880100888,0.83989
ArbiterPUF,35,2.98,0.46964,0.8828580125931915,0.8391
ArbiterPUF,35,2.99,0.47178,0.8817162988172558,0.83803
ArbiterPUF,35,3.0,0.47338,0.8808583175516936,0.83723
ArbiterPUF,40,0.5,0.0114,0.9999350178886628,0.93335
ArbiterPUF,40,0.51,0.0123,0.9999243521387006,0.9338
ArbiterPUF,40,0.52,0.01328,0.9999118169118715,0.93429
ArbiterPUF,40,0.53,0.01416,0.9998997421741841,0.93473
ArbiterPUF,40,0.54,0.0152,0.9998844733267939,0.93525
ArbiterPUF,40,0.55,0.01622,0.9998684471469234,0.93576
ArbiterPUF,40,0.56,0.01746,0.9998475625814167,0.93638
ArbiterPUF,40,0.57,0.01834,0.999831808055735,0.93682
ArbiterPUF,40,0.58,0.01944,0.9998110253442899,0.93737
ArbiterPUF,40,0.59,0.0204,0.9997918983468509,0.93785
ArbiterPUF,40,0.6,0.02148,0.9997692781837217,0.93839
ArbiterPUF,40,0.61,0.02262,0.999744135066568,0.93896
ArbiterPUF,40,0.62,0.02384,0.9997157868114318,0.93957
ArbiterPUF,40,0.63,0.02522,0.9996819252142154,0.94026
ArbiterPUF,40,0.64,0.02638,0.9996519872435606,0.94084
ArbiterPUF,40,0.65,0.02768,0.9996168353924416,0.94149
ArbiterPUF,40,0.66,0.02888,0.9995828858078754,0.94209
ArbiterPUF,40,0.67,0.03016,0.9995450837255916,0.94273
ArbiterPUF,40,0.68,0.0316,0.9995005952974717,0.94345
ArbiterPUF,40,0.69,0.03292,0.9994579899125327,0.94411
ArbiterPUF,40,0.7,0.03446,0.9994060778282269,0.94488
ArbiterPUF,40,0.71,0.03568,0.9993632660849607,0.94549
ArbiterPUF,40,0.72,0.03688,0.9993197013969054,0.94609
ArbiterPUF,40,0.73,0.03864,0.9992531963421485,0.94697
ArbiterPUF,40,0.74,0.03976,0.9992092585639907,0.94753
ArbiterPUF,40,0.75,0.04094,0.9991616067483776,0.94812
ArbiterPUF,40,0.76,0.04252,0.9990956158446499,0.94891
ArbiterPUF,40,0.77,0.04344,0.9990560376675575,0.94937
ArbiterPUF,40,0.78,0.0446,0.9990049249127855,0.94995
ArbiterPUF,40,0.79,0.04632,0.9989266527628543,0.95081
ArbiterPUF,40,0.8,0.04812,0.9988415618104803,0.95171
ArbiterPUF,40,0.81,0.0494,0.9987790746706702,0.95235
ArbiterPUF,40,0.82,0.0512,0.9986884198787928,0.95325
ArbiterPUF,40,0.83,0.05258,0.9986167150613894,0.95394
ArbiterPUF,40,0.84,0.05422,0.9985290138999466,0.95476
ArbiterPUF,40,0.85,0.05554,0.9984564629466826,0.95542
ArbiterPUF,40,0.86,0.05722,0.9983615936122542,0.95626
ArbiterPUF,40,0.87,0.05872,0.9982744921112631,0.95701
ArbiterPUF,40,0.88,0.06046,0.9981706208860289,0.95788
ArbiterPUF,40,0.89,0.06204,0.9980736638144502,0.95867
ArbiterPUF,40,0.9,0.0635,0.9979818385121043,0.9594
ArbiterPUF,40,0.91,0.06526,0.99786829411501,0.96028
ArbiterPUF,40,0.92,0.0668,0.9977663854830949,0.96105
ArbiterPUF,40,0.93,0.06846,0.9976538620182853,0.96188
ArbiterPUF,40,0.94,0.07024,0.9975301210489839,0.96277
ArbiterPUF,40,0.95,0.07178,0.9974204888611422,0.96354
ArbiterPUF,40,0.96,0.07356,0.9972907932995272,0.96443
ArbiterPUF,40,0.97,0.07528,0.9971624349121861,0.96529
ArbiterPUF,40,0.98,0.07698,0.9970326371789441,0.96614
ArbiterPUF,40,0.99,0.07838,0.9969235555447568,0.96684
ArbiterPUF,40,1.0,0.08032,0.9967691295380289,0.96781
ArbiterPUF,40,1.01,0.08194,0.9966372642039831,0.96862
ArbiterPUF,40,1.02,0.08362,0.996497714799186,0.96946
ArbiterPUF,40,1.03,0.08558,0.9963313021279618,0.97044
ArbiterPUF,40,1.04,0.08724,0.9961873229468443,0.97127
ArbiterPUF,40,1.05,0.08896,0.9960351993780141,0.97213
ArbiterPUF,40,1.06,0.09056,0.9958910012646967,0.97293
ArbiterPUF,40,1.07,0.09244,0.9957182565364563,0.97387
ArbiterPUF,40,1.08,0.09442,0.9955324523088136,0.97486
ArbiterPUF,40,1.09,0.09614,0.9953678216619223,0.97572
ArbiterPUF,40,1.1,0.09796,0.9951903528471325,0.97663
ArbiterPUF,40,1.11,0.09952,0.9950355619775607,0.97741
ArbiterPUF,40,1.12,0.1013,0.9948559242422995,0.9783
ArbiterPUF,40,1.13,0.1033,0.9946502450610466,0.9793
ArbiterPUF,40,1.14,0.10492,0.9944806652720805,0.98011
ArbiterPUF,40,1.15,0.10686,0.9942740771034915,0.98108
ArbiterPUF,40,1.16,0.10844,0.9941029958711523,0.98187
ArbiterPUF,40,1.17,0.11082,0.9938404940431838,0.98306
ArbiterPUF,40,1.18,0.11236,0.9936675653356107,0.98383
ArbiterPUF,40,1.19,0.1143,0.9934462793729714,0.9848
ArbiterPUF,40,1.2,0.11606,0.9932422042986294,0.98568
ArbiterPUF,40,1.21,0.11788,0.9930278473436683,0.98659
ArbiterPUF,40,1.22,0.11974,0.9928052842325124,0.98752
ArbiterPUF,40,1.23,0.1216,0.9925791857579926,0.98845
ArbiterPUF,40,1.24,0.12352,0.9923420829532525,0.98941
ArbiterPUF,40,1.25,0.12564,0.9920758995157579,0.99047
ArbiterPUF,40,1.26,0.1275,0.9918385705345403,0.9914
ArbiterPUF,40,1.27,0.12954,0.9915741971229386,0.99242
ArbiterPUF,40,1.28,0.1315,0.9913161705530684,0.9934
ArbiterPUF,40,1.29,0.13342,0.9910595863014496,0.99436
ArbiterPUF,40,1.3,0.1354,0.9907910173189906,0.99535
ArbiterPUF,40,1.31,0.13724,0.9905378248204356,0.99627
ArbiterPUF,40,1.32,0.13906,0.9902839574586675,0.99718
ArbiterPUF,40,1.33,0.14104,0.9900038981741435,0.99817
ArbiterPUF,40,1.34,0.14326,0.989685087489955,0.99928
ArbiterPUF,40,1.35,0.1447,0.9894755732204812,1.0
ArbiterPUF,40,1.36,0.14638,0.9892284344882125,0.99916
ArbiterPUF,40,1.37,0.14826,0.9889484174616997,0.99822
ArbiterPUF,40,1.38,0.14992,0.9886981306748789,0.99739
ArbiterPUF,40,1.39,0.15146,0.9884633874858492,0.99662
ArbiterPUF,40,1.4,0.15386,0.9880926578008762,0.99542
ArbiterPUF,40,1.41,0.15598,0.9877602136146201,0.99436
ArbiterPUF,40,1.42,0.15804,0.9874327108213501,0.99333
ArbiterPUF,40,1.43,0.16008,0.987104043958893,0.99231
ArbiterPUF,40,1.44,0.16218,0.98676119076502,0.99126
ArbiterPUF,40,1.45,0.16386,0.9864836037157433,0.99042
ArbiterPUF,40,1.46,0.16584,0.9861526729670209,0.98943
ArbiterPUF,40,1.47,0.16796,0.9857938113013288,0.98837
ArbiterPUF,40,1.48,0.16996,0.9854509619458496,0.98735
ArbiterPUF,40,1.49,0.17226,0.9850515176375296,0.9862
ArbiterPUF,40,1.5,0.17484,0.9845968588209084,0.98491
ArbiterPUF,40,1.51,0.17702,0.9842072543930979,0.98382
ArbiterPUF,40,1.52,0.1786,0.983921765182578,0.98303
ArbiterPUF,40,1.53,0.18062,0.9835529551579825,0.98202
ArbiterPUF,40,1.54,0.18236,0.9832318294278315,0.98115
ArbiterPUF,40,1.55,0.18436,0.9828587845667351,0.98015
ArbiterPUF,40,1.56,0.18634,0.9824853201956761,0.97916
ArbiterPUF,40,1.57,0.1882,0.9821307244964896,0.97823
ArbiterPUF,40,1.58,0.19094,0.9816017096562129,0.97686
ArbiterPUF,40,1.59,0.19294,0.9812105566085192,0.97586
ArbiterPUF,40,1.6,0.19514,0.9807753975299341,0.97476
ArbiterPUF,40,1.61,0.19752,0.980298857287919,0.97357
ArbiterPUF,40,1.62,0.19954,0.9798896817499406,0.97256
ArbiterPUF,40,1.63,0.20182,0.9794226297160997,0.97142
ArbiterPUF,40,1.64,0.20416,0.9789375334514454,0.97025
ArbiterPUF,40,1.65,0.20632,0.9784845719785263,0.96917
ArbiterPUF,40,1.66,0.20864,0.9779925104007697,0.96801
ArbiterPUF,40,1.67,0.21054,0.9775852435465665,0.96706
ArbiterPUF,40,1.68,0.21258,0.9771436657933161,0.96604
ArbiterPUF,40,1.69,0.21432,0.976763501365607,0.96517
ArbiterPUF,40,1.7,0.21604,0.9763845136010708,0.96431
ArbiterPUF,40,1.71,0.21798,0.9759532363796946,0.96334
ArbiterPUF,40,1.72,0.2203,0.9754321657603875,0.96218
ArbiterPUF,40,1.73,0.22244,0.9749463812948893,0.96111
ArbiterPUF,40,1.74,0.22454,0.9744648728404735,0.96006
ArbiterPUF,40,1.75,0.2268,0.9739413534705259,0.95893
ArbiterPUF,40,1.76,0.22896,0.9734358316807534,0.95785
ArbiterPUF,40,1.77,0.2309,0.9729774868926824,0.95688
ArbiterPUF,40,1.78,0.23306,0.9724623573177524,0.9558
ArbiterPUF,40,1.79,0.23494,0.9720098746411991,0.95486
ArbiterPUF,40,1.8,0.2369,0.9715340395477657,0.95388
ArbiterPUF,40,1.81,0.2392,0.9709703188048541,0.95273
ArbiterPUF,40,1.82,0.24118,0.9704804004203278,0.95174
ArbiterPUF,40,1.83,0.24358,0.9698808089657202,0.95054
ArbiterPUF,40,1.84,0.24534,0.9694370966700213,0.94966
ArbiterPUF,40,1.85,0.24706,0.9690001839009112,0.9488
ArbiterPUF,40,1.86,0.24892,0.9685240490560882,0.94787
ArbiterPUF,40,1.87,0.2511,0.9679611510799386,0.94678
ArbiterPUF,40,1.88,0.2531,0.9674401221781117,0.94578
ArbiterPUF,40,1.89,0.25532,0.9668566065348058,0.94467
ArbiterPUF,40,1.9,0.25724,0.9663475474175944,0.94371
ArbiterPUF,40,1.91,0.25986,0.9656463019139047,0.9424
ArbiterPUF,40,1.92,0.26182,0.9651167222673123,0.94142
ArbiterPUF,40,1.93,0.2638,0.9645773996937725,0.94043
ArbiterPUF,40,1.94,0.26554,0.9640998435846778,0.93956
ArbiterPUF,40,1.95,0.26756,0.9635412011948424,0.93855
ArbiterPUF,40,1.96,0.26966,0.9629555983533198,0.9375
ArbiterPUF,40,1.97,0.27158,0.9624158683230447,0.93654
ArbiterPUF,40,1.98,0.27372,0.9618094206234415,0.93547
ArbiterPUF,40,1.99,0.27564,0.9612609377271085,0.93451
ArbiterPUF,40,2.0,0.2775,0.9607256372138717,0.93358
ArbiterPUF,40,2.01,0.27972,0.9600816223634322,0.93247
ArbiterPUF,40,2.02,0.28182,0.9594672936583092,0.93142
ArbiterPUF,40,2.03,0.2837,0.9589130878239174,0.93048
ArbiterPUF,40,2.04,0.28566,0.958331030698683,0.9295
ArbiterPUF,40,2.05,0.2877,0.9577205803364569,0.92848
ArbiterPUF,40,2.06,0.28972,0.9571114468023042,0.92747
ArbiterPUF,40,2.07,0.29136,0.9566134801475463,0.92665
ArbiterPUF,40,2.08,0.2933,0.9560204548020926,0.92568
ArbiterPUF,40,2.09,0.29498,0.9555034273093946,0.92484
ArbiterPUF,40,2.1,0.29672,0.954964523738971,0.92397
ArbiterPUF,40,2.11,0.29894,0.9542719090489881,0.92286
ArbiterPUF,40,2.12,0.30094,0.9536430759985625,0.92186
ArbiterPUF,40,2.13,0.30286,0.953035057277538,0.9209
ArbiterPUF,40,2.14,0.30524,0.9522754551073969,0.91971
ArbiterPUF,40,2.15,0.30714,0.9516643422972199,0.91876
ArbiterPUF,40,2.16,0.30954,0.9508864224501263,0.91756
ArbiterPUF,40,2.17,0.31148,0.9502527082834333,0.91659
ArbiterPUF,40,2.18,0.31318,0.9496937862279612,0.91574
ArbiterPUF,40,2.19,0.31492,0.9491182189801227,0.91487
ArbiterPUF,40,2.2,0.31716,0.9483720442948536,0.91375
ArbiterPUF,40,2.21,0.31912,0.9477143164477363,0.91277
ArbiterPUF,40,2.22,0.32132,0.9469706740971446,0.91167
ArbiterPUF,40,2.23,0.32316,0.9463443424039688,0.91075
ArbiterPUF,40,2.24,0.3252,0.9456452611841292,0.90973
ArbiterPUF,40,2.25,0.3271,0.9449897301029254,0.90878
ArbiterPUF,40,2.26,0.32912,0.9442881051882416,0.90777
ArbiterPUF,40,2.27,0.33152,0.9434481912643642,0.90657
ArbiterPUF,40,2.28,0.33318,0.94286323907553,0.90574
ArbiterPUF,40,2.29,0.33496,0.9422323484151879,0.90485
ArbiterPUF,40,2.3,0.33702,0.9414974878352038,0.90382
ArbiterPUF,40,2.31,0.3391,0.9407503335104378,0.90278
ArbiterPUF,40,2.32,0.34098,0.9400705503311971,0.90184
ArbiterPUF,40,2.33,0.3431,0.939298882145614,0.90078
ArbiterPUF,40,2.34,0.34552,0.9384113861201812,0.89957
ArbiterPUF,40,2.35,0.34772,0.9375984223536215,0.89847
ArbiterPUF,40,2.36,0.34962,0.936891592234662,0.89752
ArbiterPUF,40,2.37,0.35176,0.9360902212927983,0.89645
ArbiterPUF,40,2.38,0.35378,0.9353286650156724,0.89544
ArbiterPUF,40,2.39,0.35576,0.9345773496078321,0.89445
ArbiterPUF,40,2.4,0.3575,0.9339131383592374,0.89358
ArbiterPUF,40,2.41,0.3596,0.9331065534010572,0.89253
ArbiterPUF,40,2.42,0.36138,0.9324186267980706,0.89164
ArbiterPUF,40,2.43,0.36362,0.9315473662675453,0.89052
ArbiterPUF,40,2.44,0.36558,0.9307799222157729,0.88954
ArbiterPUF,40,2.45,0.3675,0.9300235212079316,0.88858
ArbiterPUF,40,2.46,0.36914,0.9293738001471745,0.88776
ArbiterPUF,40,2.47,0.3711,0.928592908652656,0.88678
ArbiterPUF,40,2.48,0.3732,0.9277509148472989,0.88573
ArbiterPUF,40,2.49,0.37536,0.9268791023644884,0.88465
ArbiterPUF,40,2.5,0.37742,0.9260421932071994,0.88362
ArbiterPUF,40,2.51,0.37948,0.9251999403372224,0.88259
ArbiterPUF,40,2.52,0.38158,0.924335817546848,0.88154
ArbiterPUF,40,2.53,0.38342,0.9235740921008989,0.88062
ArbiterPUF,40,2.54,0.38528,0.9227997191156919,0.87969
ArbiterPUF,40,2.55,0.3871,0.922037737839401,0.87878
ArbiterPUF,40,2.56,0.38914,0.9211786256747385,0.87776
ArbiterPUF,40,2.57,0.39102,0.9203821812703676,0.87682
ArbiterPUF,40,2.58,0.39322,0.9194444146330978,0.87572
ArbiterPUF,40,2.59,0.39486,0.9187413022173324,0.8749
ArbiterPUF,40,2.6,0.3967,0.9179483155385164,0.87398
ArbiterPUF,40,2.61,0.39872,0.9170727133657396,0.87297
ArbiterPUF,40,2.62,0.40066,0.9162268083831644,0.872
ArbiterPUF,40,2.63,0.40242,0.9154551565205147,0.87112
ArbiterPUF,40,2.64,0.40414,0.9146971413533554,0.87026
ArbiterPUF,40,2.65,0.406,0.9138730765264946,0.86933
ArbiterPUF,40,2.66,0.40778,0.9130802109343954,0.86844
ArbiterPUF,40,2.67,0.4094,0.9123549966981054,0.86763
ArbiterPUF,40,2.68,0.41108,0.9115992724876429,0.86679
ArbiterPUF,40,2.69,0.41274,0.9108488856006796,0.86596
ArbiterPUF,40,2.7,0.4149,0.9098670177558916,0.86488
ArbiterPUF,40,2.71,0.41672,0.9090348956998295,0.86397
ArbiterPUF,40,2.72,0.41858,0.9081799290889444,0.86304
ArbiterPUF,40,2.73,0.42032,0.907375940611167,0.86217
ArbiterPUF,40,2.74,0.42232,0.9064468090296307,0.86117
ArbiterPUF,40,2.75,0.42448,0.9054373140090927,0.86009
ArbiterPUF,40,2.76,0.42614,0.9046572281256586,0.85926
ArbiterPUF,40,2.77,0.4279,0.9038260839342933,0.85838
ArbiterPUF,40,2.78,0.42968,0.9029812277118502,0.85749
ArbiterPUF,40,2.79,0.4314,0.9021607617270883,0.85663
ArbiterPUF,40,2.8,0.4331,0.9013458770083769,0.85578
ArbiterPUF,40,2.81,0.43492,0.9004690964158624,0.85487
ArbiterPUF,40,2.82,0.43644,0.899733364058486,0.85411
ArbiterPUF,40,2.83,0.43814,0.8989067473325584,0.85326
ArbiterPUF,40,2.84,0.43966,0.8981642858631155,0.8525
ArbiterPUF,40,2.85,0.4415,0.8972612495811909,0.85158
ArbiterPUF,40,2.86,0.4431,0.8964721914259248,0.85078
ArbiterPUF,40,2.87,0.4449,0.8955802532436723,0.84988
ArbiterPUF,40,2.88,0.44654,0.8947636718150777,0.84906
ArbiterPUF,40,2.89,0.44856,0.8937527210587949,0.84805
ArbiterPUF,40,2.9,0.45032,0.8928672340275459,0.84717
ArbiterPUF,40,2.91,0.45216,0.8919368444009924,0.84625
ArbiterPUF,40,2.92,0.45396,0.8910220639243452,0.84535
ArbiterPUF,40,2.93,0.45604,0.8899592790684301,0.84431
ArbiterPUF,40,2.94,0.45808,0.8889109705701691,0.84329
ArbiterPUF,40,2.95,0.4596,0.8881260270930021,0.84253
ArbiterPUF,40,2.96,0.46148,0.8871506126921178,0.84159
ArbiterPUF,40,2.97,0.46336,0.8861701362605263,0.84065
ArbiterPUF,40,2.98,0.46488,0.8853736982766092,0.83989
ArbiterPUF,40,2.99,0.46654,0.884500100847931,0.83906
ArbiterPUF,40,3.0,0.46826,0.8835907267507961,0.8382
